ISO-10303-21;
HEADER;
/* Generated by software containing ST-Developer
 * from STEP Tools, Inc. (www.steptools.com) 
 */

FILE_DESCRIPTION(
/* description */ (''),
/* implementation_level */ '2;1');

FILE_NAME(
/* name */ 'Cable_Management_B v1.step',
/* time_stamp */ '2026-01-18T14:03:45-07:00',
/* author */ (''),
/* organization */ (''),
/* preprocessor_version */ 'ST-DEVELOPER v20.1',
/* originating_system */ 'Autodesk Translation Framework v14.21.0.0',
/* authorisation */ '');

FILE_SCHEMA (('AUTOMOTIVE_DESIGN { 1 0 10303 214 3 1 1 }'));
ENDSEC;

DATA;
#10=MECHANICAL_DESIGN_GEOMETRIC_PRESENTATION_REPRESENTATION('',(#13),#5206);
#11=SHAPE_REPRESENTATION_RELATIONSHIP('SRR','None',#5216,#12);
#12=ADVANCED_BREP_SHAPE_REPRESENTATION('',(#14),#5205);
#13=STYLED_ITEM('',(#5225),#14);
#14=MANIFOLD_SOLID_BREP('Body1',#2594);
#15=FACE_BOUND('',#363,.T.);
#16=FACE_BOUND('',#364,.T.);
#17=FACE_BOUND('',#365,.T.);
#18=FACE_BOUND('',#366,.T.);
#19=FACE_BOUND('',#367,.T.);
#20=FACE_BOUND('',#368,.T.);
#21=FACE_BOUND('',#369,.T.);
#22=FACE_BOUND('',#370,.T.);
#23=FACE_BOUND('',#371,.T.);
#24=FACE_BOUND('',#372,.T.);
#25=FACE_BOUND('',#373,.T.);
#26=FACE_BOUND('',#374,.T.);
#27=FACE_BOUND('',#375,.T.);
#28=FACE_BOUND('',#376,.T.);
#29=FACE_BOUND('',#381,.T.);
#30=FACE_BOUND('',#382,.T.);
#31=PLANE('',#2623);
#32=PLANE('',#2626);
#33=PLANE('',#2627);
#34=PLANE('',#2628);
#35=PLANE('',#2640);
#36=PLANE('',#2641);
#37=PLANE('',#2642);
#38=PLANE('',#2643);
#39=PLANE('',#2659);
#40=PLANE('',#2662);
#41=PLANE('',#2663);
#42=PLANE('',#2664);
#43=PLANE('',#2676);
#44=PLANE('',#2677);
#45=PLANE('',#2678);
#46=PLANE('',#2679);
#47=PLANE('',#2695);
#48=PLANE('',#2698);
#49=PLANE('',#2699);
#50=PLANE('',#2700);
#51=PLANE('',#2712);
#52=PLANE('',#2713);
#53=PLANE('',#2714);
#54=PLANE('',#2715);
#55=PLANE('',#2731);
#56=PLANE('',#2734);
#57=PLANE('',#2735);
#58=PLANE('',#2736);
#59=PLANE('',#2748);
#60=PLANE('',#2749);
#61=PLANE('',#2750);
#62=PLANE('',#2751);
#63=PLANE('',#2767);
#64=PLANE('',#2770);
#65=PLANE('',#2771);
#66=PLANE('',#2772);
#67=PLANE('',#2784);
#68=PLANE('',#2785);
#69=PLANE('',#2786);
#70=PLANE('',#2787);
#71=PLANE('',#2788);
#72=PLANE('',#2800);
#73=PLANE('',#2801);
#74=PLANE('',#2804);
#75=PLANE('',#2811);
#76=PLANE('',#2813);
#77=PLANE('',#2815);
#78=PLANE('',#2817);
#79=PLANE('',#2819);
#80=PLANE('',#2822);
#81=PLANE('',#2823);
#82=PLANE('',#2824);
#83=PLANE('',#2825);
#84=PLANE('',#2826);
#85=PLANE('',#2827);
#86=PLANE('',#2828);
#87=PLANE('',#2842);
#88=PLANE('',#2845);
#89=PLANE('',#2846);
#90=PLANE('',#2847);
#91=PLANE('',#2857);
#92=PLANE('',#2858);
#93=PLANE('',#2859);
#94=PLANE('',#2860);
#95=B_SPLINE_SURFACE_WITH_KNOTS('',3,3,((#3620,#3621,#3622,#3623,#3624,
#3625),(#3626,#3627,#3628,#3629,#3630,#3631),(#3632,#3633,#3634,#3635,#3636,
#3637),(#3638,#3639,#3640,#3641,#3642,#3643),(#3644,#3645,#3646,#3647,#3648,
#3649),(#3650,#3651,#3652,#3653,#3654,#3655)),.UNSPECIFIED.,.F.,.F.,.F.,
(4,1,1,4),(4,1,1,4),(0.,0.285714285714286,0.571428571428571,1.),(-1.57079632679489,
-0.897597901025652,-0.448798950512826,0.),.UNSPECIFIED.);
#96=B_SPLINE_SURFACE_WITH_KNOTS('',3,3,((#3667,#3668,#3669,#3670,#3671,
#3672),(#3673,#3674,#3675,#3676,#3677,#3678),(#3679,#3680,#3681,#3682,#3683,
#3684),(#3685,#3686,#3687,#3688,#3689,#3690),(#3691,#3692,#3693,#3694,#3695,
#3696),(#3697,#3698,#3699,#3700,#3701,#3702)),.UNSPECIFIED.,.F.,.F.,.F.,
(4,1,1,4),(4,1,1,4),(0.,0.285714285714286,0.571428571428571,1.),(0.,0.673198425769245,
1.12199737628208,1.57079632679491),.UNSPECIFIED.);
#97=B_SPLINE_SURFACE_WITH_KNOTS('',3,3,((#3746,#3747,#3748,#3749,#3750,
#3751),(#3752,#3753,#3754,#3755,#3756,#3757),(#3758,#3759,#3760,#3761,#3762,
#3763),(#3764,#3765,#3766,#3767,#3768,#3769),(#3770,#3771,#3772,#3773,#3774,
#3775),(#3776,#3777,#3778,#3779,#3780,#3781)),.UNSPECIFIED.,.F.,.F.,.F.,
(4,1,1,4),(4,1,1,4),(0.,0.285714285714286,0.571428571428571,1.),(-1.57079632679489,
-0.897597901025654,-0.448798950512827,0.),.UNSPECIFIED.);
#98=B_SPLINE_SURFACE_WITH_KNOTS('',3,3,((#3791,#3792,#3793,#3794,#3795,
#3796),(#3797,#3798,#3799,#3800,#3801,#3802),(#3803,#3804,#3805,#3806,#3807,
#3808),(#3809,#3810,#3811,#3812,#3813,#3814),(#3815,#3816,#3817,#3818,#3819,
#3820),(#3821,#3822,#3823,#3824,#3825,#3826)),.UNSPECIFIED.,.F.,.F.,.F.,
(4,1,1,4),(4,1,1,4),(0.,0.285714285714286,0.571428571428571,1.),(0.,0.67319842576924,
1.12199737628207,1.57079632679489),.UNSPECIFIED.);
#99=B_SPLINE_SURFACE_WITH_KNOTS('',3,3,((#3864,#3865,#3866,#3867,#3868,
#3869),(#3870,#3871,#3872,#3873,#3874,#3875),(#3876,#3877,#3878,#3879,#3880,
#3881),(#3882,#3883,#3884,#3885,#3886,#3887),(#3888,#3889,#3890,#3891,#3892,
#3893),(#3894,#3895,#3896,#3897,#3898,#3899)),.UNSPECIFIED.,.F.,.F.,.F.,
(4,1,1,4),(4,1,1,4),(0.,0.285714285714286,0.571428571428571,1.),(-1.57079632679489,
-0.897597901025652,-0.448798950512826,0.),.UNSPECIFIED.);
#100=B_SPLINE_SURFACE_WITH_KNOTS('',3,3,((#3911,#3912,#3913,#3914,#3915,
#3916),(#3917,#3918,#3919,#3920,#3921,#3922),(#3923,#3924,#3925,#3926,#3927,
#3928),(#3929,#3930,#3931,#3932,#3933,#3934),(#3935,#3936,#3937,#3938,#3939,
#3940),(#3941,#3942,#3943,#3944,#3945,#3946)),.UNSPECIFIED.,.F.,.F.,.F.,
(4,1,1,4),(4,1,1,4),(0.,0.285714285714286,0.571428571428571,1.),(0.,0.673198425769245,
1.12199737628208,1.57079632679491),.UNSPECIFIED.);
#101=B_SPLINE_SURFACE_WITH_KNOTS('',3,3,((#3990,#3991,#3992,#3993,#3994,
#3995),(#3996,#3997,#3998,#3999,#4000,#4001),(#4002,#4003,#4004,#4005,#4006,
#4007),(#4008,#4009,#4010,#4011,#4012,#4013),(#4014,#4015,#4016,#4017,#4018,
#4019),(#4020,#4021,#4022,#4023,#4024,#4025)),.UNSPECIFIED.,.F.,.F.,.F.,
(4,1,1,4),(4,1,1,4),(0.,0.285714285714286,0.571428571428571,1.),(-1.57079632679489,
-0.897597901025654,-0.448798950512827,0.),.UNSPECIFIED.);
#102=B_SPLINE_SURFACE_WITH_KNOTS('',3,3,((#4035,#4036,#4037,#4038,#4039,
#4040),(#4041,#4042,#4043,#4044,#4045,#4046),(#4047,#4048,#4049,#4050,#4051,
#4052),(#4053,#4054,#4055,#4056,#4057,#4058),(#4059,#4060,#4061,#4062,#4063,
#4064),(#4065,#4066,#4067,#4068,#4069,#4070)),.UNSPECIFIED.,.F.,.F.,.F.,
(4,1,1,4),(4,1,1,4),(0.,0.285714285714286,0.571428571428571,1.),(0.,0.67319842576924,
1.12199737628207,1.57079632679489),.UNSPECIFIED.);
#103=B_SPLINE_SURFACE_WITH_KNOTS('',3,3,((#4108,#4109,#4110,#4111,#4112,
#4113),(#4114,#4115,#4116,#4117,#4118,#4119),(#4120,#4121,#4122,#4123,#4124,
#4125),(#4126,#4127,#4128,#4129,#4130,#4131),(#4132,#4133,#4134,#4135,#4136,
#4137),(#4138,#4139,#4140,#4141,#4142,#4143)),.UNSPECIFIED.,.F.,.F.,.F.,
(4,1,1,4),(4,1,1,4),(0.,0.285714285714286,0.571428571428571,1.),(-1.57079632679489,
-0.897597901025652,-0.448798950512826,0.),.UNSPECIFIED.);
#104=B_SPLINE_SURFACE_WITH_KNOTS('',3,3,((#4155,#4156,#4157,#4158,#4159,
#4160),(#4161,#4162,#4163,#4164,#4165,#4166),(#4167,#4168,#4169,#4170,#4171,
#4172),(#4173,#4174,#4175,#4176,#4177,#4178),(#4179,#4180,#4181,#4182,#4183,
#4184),(#4185,#4186,#4187,#4188,#4189,#4190)),.UNSPECIFIED.,.F.,.F.,.F.,
(4,1,1,4),(4,1,1,4),(0.,0.285714285714286,0.571428571428571,1.),(0.,0.673198425769245,
1.12199737628208,1.57079632679491),.UNSPECIFIED.);
#105=B_SPLINE_SURFACE_WITH_KNOTS('',3,3,((#4234,#4235,#4236,#4237,#4238,
#4239),(#4240,#4241,#4242,#4243,#4244,#4245),(#4246,#4247,#4248,#4249,#4250,
#4251),(#4252,#4253,#4254,#4255,#4256,#4257),(#4258,#4259,#4260,#4261,#4262,
#4263),(#4264,#4265,#4266,#4267,#4268,#4269)),.UNSPECIFIED.,.F.,.F.,.F.,
(4,1,1,4),(4,1,1,4),(0.,0.285714285714286,0.571428571428571,1.),(-1.57079632679489,
-0.897597901025654,-0.448798950512827,0.),.UNSPECIFIED.);
#106=B_SPLINE_SURFACE_WITH_KNOTS('',3,3,((#4279,#4280,#4281,#4282,#4283,
#4284),(#4285,#4286,#4287,#4288,#4289,#4290),(#4291,#4292,#4293,#4294,#4295,
#4296),(#4297,#4298,#4299,#4300,#4301,#4302),(#4303,#4304,#4305,#4306,#4307,
#4308),(#4309,#4310,#4311,#4312,#4313,#4314)),.UNSPECIFIED.,.F.,.F.,.F.,
(4,1,1,4),(4,1,1,4),(0.,0.285714285714286,0.571428571428571,1.),(0.,0.67319842576924,
1.12199737628207,1.57079632679489),.UNSPECIFIED.);
#107=B_SPLINE_SURFACE_WITH_KNOTS('',3,3,((#4352,#4353,#4354,#4355,#4356,
#4357),(#4358,#4359,#4360,#4361,#4362,#4363),(#4364,#4365,#4366,#4367,#4368,
#4369),(#4370,#4371,#4372,#4373,#4374,#4375),(#4376,#4377,#4378,#4379,#4380,
#4381),(#4382,#4383,#4384,#4385,#4386,#4387)),.UNSPECIFIED.,.F.,.F.,.F.,
(4,1,1,4),(4,1,1,4),(0.,0.285714285714286,0.571428571428571,1.),(-1.57079632679489,
-0.897597901025652,-0.448798950512826,0.),.UNSPECIFIED.);
#108=B_SPLINE_SURFACE_WITH_KNOTS('',3,3,((#4399,#4400,#4401,#4402,#4403,
#4404),(#4405,#4406,#4407,#4408,#4409,#4410),(#4411,#4412,#4413,#4414,#4415,
#4416),(#4417,#4418,#4419,#4420,#4421,#4422),(#4423,#4424,#4425,#4426,#4427,
#4428),(#4429,#4430,#4431,#4432,#4433,#4434)),.UNSPECIFIED.,.F.,.F.,.F.,
(4,1,1,4),(4,1,1,4),(0.,0.285714285714286,0.571428571428571,1.),(0.,0.673198425769245,
1.12199737628208,1.57079632679491),.UNSPECIFIED.);
#109=B_SPLINE_SURFACE_WITH_KNOTS('',3,3,((#4478,#4479,#4480,#4481,#4482,
#4483),(#4484,#4485,#4486,#4487,#4488,#4489),(#4490,#4491,#4492,#4493,#4494,
#4495),(#4496,#4497,#4498,#4499,#4500,#4501),(#4502,#4503,#4504,#4505,#4506,
#4507),(#4508,#4509,#4510,#4511,#4512,#4513)),.UNSPECIFIED.,.F.,.F.,.F.,
(4,1,1,4),(4,1,1,4),(0.,0.285714285714286,0.571428571428571,1.),(-1.57079632679489,
-0.897597901025654,-0.448798950512827,0.),.UNSPECIFIED.);
#110=B_SPLINE_SURFACE_WITH_KNOTS('',3,3,((#4523,#4524,#4525,#4526,#4527,
#4528),(#4529,#4530,#4531,#4532,#4533,#4534),(#4535,#4536,#4537,#4538,#4539,
#4540),(#4541,#4542,#4543,#4544,#4545,#4546),(#4547,#4548,#4549,#4550,#4551,
#4552),(#4553,#4554,#4555,#4556,#4557,#4558)),.UNSPECIFIED.,.F.,.F.,.F.,
(4,1,1,4),(4,1,1,4),(0.,0.285714285714286,0.571428571428571,1.),(0.,0.67319842576924,
1.12199737628207,1.57079632679489),.UNSPECIFIED.);
#111=B_SPLINE_SURFACE_WITH_KNOTS('',3,3,((#4596,#4597,#4598,#4599,#4600,
#4601),(#4602,#4603,#4604,#4605,#4606,#4607),(#4608,#4609,#4610,#4611,#4612,
#4613),(#4614,#4615,#4616,#4617,#4618,#4619),(#4620,#4621,#4622,#4623,#4624,
#4625),(#4626,#4627,#4628,#4629,#4630,#4631)),.UNSPECIFIED.,.F.,.F.,.F.,
(4,1,1,4),(4,1,1,4),(0.,0.285714285714286,0.571428571428571,1.),(-1.57079632679489,
-0.897597901025652,-0.448798950512826,0.),.UNSPECIFIED.);
#112=B_SPLINE_SURFACE_WITH_KNOTS('',3,3,((#4643,#4644,#4645,#4646,#4647,
#4648),(#4649,#4650,#4651,#4652,#4653,#4654),(#4655,#4656,#4657,#4658,#4659,
#4660),(#4661,#4662,#4663,#4664,#4665,#4666),(#4667,#4668,#4669,#4670,#4671,
#4672),(#4673,#4674,#4675,#4676,#4677,#4678)),.UNSPECIFIED.,.F.,.F.,.F.,
(4,1,1,4),(4,1,1,4),(0.,0.285714285714286,0.571428571428571,1.),(0.,0.673198425769245,
1.12199737628208,1.57079632679491),.UNSPECIFIED.);
#113=B_SPLINE_SURFACE_WITH_KNOTS('',3,3,((#4722,#4723,#4724,#4725,#4726,
#4727),(#4728,#4729,#4730,#4731,#4732,#4733),(#4734,#4735,#4736,#4737,#4738,
#4739),(#4740,#4741,#4742,#4743,#4744,#4745),(#4746,#4747,#4748,#4749,#4750,
#4751),(#4752,#4753,#4754,#4755,#4756,#4757)),.UNSPECIFIED.,.F.,.F.,.F.,
(4,1,1,4),(4,1,1,4),(0.,0.285714285714286,0.571428571428571,1.),(-1.57079632679489,
-0.897597901025654,-0.448798950512827,0.),.UNSPECIFIED.);
#114=B_SPLINE_SURFACE_WITH_KNOTS('',3,3,((#4767,#4768,#4769,#4770,#4771,
#4772),(#4773,#4774,#4775,#4776,#4777,#4778),(#4779,#4780,#4781,#4782,#4783,
#4784),(#4785,#4786,#4787,#4788,#4789,#4790),(#4791,#4792,#4793,#4794,#4795,
#4796),(#4797,#4798,#4799,#4800,#4801,#4802)),.UNSPECIFIED.,.F.,.F.,.F.,
(4,1,1,4),(4,1,1,4),(0.,0.285714285714286,0.571428571428571,1.),(0.,0.67319842576924,
1.12199737628207,1.57079632679489),.UNSPECIFIED.);
#115=B_SPLINE_SURFACE_WITH_KNOTS('',3,3,((#4989,#4990,#4991,#4992,#4993,
#4994),(#4995,#4996,#4997,#4998,#4999,#5000),(#5001,#5002,#5003,#5004,#5005,
#5006),(#5007,#5008,#5009,#5010,#5011,#5012),(#5013,#5014,#5015,#5016,#5017,
#5018),(#5019,#5020,#5021,#5022,#5023,#5024)),.UNSPECIFIED.,.F.,.F.,.F.,
(4,1,1,4),(4,1,1,4),(0.,0.285714285714286,0.571428571428571,1.),(-1.57079632679489,
-0.897597901025652,-0.448798950512826,0.),.UNSPECIFIED.);
#116=B_SPLINE_SURFACE_WITH_KNOTS('',3,3,((#5036,#5037,#5038,#5039,#5040,
#5041),(#5042,#5043,#5044,#5045,#5046,#5047),(#5048,#5049,#5050,#5051,#5052,
#5053),(#5054,#5055,#5056,#5057,#5058,#5059),(#5060,#5061,#5062,#5063,#5064,
#5065),(#5066,#5067,#5068,#5069,#5070,#5071)),.UNSPECIFIED.,.F.,.F.,.F.,
(4,1,1,4),(4,1,1,4),(0.,0.285714285714286,0.571428571428571,1.),(0.,0.673198425769245,
1.12199737628208,1.57079632679491),.UNSPECIFIED.);
#117=B_SPLINE_SURFACE_WITH_KNOTS('',3,3,((#5104,#5105,#5106,#5107,#5108,
#5109),(#5110,#5111,#5112,#5113,#5114,#5115),(#5116,#5117,#5118,#5119,#5120,
#5121),(#5122,#5123,#5124,#5125,#5126,#5127),(#5128,#5129,#5130,#5131,#5132,
#5133),(#5134,#5135,#5136,#5137,#5138,#5139)),.UNSPECIFIED.,.F.,.F.,.F.,
(4,1,1,4),(4,1,1,4),(0.,0.285714285714286,0.571428571428571,1.),(-1.57079632679489,
-0.897597901025654,-0.448798950512827,0.),.UNSPECIFIED.);
#118=B_SPLINE_SURFACE_WITH_KNOTS('',3,3,((#5147,#5148,#5149,#5150,#5151,
#5152),(#5153,#5154,#5155,#5156,#5157,#5158),(#5159,#5160,#5161,#5162,#5163,
#5164),(#5165,#5166,#5167,#5168,#5169,#5170),(#5171,#5172,#5173,#5174,#5175,
#5176),(#5177,#5178,#5179,#5180,#5181,#5182)),.UNSPECIFIED.,.F.,.F.,.F.,
(4,1,1,4),(4,1,1,4),(0.,0.285714285714286,0.571428571428571,1.),(0.,0.67319842576924,
1.12199737628207,1.57079632679489),.UNSPECIFIED.);
#119=FACE_OUTER_BOUND('',#262,.T.);
#120=FACE_OUTER_BOUND('',#263,.T.);
#121=FACE_OUTER_BOUND('',#264,.T.);
#122=FACE_OUTER_BOUND('',#265,.T.);
#123=FACE_OUTER_BOUND('',#266,.T.);
#124=FACE_OUTER_BOUND('',#267,.T.);
#125=FACE_OUTER_BOUND('',#268,.T.);
#126=FACE_OUTER_BOUND('',#269,.T.);
#127=FACE_OUTER_BOUND('',#270,.T.);
#128=FACE_OUTER_BOUND('',#271,.T.);
#129=FACE_OUTER_BOUND('',#272,.T.);
#130=FACE_OUTER_BOUND('',#273,.T.);
#131=FACE_OUTER_BOUND('',#274,.T.);
#132=FACE_OUTER_BOUND('',#275,.T.);
#133=FACE_OUTER_BOUND('',#276,.T.);
#134=FACE_OUTER_BOUND('',#277,.T.);
#135=FACE_OUTER_BOUND('',#278,.T.);
#136=FACE_OUTER_BOUND('',#279,.T.);
#137=FACE_OUTER_BOUND('',#280,.T.);
#138=FACE_OUTER_BOUND('',#281,.T.);
#139=FACE_OUTER_BOUND('',#282,.T.);
#140=FACE_OUTER_BOUND('',#283,.T.);
#141=FACE_OUTER_BOUND('',#284,.T.);
#142=FACE_OUTER_BOUND('',#285,.T.);
#143=FACE_OUTER_BOUND('',#286,.T.);
#144=FACE_OUTER_BOUND('',#287,.T.);
#145=FACE_OUTER_BOUND('',#288,.T.);
#146=FACE_OUTER_BOUND('',#289,.T.);
#147=FACE_OUTER_BOUND('',#290,.T.);
#148=FACE_OUTER_BOUND('',#291,.T.);
#149=FACE_OUTER_BOUND('',#292,.T.);
#150=FACE_OUTER_BOUND('',#293,.T.);
#151=FACE_OUTER_BOUND('',#294,.T.);
#152=FACE_OUTER_BOUND('',#295,.T.);
#153=FACE_OUTER_BOUND('',#296,.T.);
#154=FACE_OUTER_BOUND('',#297,.T.);
#155=FACE_OUTER_BOUND('',#298,.T.);
#156=FACE_OUTER_BOUND('',#299,.T.);
#157=FACE_OUTER_BOUND('',#300,.T.);
#158=FACE_OUTER_BOUND('',#301,.T.);
#159=FACE_OUTER_BOUND('',#302,.T.);
#160=FACE_OUTER_BOUND('',#303,.T.);
#161=FACE_OUTER_BOUND('',#304,.T.);
#162=FACE_OUTER_BOUND('',#305,.T.);
#163=FACE_OUTER_BOUND('',#306,.T.);
#164=FACE_OUTER_BOUND('',#307,.T.);
#165=FACE_OUTER_BOUND('',#308,.T.);
#166=FACE_OUTER_BOUND('',#309,.T.);
#167=FACE_OUTER_BOUND('',#310,.T.);
#168=FACE_OUTER_BOUND('',#311,.T.);
#169=FACE_OUTER_BOUND('',#312,.T.);
#170=FACE_OUTER_BOUND('',#313,.T.);
#171=FACE_OUTER_BOUND('',#314,.T.);
#172=FACE_OUTER_BOUND('',#315,.T.);
#173=FACE_OUTER_BOUND('',#316,.T.);
#174=FACE_OUTER_BOUND('',#317,.T.);
#175=FACE_OUTER_BOUND('',#318,.T.);
#176=FACE_OUTER_BOUND('',#319,.T.);
#177=FACE_OUTER_BOUND('',#320,.T.);
#178=FACE_OUTER_BOUND('',#321,.T.);
#179=FACE_OUTER_BOUND('',#322,.T.);
#180=FACE_OUTER_BOUND('',#323,.T.);
#181=FACE_OUTER_BOUND('',#324,.T.);
#182=FACE_OUTER_BOUND('',#325,.T.);
#183=FACE_OUTER_BOUND('',#326,.T.);
#184=FACE_OUTER_BOUND('',#327,.T.);
#185=FACE_OUTER_BOUND('',#328,.T.);
#186=FACE_OUTER_BOUND('',#329,.T.);
#187=FACE_OUTER_BOUND('',#330,.T.);
#188=FACE_OUTER_BOUND('',#331,.T.);
#189=FACE_OUTER_BOUND('',#332,.T.);
#190=FACE_OUTER_BOUND('',#333,.T.);
#191=FACE_OUTER_BOUND('',#334,.T.);
#192=FACE_OUTER_BOUND('',#335,.T.);
#193=FACE_OUTER_BOUND('',#336,.T.);
#194=FACE_OUTER_BOUND('',#337,.T.);
#195=FACE_OUTER_BOUND('',#338,.T.);
#196=FACE_OUTER_BOUND('',#339,.T.);
#197=FACE_OUTER_BOUND('',#340,.T.);
#198=FACE_OUTER_BOUND('',#341,.T.);
#199=FACE_OUTER_BOUND('',#342,.T.);
#200=FACE_OUTER_BOUND('',#343,.T.);
#201=FACE_OUTER_BOUND('',#344,.T.);
#202=FACE_OUTER_BOUND('',#345,.T.);
#203=FACE_OUTER_BOUND('',#346,.T.);
#204=FACE_OUTER_BOUND('',#347,.T.);
#205=FACE_OUTER_BOUND('',#348,.T.);
#206=FACE_OUTER_BOUND('',#349,.T.);
#207=FACE_OUTER_BOUND('',#350,.T.);
#208=FACE_OUTER_BOUND('',#351,.T.);
#209=FACE_OUTER_BOUND('',#352,.T.);
#210=FACE_OUTER_BOUND('',#353,.T.);
#211=FACE_OUTER_BOUND('',#354,.T.);
#212=FACE_OUTER_BOUND('',#355,.T.);
#213=FACE_OUTER_BOUND('',#356,.T.);
#214=FACE_OUTER_BOUND('',#357,.T.);
#215=FACE_OUTER_BOUND('',#358,.T.);
#216=FACE_OUTER_BOUND('',#359,.T.);
#217=FACE_OUTER_BOUND('',#360,.T.);
#218=FACE_OUTER_BOUND('',#361,.T.);
#219=FACE_OUTER_BOUND('',#362,.T.);
#220=FACE_OUTER_BOUND('',#377,.T.);
#221=FACE_OUTER_BOUND('',#378,.T.);
#222=FACE_OUTER_BOUND('',#379,.T.);
#223=FACE_OUTER_BOUND('',#380,.T.);
#224=FACE_OUTER_BOUND('',#383,.T.);
#225=FACE_OUTER_BOUND('',#384,.T.);
#226=FACE_OUTER_BOUND('',#385,.T.);
#227=FACE_OUTER_BOUND('',#386,.T.);
#228=FACE_OUTER_BOUND('',#387,.T.);
#229=FACE_OUTER_BOUND('',#388,.T.);
#230=FACE_OUTER_BOUND('',#389,.T.);
#231=FACE_OUTER_BOUND('',#390,.T.);
#232=FACE_OUTER_BOUND('',#391,.T.);
#233=FACE_OUTER_BOUND('',#392,.T.);
#234=FACE_OUTER_BOUND('',#393,.T.);
#235=FACE_OUTER_BOUND('',#394,.T.);
#236=FACE_OUTER_BOUND('',#395,.T.);
#237=FACE_OUTER_BOUND('',#396,.T.);
#238=FACE_OUTER_BOUND('',#397,.T.);
#239=FACE_OUTER_BOUND('',#398,.T.);
#240=FACE_OUTER_BOUND('',#399,.T.);
#241=FACE_OUTER_BOUND('',#400,.T.);
#242=FACE_OUTER_BOUND('',#401,.T.);
#243=FACE_OUTER_BOUND('',#402,.T.);
#244=FACE_OUTER_BOUND('',#403,.T.);
#245=FACE_OUTER_BOUND('',#404,.T.);
#246=FACE_OUTER_BOUND('',#405,.T.);
#247=FACE_OUTER_BOUND('',#406,.T.);
#248=FACE_OUTER_BOUND('',#407,.T.);
#249=FACE_OUTER_BOUND('',#408,.T.);
#250=FACE_OUTER_BOUND('',#409,.T.);
#251=FACE_OUTER_BOUND('',#410,.T.);
#252=FACE_OUTER_BOUND('',#411,.T.);
#253=FACE_OUTER_BOUND('',#412,.T.);
#254=FACE_OUTER_BOUND('',#413,.T.);
#255=FACE_OUTER_BOUND('',#414,.T.);
#256=FACE_OUTER_BOUND('',#415,.T.);
#257=FACE_OUTER_BOUND('',#416,.T.);
#258=FACE_OUTER_BOUND('',#417,.T.);
#259=FACE_OUTER_BOUND('',#418,.T.);
#260=FACE_OUTER_BOUND('',#419,.T.);
#261=FACE_OUTER_BOUND('',#420,.T.);
#262=EDGE_LOOP('',(#1646,#1647,#1648,#1649));
#263=EDGE_LOOP('',(#1650,#1651,#1652,#1653));
#264=EDGE_LOOP('',(#1654,#1655,#1656,#1657));
#265=EDGE_LOOP('',(#1658,#1659,#1660,#1661));
#266=EDGE_LOOP('',(#1662,#1663,#1664,#1665));
#267=EDGE_LOOP('',(#1666,#1667,#1668,#1669));
#268=EDGE_LOOP('',(#1670,#1671,#1672,#1673));
#269=EDGE_LOOP('',(#1674,#1675,#1676,#1677));
#270=EDGE_LOOP('',(#1678,#1679,#1680,#1681));
#271=EDGE_LOOP('',(#1682,#1683,#1684,#1685));
#272=EDGE_LOOP('',(#1686,#1687,#1688,#1689,#1690,#1691,#1692,#1693,#1694,
#1695));
#273=EDGE_LOOP('',(#1696,#1697,#1698,#1699));
#274=EDGE_LOOP('',(#1700,#1701,#1702,#1703));
#275=EDGE_LOOP('',(#1704,#1705,#1706,#1707));
#276=EDGE_LOOP('',(#1708,#1709,#1710,#1711));
#277=EDGE_LOOP('',(#1712,#1713,#1714,#1715));
#278=EDGE_LOOP('',(#1716,#1717,#1718,#1719,#1720,#1721,#1722,#1723,#1724,
#1725));
#279=EDGE_LOOP('',(#1726,#1727,#1728,#1729));
#280=EDGE_LOOP('',(#1730,#1731,#1732,#1733));
#281=EDGE_LOOP('',(#1734,#1735,#1736,#1737));
#282=EDGE_LOOP('',(#1738,#1739,#1740,#1741));
#283=EDGE_LOOP('',(#1742,#1743,#1744,#1745));
#284=EDGE_LOOP('',(#1746,#1747,#1748,#1749));
#285=EDGE_LOOP('',(#1750,#1751,#1752,#1753));
#286=EDGE_LOOP('',(#1754,#1755,#1756,#1757));
#287=EDGE_LOOP('',(#1758,#1759,#1760,#1761));
#288=EDGE_LOOP('',(#1762,#1763,#1764,#1765));
#289=EDGE_LOOP('',(#1766,#1767,#1768,#1769));
#290=EDGE_LOOP('',(#1770,#1771,#1772,#1773));
#291=EDGE_LOOP('',(#1774,#1775,#1776,#1777));
#292=EDGE_LOOP('',(#1778,#1779,#1780,#1781,#1782,#1783,#1784,#1785,#1786,
#1787));
#293=EDGE_LOOP('',(#1788,#1789,#1790,#1791));
#294=EDGE_LOOP('',(#1792,#1793,#1794,#1795));
#295=EDGE_LOOP('',(#1796,#1797,#1798,#1799));
#296=EDGE_LOOP('',(#1800,#1801,#1802,#1803));
#297=EDGE_LOOP('',(#1804,#1805,#1806,#1807));
#298=EDGE_LOOP('',(#1808,#1809,#1810,#1811,#1812,#1813,#1814,#1815,#1816,
#1817));
#299=EDGE_LOOP('',(#1818,#1819,#1820,#1821));
#300=EDGE_LOOP('',(#1822,#1823,#1824,#1825));
#301=EDGE_LOOP('',(#1826,#1827,#1828,#1829));
#302=EDGE_LOOP('',(#1830,#1831,#1832,#1833));
#303=EDGE_LOOP('',(#1834,#1835,#1836,#1837));
#304=EDGE_LOOP('',(#1838,#1839,#1840,#1841));
#305=EDGE_LOOP('',(#1842,#1843,#1844,#1845));
#306=EDGE_LOOP('',(#1846,#1847,#1848,#1849));
#307=EDGE_LOOP('',(#1850,#1851,#1852,#1853));
#308=EDGE_LOOP('',(#1854,#1855,#1856,#1857));
#309=EDGE_LOOP('',(#1858,#1859,#1860,#1861));
#310=EDGE_LOOP('',(#1862,#1863,#1864,#1865));
#311=EDGE_LOOP('',(#1866,#1867,#1868,#1869));
#312=EDGE_LOOP('',(#1870,#1871,#1872,#1873,#1874,#1875,#1876,#1877,#1878,
#1879));
#313=EDGE_LOOP('',(#1880,#1881,#1882,#1883));
#314=EDGE_LOOP('',(#1884,#1885,#1886,#1887));
#315=EDGE_LOOP('',(#1888,#1889,#1890,#1891));
#316=EDGE_LOOP('',(#1892,#1893,#1894,#1895));
#317=EDGE_LOOP('',(#1896,#1897,#1898,#1899));
#318=EDGE_LOOP('',(#1900,#1901,#1902,#1903,#1904,#1905,#1906,#1907,#1908,
#1909));
#319=EDGE_LOOP('',(#1910,#1911,#1912,#1913));
#320=EDGE_LOOP('',(#1914,#1915,#1916,#1917));
#321=EDGE_LOOP('',(#1918,#1919,#1920,#1921));
#322=EDGE_LOOP('',(#1922,#1923,#1924,#1925));
#323=EDGE_LOOP('',(#1926,#1927,#1928,#1929));
#324=EDGE_LOOP('',(#1930,#1931,#1932,#1933));
#325=EDGE_LOOP('',(#1934,#1935,#1936,#1937));
#326=EDGE_LOOP('',(#1938,#1939,#1940,#1941));
#327=EDGE_LOOP('',(#1942,#1943,#1944,#1945));
#328=EDGE_LOOP('',(#1946,#1947,#1948,#1949));
#329=EDGE_LOOP('',(#1950,#1951,#1952,#1953));
#330=EDGE_LOOP('',(#1954,#1955,#1956,#1957));
#331=EDGE_LOOP('',(#1958,#1959,#1960,#1961));
#332=EDGE_LOOP('',(#1962,#1963,#1964,#1965,#1966,#1967,#1968,#1969,#1970,
#1971));
#333=EDGE_LOOP('',(#1972,#1973,#1974,#1975));
#334=EDGE_LOOP('',(#1976,#1977,#1978,#1979));
#335=EDGE_LOOP('',(#1980,#1981,#1982,#1983));
#336=EDGE_LOOP('',(#1984,#1985,#1986,#1987));
#337=EDGE_LOOP('',(#1988,#1989,#1990,#1991));
#338=EDGE_LOOP('',(#1992,#1993,#1994,#1995,#1996,#1997,#1998,#1999,#2000,
#2001));
#339=EDGE_LOOP('',(#2002,#2003,#2004,#2005));
#340=EDGE_LOOP('',(#2006,#2007,#2008,#2009));
#341=EDGE_LOOP('',(#2010,#2011,#2012,#2013));
#342=EDGE_LOOP('',(#2014,#2015,#2016,#2017));
#343=EDGE_LOOP('',(#2018,#2019,#2020,#2021));
#344=EDGE_LOOP('',(#2022,#2023,#2024,#2025));
#345=EDGE_LOOP('',(#2026,#2027,#2028,#2029));
#346=EDGE_LOOP('',(#2030,#2031,#2032,#2033));
#347=EDGE_LOOP('',(#2034,#2035,#2036,#2037));
#348=EDGE_LOOP('',(#2038,#2039,#2040,#2041));
#349=EDGE_LOOP('',(#2042,#2043,#2044,#2045));
#350=EDGE_LOOP('',(#2046,#2047,#2048,#2049));
#351=EDGE_LOOP('',(#2050,#2051,#2052,#2053));
#352=EDGE_LOOP('',(#2054,#2055,#2056,#2057,#2058,#2059,#2060,#2061,#2062,
#2063));
#353=EDGE_LOOP('',(#2064,#2065,#2066,#2067));
#354=EDGE_LOOP('',(#2068,#2069,#2070,#2071));
#355=EDGE_LOOP('',(#2072,#2073,#2074,#2075));
#356=EDGE_LOOP('',(#2076,#2077,#2078,#2079));
#357=EDGE_LOOP('',(#2080,#2081,#2082,#2083));
#358=EDGE_LOOP('',(#2084,#2085,#2086,#2087,#2088,#2089,#2090,#2091,#2092,
#2093));
#359=EDGE_LOOP('',(#2094,#2095,#2096,#2097));
#360=EDGE_LOOP('',(#2098,#2099,#2100,#2101));
#361=EDGE_LOOP('',(#2102,#2103,#2104,#2105));
#362=EDGE_LOOP('',(#2106,#2107,#2108,#2109,#2110,#2111,#2112,#2113,#2114,
#2115,#2116,#2117,#2118,#2119,#2120,#2121,#2122,#2123,#2124));
#363=EDGE_LOOP('',(#2125,#2126,#2127,#2128,#2129,#2130));
#364=EDGE_LOOP('',(#2131,#2132,#2133,#2134,#2135,#2136));
#365=EDGE_LOOP('',(#2137,#2138,#2139,#2140,#2141,#2142));
#366=EDGE_LOOP('',(#2143,#2144,#2145,#2146,#2147,#2148));
#367=EDGE_LOOP('',(#2149,#2150,#2151,#2152,#2153,#2154));
#368=EDGE_LOOP('',(#2155,#2156,#2157,#2158,#2159,#2160));
#369=EDGE_LOOP('',(#2161,#2162,#2163,#2164,#2165,#2166));
#370=EDGE_LOOP('',(#2167,#2168,#2169,#2170,#2171,#2172));
#371=EDGE_LOOP('',(#2173,#2174,#2175,#2176,#2177,#2178));
#372=EDGE_LOOP('',(#2179,#2180,#2181,#2182,#2183,#2184));
#373=EDGE_LOOP('',(#2185,#2186,#2187,#2188,#2189,#2190));
#374=EDGE_LOOP('',(#2191,#2192,#2193,#2194,#2195,#2196));
#375=EDGE_LOOP('',(#2197));
#376=EDGE_LOOP('',(#2198));
#377=EDGE_LOOP('',(#2199,#2200,#2201,#2202));
#378=EDGE_LOOP('',(#2203,#2204,#2205,#2206));
#379=EDGE_LOOP('',(#2207,#2208,#2209,#2210));
#380=EDGE_LOOP('',(#2211,#2212,#2213,#2214,#2215,#2216,#2217,#2218,#2219,
#2220,#2221,#2222,#2223,#2224,#2225,#2226,#2227,#2228,#2229));
#381=EDGE_LOOP('',(#2230));
#382=EDGE_LOOP('',(#2231));
#383=EDGE_LOOP('',(#2232,#2233,#2234,#2235));
#384=EDGE_LOOP('',(#2236,#2237,#2238,#2239));
#385=EDGE_LOOP('',(#2240,#2241,#2242,#2243));
#386=EDGE_LOOP('',(#2244,#2245,#2246,#2247));
#387=EDGE_LOOP('',(#2248,#2249,#2250,#2251));
#388=EDGE_LOOP('',(#2252,#2253,#2254,#2255));
#389=EDGE_LOOP('',(#2256,#2257,#2258,#2259));
#390=EDGE_LOOP('',(#2260,#2261,#2262,#2263));
#391=EDGE_LOOP('',(#2264,#2265,#2266,#2267));
#392=EDGE_LOOP('',(#2268,#2269,#2270,#2271));
#393=EDGE_LOOP('',(#2272,#2273,#2274,#2275));
#394=EDGE_LOOP('',(#2276,#2277,#2278,#2279));
#395=EDGE_LOOP('',(#2280,#2281,#2282,#2283));
#396=EDGE_LOOP('',(#2284,#2285,#2286,#2287));
#397=EDGE_LOOP('',(#2288,#2289,#2290,#2291));
#398=EDGE_LOOP('',(#2292,#2293,#2294,#2295));
#399=EDGE_LOOP('',(#2296,#2297,#2298,#2299));
#400=EDGE_LOOP('',(#2300,#2301,#2302,#2303));
#401=EDGE_LOOP('',(#2304,#2305,#2306,#2307));
#402=EDGE_LOOP('',(#2308,#2309,#2310,#2311));
#403=EDGE_LOOP('',(#2312,#2313,#2314,#2315));
#404=EDGE_LOOP('',(#2316,#2317,#2318,#2319));
#405=EDGE_LOOP('',(#2320,#2321,#2322,#2323));
#406=EDGE_LOOP('',(#2324,#2325,#2326,#2327));
#407=EDGE_LOOP('',(#2328,#2329,#2330,#2331));
#408=EDGE_LOOP('',(#2332,#2333,#2334,#2335));
#409=EDGE_LOOP('',(#2336,#2337,#2338,#2339));
#410=EDGE_LOOP('',(#2340,#2341,#2342,#2343));
#411=EDGE_LOOP('',(#2344,#2345,#2346,#2347,#2348,#2349,#2350,#2351,#2352,
#2353));
#412=EDGE_LOOP('',(#2354,#2355,#2356,#2357));
#413=EDGE_LOOP('',(#2358,#2359,#2360,#2361));
#414=EDGE_LOOP('',(#2362,#2363,#2364,#2365));
#415=EDGE_LOOP('',(#2366,#2367,#2368,#2369));
#416=EDGE_LOOP('',(#2370,#2371,#2372,#2373));
#417=EDGE_LOOP('',(#2374,#2375,#2376,#2377,#2378,#2379,#2380,#2381,#2382,
#2383));
#418=EDGE_LOOP('',(#2384,#2385,#2386,#2387));
#419=EDGE_LOOP('',(#2388,#2389,#2390,#2391));
#420=EDGE_LOOP('',(#2392,#2393,#2394,#2395));
#421=CIRCLE('',#2610,0.015);
#422=CIRCLE('',#2611,0.015);
#423=CIRCLE('',#2615,0.0150000000000001);
#424=CIRCLE('',#2616,0.015);
#425=CIRCLE('',#2630,0.015);
#426=CIRCLE('',#2631,0.0150000000000005);
#427=CIRCLE('',#2634,0.0150000000000005);
#428=CIRCLE('',#2636,0.015);
#429=CIRCLE('',#2646,0.015);
#430=CIRCLE('',#2647,0.015);
#431=CIRCLE('',#2651,0.0150000000000001);
#432=CIRCLE('',#2652,0.015);
#433=CIRCLE('',#2666,0.015);
#434=CIRCLE('',#2667,0.0150000000000005);
#435=CIRCLE('',#2670,0.0150000000000005);
#436=CIRCLE('',#2672,0.015);
#437=CIRCLE('',#2682,0.015);
#438=CIRCLE('',#2683,0.015);
#439=CIRCLE('',#2687,0.0150000000000001);
#440=CIRCLE('',#2688,0.015);
#441=CIRCLE('',#2702,0.015);
#442=CIRCLE('',#2703,0.0150000000000005);
#443=CIRCLE('',#2706,0.0150000000000005);
#444=CIRCLE('',#2708,0.015);
#445=CIRCLE('',#2718,0.015);
#446=CIRCLE('',#2719,0.015);
#447=CIRCLE('',#2723,0.0150000000000001);
#448=CIRCLE('',#2724,0.015);
#449=CIRCLE('',#2738,0.015);
#450=CIRCLE('',#2739,0.0150000000000005);
#451=CIRCLE('',#2742,0.0150000000000005);
#452=CIRCLE('',#2744,0.015);
#453=CIRCLE('',#2754,0.015);
#454=CIRCLE('',#2755,0.015);
#455=CIRCLE('',#2759,0.0150000000000001);
#456=CIRCLE('',#2760,0.015);
#457=CIRCLE('',#2774,0.015);
#458=CIRCLE('',#2775,0.0150000000000005);
#459=CIRCLE('',#2778,0.0150000000000005);
#460=CIRCLE('',#2780,0.015);
#461=CIRCLE('',#2789,0.08);
#462=CIRCLE('',#2790,0.08);
#463=CIRCLE('',#2791,0.08);
#464=CIRCLE('',#2792,0.08);
#465=CIRCLE('',#2793,0.08);
#466=CIRCLE('',#2798,0.0904999999999996);
#467=CIRCLE('',#2799,0.0904999999999996);
#468=CIRCLE('',#2803,0.08);
#469=CIRCLE('',#2805,0.08);
#470=CIRCLE('',#2806,0.08);
#471=CIRCLE('',#2807,0.08);
#472=CIRCLE('',#2808,0.08);
#473=CIRCLE('',#2809,0.0904999999999996);
#474=CIRCLE('',#2810,0.0904999999999996);
#475=CIRCLE('',#2830,0.015);
#476=CIRCLE('',#2831,0.015);
#477=CIRCLE('',#2835,0.0150000000000001);
#478=CIRCLE('',#2836,0.015);
#479=CIRCLE('',#2849,0.015);
#480=CIRCLE('',#2850,0.0150000000000005);
#481=CIRCLE('',#2852,0.0150000000000005);
#482=CIRCLE('',#2854,0.015);
#483=LINE('',#3616,#724);
#484=LINE('',#3619,#725);
#485=LINE('',#3665,#726);
#486=LINE('',#3666,#727);
#487=LINE('',#3712,#728);
#488=LINE('',#3713,#729);
#489=LINE('',#3716,#730);
#490=LINE('',#3719,#731);
#491=LINE('',#3722,#732);
#492=LINE('',#3723,#733);
#493=LINE('',#3726,#734);
#494=LINE('',#3730,#735);
#495=LINE('',#3731,#736);
#496=LINE('',#3734,#737);
#497=LINE('',#3735,#738);
#498=LINE('',#3738,#739);
#499=LINE('',#3740,#740);
#500=LINE('',#3742,#741);
#501=LINE('',#3744,#742);
#502=LINE('',#3745,#743);
#503=LINE('',#3790,#744);
#504=LINE('',#3835,#745);
#505=LINE('',#3837,#746);
#506=LINE('',#3840,#747);
#507=LINE('',#3842,#748);
#508=LINE('',#3844,#749);
#509=LINE('',#3846,#750);
#510=LINE('',#3847,#751);
#511=LINE('',#3849,#752);
#512=LINE('',#3850,#753);
#513=LINE('',#3852,#754);
#514=LINE('',#3853,#755);
#515=LINE('',#3860,#756);
#516=LINE('',#3863,#757);
#517=LINE('',#3909,#758);
#518=LINE('',#3910,#759);
#519=LINE('',#3956,#760);
#520=LINE('',#3957,#761);
#521=LINE('',#3960,#762);
#522=LINE('',#3963,#763);
#523=LINE('',#3966,#764);
#524=LINE('',#3967,#765);
#525=LINE('',#3970,#766);
#526=LINE('',#3974,#767);
#527=LINE('',#3975,#768);
#528=LINE('',#3978,#769);
#529=LINE('',#3979,#770);
#530=LINE('',#3982,#771);
#531=LINE('',#3984,#772);
#532=LINE('',#3986,#773);
#533=LINE('',#3988,#774);
#534=LINE('',#3989,#775);
#535=LINE('',#4034,#776);
#536=LINE('',#4079,#777);
#537=LINE('',#4081,#778);
#538=LINE('',#4084,#779);
#539=LINE('',#4086,#780);
#540=LINE('',#4088,#781);
#541=LINE('',#4090,#782);
#542=LINE('',#4091,#783);
#543=LINE('',#4093,#784);
#544=LINE('',#4094,#785);
#545=LINE('',#4096,#786);
#546=LINE('',#4097,#787);
#547=LINE('',#4104,#788);
#548=LINE('',#4107,#789);
#549=LINE('',#4153,#790);
#550=LINE('',#4154,#791);
#551=LINE('',#4200,#792);
#552=LINE('',#4201,#793);
#553=LINE('',#4204,#794);
#554=LINE('',#4207,#795);
#555=LINE('',#4210,#796);
#556=LINE('',#4211,#797);
#557=LINE('',#4214,#798);
#558=LINE('',#4218,#799);
#559=LINE('',#4219,#800);
#560=LINE('',#4222,#801);
#561=LINE('',#4223,#802);
#562=LINE('',#4226,#803);
#563=LINE('',#4228,#804);
#564=LINE('',#4230,#805);
#565=LINE('',#4232,#806);
#566=LINE('',#4233,#807);
#567=LINE('',#4278,#808);
#568=LINE('',#4323,#809);
#569=LINE('',#4325,#810);
#570=LINE('',#4328,#811);
#571=LINE('',#4330,#812);
#572=LINE('',#4332,#813);
#573=LINE('',#4334,#814);
#574=LINE('',#4335,#815);
#575=LINE('',#4337,#816);
#576=LINE('',#4338,#817);
#577=LINE('',#4340,#818);
#578=LINE('',#4341,#819);
#579=LINE('',#4348,#820);
#580=LINE('',#4351,#821);
#581=LINE('',#4397,#822);
#582=LINE('',#4398,#823);
#583=LINE('',#4444,#824);
#584=LINE('',#4445,#825);
#585=LINE('',#4448,#826);
#586=LINE('',#4451,#827);
#587=LINE('',#4454,#828);
#588=LINE('',#4455,#829);
#589=LINE('',#4458,#830);
#590=LINE('',#4462,#831);
#591=LINE('',#4463,#832);
#592=LINE('',#4466,#833);
#593=LINE('',#4467,#834);
#594=LINE('',#4470,#835);
#595=LINE('',#4472,#836);
#596=LINE('',#4474,#837);
#597=LINE('',#4476,#838);
#598=LINE('',#4477,#839);
#599=LINE('',#4522,#840);
#600=LINE('',#4567,#841);
#601=LINE('',#4569,#842);
#602=LINE('',#4572,#843);
#603=LINE('',#4574,#844);
#604=LINE('',#4576,#845);
#605=LINE('',#4578,#846);
#606=LINE('',#4579,#847);
#607=LINE('',#4581,#848);
#608=LINE('',#4582,#849);
#609=LINE('',#4584,#850);
#610=LINE('',#4585,#851);
#611=LINE('',#4592,#852);
#612=LINE('',#4595,#853);
#613=LINE('',#4641,#854);
#614=LINE('',#4642,#855);
#615=LINE('',#4688,#856);
#616=LINE('',#4689,#857);
#617=LINE('',#4692,#858);
#618=LINE('',#4695,#859);
#619=LINE('',#4698,#860);
#620=LINE('',#4699,#861);
#621=LINE('',#4702,#862);
#622=LINE('',#4706,#863);
#623=LINE('',#4707,#864);
#624=LINE('',#4710,#865);
#625=LINE('',#4711,#866);
#626=LINE('',#4714,#867);
#627=LINE('',#4716,#868);
#628=LINE('',#4718,#869);
#629=LINE('',#4720,#870);
#630=LINE('',#4721,#871);
#631=LINE('',#4766,#872);
#632=LINE('',#4811,#873);
#633=LINE('',#4813,#874);
#634=LINE('',#4816,#875);
#635=LINE('',#4818,#876);
#636=LINE('',#4820,#877);
#637=LINE('',#4822,#878);
#638=LINE('',#4823,#879);
#639=LINE('',#4825,#880);
#640=LINE('',#4826,#881);
#641=LINE('',#4828,#882);
#642=LINE('',#4829,#883);
#643=LINE('',#4834,#884);
#644=LINE('',#4836,#885);
#645=LINE('',#4840,#886);
#646=LINE('',#4842,#887);
#647=LINE('',#4844,#888);
#648=LINE('',#4846,#889);
#649=LINE('',#4850,#890);
#650=LINE('',#4852,#891);
#651=LINE('',#4854,#892);
#652=LINE('',#4858,#893);
#653=LINE('',#4862,#894);
#654=LINE('',#4864,#895);
#655=LINE('',#4866,#896);
#656=LINE('',#4869,#897);
#657=LINE('',#4874,#898);
#658=LINE('',#4876,#899);
#659=LINE('',#4878,#900);
#660=LINE('',#4881,#901);
#661=LINE('',#4886,#902);
#662=LINE('',#4890,#903);
#663=LINE('',#4892,#904);
#664=LINE('',#4893,#905);
#665=LINE('',#4900,#906);
#666=LINE('',#4902,#907);
#667=LINE('',#4903,#908);
#668=LINE('',#4906,#909);
#669=LINE('',#4907,#910);
#670=LINE('',#4910,#911);
#671=LINE('',#4913,#912);
#672=LINE('',#4915,#913);
#673=LINE('',#4917,#914);
#674=LINE('',#4919,#915);
#675=LINE('',#4921,#916);
#676=LINE('',#4925,#917);
#677=LINE('',#4929,#918);
#678=LINE('',#4931,#919);
#679=LINE('',#4933,#920);
#680=LINE('',#4937,#921);
#681=LINE('',#4939,#922);
#682=LINE('',#4941,#923);
#683=LINE('',#4943,#924);
#684=LINE('',#4950,#925);
#685=LINE('',#4952,#926);
#686=LINE('',#4954,#927);
#687=LINE('',#4956,#928);
#688=LINE('',#4957,#929);
#689=LINE('',#4959,#930);
#690=LINE('',#4961,#931);
#691=LINE('',#4962,#932);
#692=LINE('',#4964,#933);
#693=LINE('',#4966,#934);
#694=LINE('',#4968,#935);
#695=LINE('',#4970,#936);
#696=LINE('',#4972,#937);
#697=LINE('',#4974,#938);
#698=LINE('',#4975,#939);
#699=LINE('',#4980,#940);
#700=LINE('',#4985,#941);
#701=LINE('',#4988,#942);
#702=LINE('',#5034,#943);
#703=LINE('',#5035,#944);
#704=LINE('',#5078,#945);
#705=LINE('',#5079,#946);
#706=LINE('',#5082,#947);
#707=LINE('',#5085,#948);
#708=LINE('',#5088,#949);
#709=LINE('',#5089,#950);
#710=LINE('',#5092,#951);
#711=LINE('',#5095,#952);
#712=LINE('',#5097,#953);
#713=LINE('',#5100,#954);
#714=LINE('',#5102,#955);
#715=LINE('',#5103,#956);
#716=LINE('',#5146,#957);
#717=LINE('',#5189,#958);
#718=LINE('',#5191,#959);
#719=LINE('',#5194,#960);
#720=LINE('',#5196,#961);
#721=LINE('',#5197,#962);
#722=LINE('',#5199,#963);
#723=LINE('',#5201,#964);
#724=VECTOR('',#2867,0.393700787401575);
#725=VECTOR('',#2870,0.393700787401575);
#726=VECTOR('',#2881,0.393700787401575);
#727=VECTOR('',#2882,0.393700787401575);
#728=VECTOR('',#2893,0.393700787401575);
#729=VECTOR('',#2894,0.393700787401575);
#730=VECTOR('',#2897,0.393700787401575);
#731=VECTOR('',#2900,0.393700787401575);
#732=VECTOR('',#2903,0.393700787401575);
#733=VECTOR('',#2904,0.393700787401575);
#734=VECTOR('',#2907,0.393700787401575);
#735=VECTOR('',#2912,0.393700787401575);
#736=VECTOR('',#2913,0.393700787401575);
#737=VECTOR('',#2916,0.393700787401575);
#738=VECTOR('',#2917,0.393700787401575);
#739=VECTOR('',#2920,0.393700787401575);
#740=VECTOR('',#2921,0.393700787401575);
#741=VECTOR('',#2922,0.393700787401575);
#742=VECTOR('',#2923,0.393700787401575);
#743=VECTOR('',#2924,0.393700787401575);
#744=VECTOR('',#2935,0.393700787401575);
#745=VECTOR('',#2946,0.393700787401575);
#746=VECTOR('',#2949,0.393700787401575);
#747=VECTOR('',#2952,0.393700787401575);
#748=VECTOR('',#2953,0.393700787401575);
#749=VECTOR('',#2954,0.393700787401575);
#750=VECTOR('',#2955,0.393700787401575);
#751=VECTOR('',#2956,0.393700787401575);
#752=VECTOR('',#2959,0.393700787401575);
#753=VECTOR('',#2960,0.393700787401575);
#754=VECTOR('',#2963,0.393700787401575);
#755=VECTOR('',#2964,0.393700787401575);
#756=VECTOR('',#2971,0.393700787401575);
#757=VECTOR('',#2974,0.393700787401575);
#758=VECTOR('',#2985,0.393700787401575);
#759=VECTOR('',#2986,0.393700787401575);
#760=VECTOR('',#2997,0.393700787401575);
#761=VECTOR('',#2998,0.393700787401575);
#762=VECTOR('',#3001,0.393700787401575);
#763=VECTOR('',#3004,0.393700787401575);
#764=VECTOR('',#3007,0.393700787401575);
#765=VECTOR('',#3008,0.393700787401575);
#766=VECTOR('',#3011,0.393700787401575);
#767=VECTOR('',#3016,0.393700787401575);
#768=VECTOR('',#3017,0.393700787401575);
#769=VECTOR('',#3020,0.393700787401575);
#770=VECTOR('',#3021,0.393700787401575);
#771=VECTOR('',#3024,0.393700787401575);
#772=VECTOR('',#3025,0.393700787401575);
#773=VECTOR('',#3026,0.393700787401575);
#774=VECTOR('',#3027,0.393700787401575);
#775=VECTOR('',#3028,0.393700787401575);
#776=VECTOR('',#3039,0.393700787401575);
#777=VECTOR('',#3050,0.393700787401575);
#778=VECTOR('',#3053,0.393700787401575);
#779=VECTOR('',#3056,0.393700787401575);
#780=VECTOR('',#3057,0.393700787401575);
#781=VECTOR('',#3058,0.393700787401575);
#782=VECTOR('',#3059,0.393700787401575);
#783=VECTOR('',#3060,0.393700787401575);
#784=VECTOR('',#3063,0.393700787401575);
#785=VECTOR('',#3064,0.393700787401575);
#786=VECTOR('',#3067,0.393700787401575);
#787=VECTOR('',#3068,0.393700787401575);
#788=VECTOR('',#3075,0.393700787401575);
#789=VECTOR('',#3078,0.393700787401575);
#790=VECTOR('',#3089,0.393700787401575);
#791=VECTOR('',#3090,0.393700787401575);
#792=VECTOR('',#3101,0.393700787401575);
#793=VECTOR('',#3102,0.393700787401575);
#794=VECTOR('',#3105,0.393700787401575);
#795=VECTOR('',#3108,0.393700787401575);
#796=VECTOR('',#3111,0.393700787401575);
#797=VECTOR('',#3112,0.393700787401575);
#798=VECTOR('',#3115,0.393700787401575);
#799=VECTOR('',#3120,0.393700787401575);
#800=VECTOR('',#3121,0.393700787401575);
#801=VECTOR('',#3124,0.393700787401575);
#802=VECTOR('',#3125,0.393700787401575);
#803=VECTOR('',#3128,0.393700787401575);
#804=VECTOR('',#3129,0.393700787401575);
#805=VECTOR('',#3130,0.393700787401575);
#806=VECTOR('',#3131,0.393700787401575);
#807=VECTOR('',#3132,0.393700787401575);
#808=VECTOR('',#3143,0.393700787401575);
#809=VECTOR('',#3154,0.393700787401575);
#810=VECTOR('',#3157,0.393700787401575);
#811=VECTOR('',#3160,0.393700787401575);
#812=VECTOR('',#3161,0.393700787401575);
#813=VECTOR('',#3162,0.393700787401575);
#814=VECTOR('',#3163,0.393700787401575);
#815=VECTOR('',#3164,0.393700787401575);
#816=VECTOR('',#3167,0.393700787401575);
#817=VECTOR('',#3168,0.393700787401575);
#818=VECTOR('',#3171,0.393700787401575);
#819=VECTOR('',#3172,0.393700787401575);
#820=VECTOR('',#3179,0.393700787401575);
#821=VECTOR('',#3182,0.393700787401575);
#822=VECTOR('',#3193,0.393700787401575);
#823=VECTOR('',#3194,0.393700787401575);
#824=VECTOR('',#3205,0.393700787401575);
#825=VECTOR('',#3206,0.393700787401575);
#826=VECTOR('',#3209,0.393700787401575);
#827=VECTOR('',#3212,0.393700787401575);
#828=VECTOR('',#3215,0.393700787401575);
#829=VECTOR('',#3216,0.393700787401575);
#830=VECTOR('',#3219,0.393700787401575);
#831=VECTOR('',#3224,0.393700787401575);
#832=VECTOR('',#3225,0.393700787401575);
#833=VECTOR('',#3228,0.393700787401575);
#834=VECTOR('',#3229,0.393700787401575);
#835=VECTOR('',#3232,0.393700787401575);
#836=VECTOR('',#3233,0.393700787401575);
#837=VECTOR('',#3234,0.393700787401575);
#838=VECTOR('',#3235,0.393700787401575);
#839=VECTOR('',#3236,0.393700787401575);
#840=VECTOR('',#3247,0.393700787401575);
#841=VECTOR('',#3258,0.393700787401575);
#842=VECTOR('',#3261,0.393700787401575);
#843=VECTOR('',#3264,0.393700787401575);
#844=VECTOR('',#3265,0.393700787401575);
#845=VECTOR('',#3266,0.393700787401575);
#846=VECTOR('',#3267,0.393700787401575);
#847=VECTOR('',#3268,0.393700787401575);
#848=VECTOR('',#3271,0.393700787401575);
#849=VECTOR('',#3272,0.393700787401575);
#850=VECTOR('',#3275,0.393700787401575);
#851=VECTOR('',#3276,0.393700787401575);
#852=VECTOR('',#3283,0.393700787401575);
#853=VECTOR('',#3286,0.393700787401575);
#854=VECTOR('',#3297,0.393700787401575);
#855=VECTOR('',#3298,0.393700787401575);
#856=VECTOR('',#3309,0.393700787401575);
#857=VECTOR('',#3310,0.393700787401575);
#858=VECTOR('',#3313,0.393700787401575);
#859=VECTOR('',#3316,0.393700787401575);
#860=VECTOR('',#3319,0.393700787401575);
#861=VECTOR('',#3320,0.393700787401575);
#862=VECTOR('',#3323,0.393700787401575);
#863=VECTOR('',#3328,0.393700787401575);
#864=VECTOR('',#3329,0.393700787401575);
#865=VECTOR('',#3332,0.393700787401575);
#866=VECTOR('',#3333,0.393700787401575);
#867=VECTOR('',#3336,0.393700787401575);
#868=VECTOR('',#3337,0.393700787401575);
#869=VECTOR('',#3338,0.393700787401575);
#870=VECTOR('',#3339,0.393700787401575);
#871=VECTOR('',#3340,0.393700787401575);
#872=VECTOR('',#3351,0.393700787401575);
#873=VECTOR('',#3362,0.393700787401575);
#874=VECTOR('',#3365,0.393700787401575);
#875=VECTOR('',#3368,0.393700787401575);
#876=VECTOR('',#3369,0.393700787401575);
#877=VECTOR('',#3370,0.393700787401575);
#878=VECTOR('',#3371,0.393700787401575);
#879=VECTOR('',#3372,0.393700787401575);
#880=VECTOR('',#3375,0.393700787401575);
#881=VECTOR('',#3376,0.393700787401575);
#882=VECTOR('',#3379,0.393700787401575);
#883=VECTOR('',#3380,0.393700787401575);
#884=VECTOR('',#3385,0.393700787401575);
#885=VECTOR('',#3386,0.393700787401575);
#886=VECTOR('',#3389,0.393700787401575);
#887=VECTOR('',#3390,0.393700787401575);
#888=VECTOR('',#3391,0.393700787401575);
#889=VECTOR('',#3392,0.393700787401575);
#890=VECTOR('',#3395,0.393700787401575);
#891=VECTOR('',#3396,0.393700787401575);
#892=VECTOR('',#3397,0.393700787401575);
#893=VECTOR('',#3400,0.393700787401575);
#894=VECTOR('',#3403,0.393700787401575);
#895=VECTOR('',#3404,0.393700787401575);
#896=VECTOR('',#3405,0.393700787401575);
#897=VECTOR('',#3408,0.393700787401575);
#898=VECTOR('',#3411,0.393700787401575);
#899=VECTOR('',#3412,0.393700787401575);
#900=VECTOR('',#3413,0.393700787401575);
#901=VECTOR('',#3416,0.393700787401575);
#902=VECTOR('',#3419,0.393700787401575);
#903=VECTOR('',#3422,0.393700787401575);
#904=VECTOR('',#3423,0.393700787401575);
#905=VECTOR('',#3424,0.393700787401575);
#906=VECTOR('',#3431,0.393700787401575);
#907=VECTOR('',#3432,0.393700787401575);
#908=VECTOR('',#3433,0.393700787401575);
#909=VECTOR('',#3436,0.393700787401575);
#910=VECTOR('',#3437,0.393700787401575);
#911=VECTOR('',#3440,0.393700787401575);
#912=VECTOR('',#3443,0.393700787401575);
#913=VECTOR('',#3446,0.393700787401575);
#914=VECTOR('',#3447,0.393700787401575);
#915=VECTOR('',#3448,0.393700787401575);
#916=VECTOR('',#3449,0.393700787401575);
#917=VECTOR('',#3452,0.393700787401575);
#918=VECTOR('',#3455,0.393700787401575);
#919=VECTOR('',#3456,0.393700787401575);
#920=VECTOR('',#3457,0.393700787401575);
#921=VECTOR('',#3460,0.393700787401575);
#922=VECTOR('',#3461,0.393700787401575);
#923=VECTOR('',#3462,0.393700787401575);
#924=VECTOR('',#3463,0.393700787401575);
#925=VECTOR('',#3472,0.393700787401575);
#926=VECTOR('',#3475,0.393700787401575);
#927=VECTOR('',#3478,0.393700787401575);
#928=VECTOR('',#3481,0.393700787401575);
#929=VECTOR('',#3482,0.393700787401575);
#930=VECTOR('',#3485,0.393700787401575);
#931=VECTOR('',#3488,0.393700787401575);
#932=VECTOR('',#3489,0.393700787401575);
#933=VECTOR('',#3492,0.393700787401575);
#934=VECTOR('',#3495,0.393700787401575);
#935=VECTOR('',#3498,0.393700787401575);
#936=VECTOR('',#3501,0.0649999999999996);
#937=VECTOR('',#3504,0.0649999999999996);
#938=VECTOR('',#3507,0.393700787401575);
#939=VECTOR('',#3508,0.393700787401575);
#940=VECTOR('',#3517,0.393700787401575);
#941=VECTOR('',#3524,0.393700787401575);
#942=VECTOR('',#3527,0.393700787401575);
#943=VECTOR('',#3538,0.393700787401575);
#944=VECTOR('',#3539,0.393700787401575);
#945=VECTOR('',#3548,0.393700787401575);
#946=VECTOR('',#3549,0.393700787401575);
#947=VECTOR('',#3552,0.393700787401575);
#948=VECTOR('',#3555,0.393700787401575);
#949=VECTOR('',#3558,0.393700787401575);
#950=VECTOR('',#3559,0.393700787401575);
#951=VECTOR('',#3562,0.393700787401575);
#952=VECTOR('',#3567,0.393700787401575);
#953=VECTOR('',#3570,0.393700787401575);
#954=VECTOR('',#3573,0.393700787401575);
#955=VECTOR('',#3574,0.393700787401575);
#956=VECTOR('',#3575,0.393700787401575);
#957=VECTOR('',#3584,0.393700787401575);
#958=VECTOR('',#3593,0.393700787401575);
#959=VECTOR('',#3596,0.393700787401575);
#960=VECTOR('',#3599,0.393700787401575);
#961=VECTOR('',#3600,0.393700787401575);
#962=VECTOR('',#3601,0.393700787401575);
#963=VECTOR('',#3604,0.393700787401575);
#964=VECTOR('',#3607,0.393700787401575);
#965=ELLIPSE('',#2609,0.0167705098312484,0.015);
#966=ELLIPSE('',#2612,0.0335410196624969,0.03);
#967=ELLIPSE('',#2613,0.0212132034355964,0.015);
#968=ELLIPSE('',#2617,0.0335410196624969,0.03);
#969=ELLIPSE('',#2618,0.0212132034355964,0.015);
#970=ELLIPSE('',#2620,0.0167705098312484,0.015);
#971=ELLIPSE('',#2622,0.0212132034355964,0.015);
#972=ELLIPSE('',#2625,0.0212132034355964,0.015);
#973=ELLIPSE('',#2629,0.033541019662497,0.03);
#974=ELLIPSE('',#2633,0.0167705098312485,0.015);
#975=ELLIPSE('',#2635,0.033541019662497,0.03);
#976=ELLIPSE('',#2638,0.0167705098312485,0.015);
#977=ELLIPSE('',#2645,0.0167705098312484,0.015);
#978=ELLIPSE('',#2648,0.0335410196624969,0.03);
#979=ELLIPSE('',#2649,0.0212132034355964,0.015);
#980=ELLIPSE('',#2653,0.0335410196624969,0.03);
#981=ELLIPSE('',#2654,0.0212132034355964,0.015);
#982=ELLIPSE('',#2656,0.0167705098312484,0.015);
#983=ELLIPSE('',#2658,0.0212132034355964,0.015);
#984=ELLIPSE('',#2661,0.0212132034355964,0.015);
#985=ELLIPSE('',#2665,0.033541019662497,0.03);
#986=ELLIPSE('',#2669,0.0167705098312485,0.015);
#987=ELLIPSE('',#2671,0.033541019662497,0.03);
#988=ELLIPSE('',#2674,0.0167705098312485,0.015);
#989=ELLIPSE('',#2681,0.0167705098312484,0.015);
#990=ELLIPSE('',#2684,0.0335410196624969,0.03);
#991=ELLIPSE('',#2685,0.0212132034355964,0.015);
#992=ELLIPSE('',#2689,0.0335410196624969,0.03);
#993=ELLIPSE('',#2690,0.0212132034355964,0.015);
#994=ELLIPSE('',#2692,0.0167705098312484,0.015);
#995=ELLIPSE('',#2694,0.0212132034355964,0.015);
#996=ELLIPSE('',#2697,0.0212132034355964,0.015);
#997=ELLIPSE('',#2701,0.033541019662497,0.03);
#998=ELLIPSE('',#2705,0.0167705098312485,0.015);
#999=ELLIPSE('',#2707,0.033541019662497,0.03);
#1000=ELLIPSE('',#2710,0.0167705098312485,0.015);
#1001=ELLIPSE('',#2717,0.0167705098312484,0.015);
#1002=ELLIPSE('',#2720,0.0335410196624969,0.03);
#1003=ELLIPSE('',#2721,0.0212132034355964,0.015);
#1004=ELLIPSE('',#2725,0.0335410196624969,0.03);
#1005=ELLIPSE('',#2726,0.0212132034355964,0.015);
#1006=ELLIPSE('',#2728,0.0167705098312484,0.015);
#1007=ELLIPSE('',#2730,0.0212132034355964,0.015);
#1008=ELLIPSE('',#2733,0.0212132034355964,0.015);
#1009=ELLIPSE('',#2737,0.033541019662497,0.03);
#1010=ELLIPSE('',#2741,0.0167705098312485,0.015);
#1011=ELLIPSE('',#2743,0.033541019662497,0.03);
#1012=ELLIPSE('',#2746,0.0167705098312485,0.015);
#1013=ELLIPSE('',#2753,0.0167705098312484,0.015);
#1014=ELLIPSE('',#2756,0.0335410196624969,0.03);
#1015=ELLIPSE('',#2757,0.0212132034355964,0.015);
#1016=ELLIPSE('',#2761,0.0335410196624969,0.03);
#1017=ELLIPSE('',#2762,0.0212132034355964,0.015);
#1018=ELLIPSE('',#2764,0.0167705098312484,0.015);
#1019=ELLIPSE('',#2766,0.0212132034355964,0.015);
#1020=ELLIPSE('',#2769,0.0212132034355964,0.015);
#1021=ELLIPSE('',#2773,0.033541019662497,0.03);
#1022=ELLIPSE('',#2777,0.0167705098312485,0.015);
#1023=ELLIPSE('',#2779,0.033541019662497,0.03);
#1024=ELLIPSE('',#2782,0.0167705098312485,0.015);
#1025=ELLIPSE('',#2794,0.0167705098312484,0.015);
#1026=ELLIPSE('',#2795,0.0167705098312485,0.015);
#1027=ELLIPSE('',#2796,0.0167705098312484,0.015);
#1028=ELLIPSE('',#2797,0.0167705098312485,0.015);
#1029=ELLIPSE('',#2832,0.0335410196624969,0.03);
#1030=ELLIPSE('',#2833,0.0212132034355964,0.015);
#1031=ELLIPSE('',#2837,0.0335410196624969,0.03);
#1032=ELLIPSE('',#2838,0.0212132034355964,0.015);
#1033=ELLIPSE('',#2841,0.0212132034355964,0.015);
#1034=ELLIPSE('',#2844,0.0212132034355964,0.015);
#1035=ELLIPSE('',#2848,0.033541019662497,0.03);
#1036=ELLIPSE('',#2853,0.033541019662497,0.03);
#1037=VERTEX_POINT('',#3612);
#1038=VERTEX_POINT('',#3613);
#1039=VERTEX_POINT('',#3615);
#1040=VERTEX_POINT('',#3617);
#1041=VERTEX_POINT('',#3656);
#1042=VERTEX_POINT('',#3657);
#1043=VERTEX_POINT('',#3662);
#1044=VERTEX_POINT('',#3663);
#1045=VERTEX_POINT('',#3703);
#1046=VERTEX_POINT('',#3704);
#1047=VERTEX_POINT('',#3709);
#1048=VERTEX_POINT('',#3710);
#1049=VERTEX_POINT('',#3715);
#1050=VERTEX_POINT('',#3717);
#1051=VERTEX_POINT('',#3721);
#1052=VERTEX_POINT('',#3725);
#1053=VERTEX_POINT('',#3729);
#1054=VERTEX_POINT('',#3733);
#1055=VERTEX_POINT('',#3737);
#1056=VERTEX_POINT('',#3739);
#1057=VERTEX_POINT('',#3741);
#1058=VERTEX_POINT('',#3743);
#1059=VERTEX_POINT('',#3782);
#1060=VERTEX_POINT('',#3783);
#1061=VERTEX_POINT('',#3788);
#1062=VERTEX_POINT('',#3827);
#1063=VERTEX_POINT('',#3829);
#1064=VERTEX_POINT('',#3833);
#1065=VERTEX_POINT('',#3839);
#1066=VERTEX_POINT('',#3841);
#1067=VERTEX_POINT('',#3843);
#1068=VERTEX_POINT('',#3845);
#1069=VERTEX_POINT('',#3856);
#1070=VERTEX_POINT('',#3857);
#1071=VERTEX_POINT('',#3859);
#1072=VERTEX_POINT('',#3861);
#1073=VERTEX_POINT('',#3900);
#1074=VERTEX_POINT('',#3901);
#1075=VERTEX_POINT('',#3906);
#1076=VERTEX_POINT('',#3907);
#1077=VERTEX_POINT('',#3947);
#1078=VERTEX_POINT('',#3948);
#1079=VERTEX_POINT('',#3953);
#1080=VERTEX_POINT('',#3954);
#1081=VERTEX_POINT('',#3959);
#1082=VERTEX_POINT('',#3961);
#1083=VERTEX_POINT('',#3965);
#1084=VERTEX_POINT('',#3969);
#1085=VERTEX_POINT('',#3973);
#1086=VERTEX_POINT('',#3977);
#1087=VERTEX_POINT('',#3981);
#1088=VERTEX_POINT('',#3983);
#1089=VERTEX_POINT('',#3985);
#1090=VERTEX_POINT('',#3987);
#1091=VERTEX_POINT('',#4026);
#1092=VERTEX_POINT('',#4027);
#1093=VERTEX_POINT('',#4032);
#1094=VERTEX_POINT('',#4071);
#1095=VERTEX_POINT('',#4073);
#1096=VERTEX_POINT('',#4077);
#1097=VERTEX_POINT('',#4083);
#1098=VERTEX_POINT('',#4085);
#1099=VERTEX_POINT('',#4087);
#1100=VERTEX_POINT('',#4089);
#1101=VERTEX_POINT('',#4100);
#1102=VERTEX_POINT('',#4101);
#1103=VERTEX_POINT('',#4103);
#1104=VERTEX_POINT('',#4105);
#1105=VERTEX_POINT('',#4144);
#1106=VERTEX_POINT('',#4145);
#1107=VERTEX_POINT('',#4150);
#1108=VERTEX_POINT('',#4151);
#1109=VERTEX_POINT('',#4191);
#1110=VERTEX_POINT('',#4192);
#1111=VERTEX_POINT('',#4197);
#1112=VERTEX_POINT('',#4198);
#1113=VERTEX_POINT('',#4203);
#1114=VERTEX_POINT('',#4205);
#1115=VERTEX_POINT('',#4209);
#1116=VERTEX_POINT('',#4213);
#1117=VERTEX_POINT('',#4217);
#1118=VERTEX_POINT('',#4221);
#1119=VERTEX_POINT('',#4225);
#1120=VERTEX_POINT('',#4227);
#1121=VERTEX_POINT('',#4229);
#1122=VERTEX_POINT('',#4231);
#1123=VERTEX_POINT('',#4270);
#1124=VERTEX_POINT('',#4271);
#1125=VERTEX_POINT('',#4276);
#1126=VERTEX_POINT('',#4315);
#1127=VERTEX_POINT('',#4317);
#1128=VERTEX_POINT('',#4321);
#1129=VERTEX_POINT('',#4327);
#1130=VERTEX_POINT('',#4329);
#1131=VERTEX_POINT('',#4331);
#1132=VERTEX_POINT('',#4333);
#1133=VERTEX_POINT('',#4344);
#1134=VERTEX_POINT('',#4345);
#1135=VERTEX_POINT('',#4347);
#1136=VERTEX_POINT('',#4349);
#1137=VERTEX_POINT('',#4388);
#1138=VERTEX_POINT('',#4389);
#1139=VERTEX_POINT('',#4394);
#1140=VERTEX_POINT('',#4395);
#1141=VERTEX_POINT('',#4435);
#1142=VERTEX_POINT('',#4436);
#1143=VERTEX_POINT('',#4441);
#1144=VERTEX_POINT('',#4442);
#1145=VERTEX_POINT('',#4447);
#1146=VERTEX_POINT('',#4449);
#1147=VERTEX_POINT('',#4453);
#1148=VERTEX_POINT('',#4457);
#1149=VERTEX_POINT('',#4461);
#1150=VERTEX_POINT('',#4465);
#1151=VERTEX_POINT('',#4469);
#1152=VERTEX_POINT('',#4471);
#1153=VERTEX_POINT('',#4473);
#1154=VERTEX_POINT('',#4475);
#1155=VERTEX_POINT('',#4514);
#1156=VERTEX_POINT('',#4515);
#1157=VERTEX_POINT('',#4520);
#1158=VERTEX_POINT('',#4559);
#1159=VERTEX_POINT('',#4561);
#1160=VERTEX_POINT('',#4565);
#1161=VERTEX_POINT('',#4571);
#1162=VERTEX_POINT('',#4573);
#1163=VERTEX_POINT('',#4575);
#1164=VERTEX_POINT('',#4577);
#1165=VERTEX_POINT('',#4588);
#1166=VERTEX_POINT('',#4589);
#1167=VERTEX_POINT('',#4591);
#1168=VERTEX_POINT('',#4593);
#1169=VERTEX_POINT('',#4632);
#1170=VERTEX_POINT('',#4633);
#1171=VERTEX_POINT('',#4638);
#1172=VERTEX_POINT('',#4639);
#1173=VERTEX_POINT('',#4679);
#1174=VERTEX_POINT('',#4680);
#1175=VERTEX_POINT('',#4685);
#1176=VERTEX_POINT('',#4686);
#1177=VERTEX_POINT('',#4691);
#1178=VERTEX_POINT('',#4693);
#1179=VERTEX_POINT('',#4697);
#1180=VERTEX_POINT('',#4701);
#1181=VERTEX_POINT('',#4705);
#1182=VERTEX_POINT('',#4709);
#1183=VERTEX_POINT('',#4713);
#1184=VERTEX_POINT('',#4715);
#1185=VERTEX_POINT('',#4717);
#1186=VERTEX_POINT('',#4719);
#1187=VERTEX_POINT('',#4758);
#1188=VERTEX_POINT('',#4759);
#1189=VERTEX_POINT('',#4764);
#1190=VERTEX_POINT('',#4803);
#1191=VERTEX_POINT('',#4805);
#1192=VERTEX_POINT('',#4809);
#1193=VERTEX_POINT('',#4815);
#1194=VERTEX_POINT('',#4817);
#1195=VERTEX_POINT('',#4819);
#1196=VERTEX_POINT('',#4821);
#1197=VERTEX_POINT('',#4832);
#1198=VERTEX_POINT('',#4833);
#1199=VERTEX_POINT('',#4835);
#1200=VERTEX_POINT('',#4837);
#1201=VERTEX_POINT('',#4839);
#1202=VERTEX_POINT('',#4841);
#1203=VERTEX_POINT('',#4843);
#1204=VERTEX_POINT('',#4845);
#1205=VERTEX_POINT('',#4847);
#1206=VERTEX_POINT('',#4849);
#1207=VERTEX_POINT('',#4851);
#1208=VERTEX_POINT('',#4853);
#1209=VERTEX_POINT('',#4855);
#1210=VERTEX_POINT('',#4857);
#1211=VERTEX_POINT('',#4859);
#1212=VERTEX_POINT('',#4861);
#1213=VERTEX_POINT('',#4863);
#1214=VERTEX_POINT('',#4865);
#1215=VERTEX_POINT('',#4867);
#1216=VERTEX_POINT('',#4870);
#1217=VERTEX_POINT('',#4871);
#1218=VERTEX_POINT('',#4873);
#1219=VERTEX_POINT('',#4875);
#1220=VERTEX_POINT('',#4877);
#1221=VERTEX_POINT('',#4879);
#1222=VERTEX_POINT('',#4882);
#1223=VERTEX_POINT('',#4883);
#1224=VERTEX_POINT('',#4885);
#1225=VERTEX_POINT('',#4887);
#1226=VERTEX_POINT('',#4889);
#1227=VERTEX_POINT('',#4891);
#1228=VERTEX_POINT('',#4894);
#1229=VERTEX_POINT('',#4896);
#1230=VERTEX_POINT('',#4899);
#1231=VERTEX_POINT('',#4901);
#1232=VERTEX_POINT('',#4905);
#1233=VERTEX_POINT('',#4909);
#1234=VERTEX_POINT('',#4911);
#1235=VERTEX_POINT('',#4916);
#1236=VERTEX_POINT('',#4918);
#1237=VERTEX_POINT('',#4920);
#1238=VERTEX_POINT('',#4922);
#1239=VERTEX_POINT('',#4924);
#1240=VERTEX_POINT('',#4926);
#1241=VERTEX_POINT('',#4928);
#1242=VERTEX_POINT('',#4930);
#1243=VERTEX_POINT('',#4932);
#1244=VERTEX_POINT('',#4934);
#1245=VERTEX_POINT('',#4936);
#1246=VERTEX_POINT('',#4938);
#1247=VERTEX_POINT('',#4940);
#1248=VERTEX_POINT('',#4942);
#1249=VERTEX_POINT('',#4945);
#1250=VERTEX_POINT('',#4947);
#1251=VERTEX_POINT('',#4984);
#1252=VERTEX_POINT('',#4986);
#1253=VERTEX_POINT('',#5025);
#1254=VERTEX_POINT('',#5026);
#1255=VERTEX_POINT('',#5031);
#1256=VERTEX_POINT('',#5032);
#1257=VERTEX_POINT('',#5072);
#1258=VERTEX_POINT('',#5073);
#1259=VERTEX_POINT('',#5081);
#1260=VERTEX_POINT('',#5083);
#1261=VERTEX_POINT('',#5087);
#1262=VERTEX_POINT('',#5091);
#1263=VERTEX_POINT('',#5099);
#1264=VERTEX_POINT('',#5101);
#1265=VERTEX_POINT('',#5140);
#1266=VERTEX_POINT('',#5141);
#1267=VERTEX_POINT('',#5183);
#1268=VERTEX_POINT('',#5185);
#1269=VERTEX_POINT('',#5193);
#1270=VERTEX_POINT('',#5195);
#1271=EDGE_CURVE('',#1037,#1038,#965,.T.);
#1272=EDGE_CURVE('',#1037,#1039,#483,.T.);
#1273=EDGE_CURVE('',#1039,#1040,#421,.T.);
#1274=EDGE_CURVE('',#1040,#1038,#484,.T.);
#1275=EDGE_CURVE('',#1041,#1042,#422,.T.);
#1276=EDGE_CURVE('',#1042,#1040,#966,.T.);
#1277=EDGE_CURVE('',#1039,#1041,#967,.T.);
#1278=EDGE_CURVE('',#1043,#1044,#423,.T.);
#1279=EDGE_CURVE('',#1044,#1042,#485,.T.);
#1280=EDGE_CURVE('',#1041,#1043,#486,.T.);
#1281=EDGE_CURVE('',#1045,#1046,#424,.T.);
#1282=EDGE_CURVE('',#1046,#1044,#968,.T.);
#1283=EDGE_CURVE('',#1043,#1045,#969,.T.);
#1284=EDGE_CURVE('',#1047,#1048,#970,.T.);
#1285=EDGE_CURVE('',#1047,#1046,#487,.T.);
#1286=EDGE_CURVE('',#1045,#1048,#488,.T.);
#1287=EDGE_CURVE('',#1043,#1049,#489,.T.);
#1288=EDGE_CURVE('',#1049,#1050,#971,.F.);
#1289=EDGE_CURVE('',#1050,#1045,#490,.T.);
#1290=EDGE_CURVE('',#1051,#1041,#491,.T.);
#1291=EDGE_CURVE('',#1049,#1051,#492,.T.);
#1292=EDGE_CURVE('',#1039,#1052,#493,.T.);
#1293=EDGE_CURVE('',#1052,#1051,#972,.F.);
#1294=EDGE_CURVE('',#1053,#1037,#494,.T.);
#1295=EDGE_CURVE('',#1052,#1053,#495,.T.);
#1296=EDGE_CURVE('',#1054,#1050,#496,.T.);
#1297=EDGE_CURVE('',#1048,#1054,#497,.T.);
#1298=EDGE_CURVE('',#1055,#1047,#498,.T.);
#1299=EDGE_CURVE('',#1055,#1056,#499,.T.);
#1300=EDGE_CURVE('',#1057,#1056,#500,.F.);
#1301=EDGE_CURVE('',#1058,#1057,#501,.F.);
#1302=EDGE_CURVE('',#1038,#1058,#502,.T.);
#1303=EDGE_CURVE('',#1059,#1060,#973,.T.);
#1304=EDGE_CURVE('',#1050,#1060,#425,.T.);
#1305=EDGE_CURVE('',#1059,#1049,#426,.T.);
#1306=EDGE_CURVE('',#1054,#1061,#974,.T.);
#1307=EDGE_CURVE('',#1060,#1061,#503,.T.);
#1308=EDGE_CURVE('',#1062,#1052,#427,.T.);
#1309=EDGE_CURVE('',#1062,#1063,#975,.T.);
#1310=EDGE_CURVE('',#1051,#1063,#428,.T.);
#1311=EDGE_CURVE('',#1064,#1053,#976,.T.);
#1312=EDGE_CURVE('',#1064,#1062,#504,.T.);
#1313=EDGE_CURVE('',#1063,#1059,#505,.T.);
#1314=EDGE_CURVE('',#1065,#1064,#506,.T.);
#1315=EDGE_CURVE('',#1065,#1066,#507,.T.);
#1316=EDGE_CURVE('',#1067,#1066,#508,.T.);
#1317=EDGE_CURVE('',#1067,#1068,#509,.T.);
#1318=EDGE_CURVE('',#1061,#1068,#510,.T.);
#1319=EDGE_CURVE('',#1058,#1065,#511,.T.);
#1320=EDGE_CURVE('',#1066,#1057,#512,.T.);
#1321=EDGE_CURVE('',#1056,#1067,#513,.T.);
#1322=EDGE_CURVE('',#1068,#1055,#514,.T.);
#1323=EDGE_CURVE('',#1069,#1070,#977,.T.);
#1324=EDGE_CURVE('',#1069,#1071,#515,.T.);
#1325=EDGE_CURVE('',#1071,#1072,#429,.T.);
#1326=EDGE_CURVE('',#1072,#1070,#516,.T.);
#1327=EDGE_CURVE('',#1073,#1074,#430,.T.);
#1328=EDGE_CURVE('',#1074,#1072,#978,.T.);
#1329=EDGE_CURVE('',#1071,#1073,#979,.T.);
#1330=EDGE_CURVE('',#1075,#1076,#431,.T.);
#1331=EDGE_CURVE('',#1076,#1074,#517,.T.);
#1332=EDGE_CURVE('',#1073,#1075,#518,.T.);
#1333=EDGE_CURVE('',#1077,#1078,#432,.T.);
#1334=EDGE_CURVE('',#1078,#1076,#980,.T.);
#1335=EDGE_CURVE('',#1075,#1077,#981,.T.);
#1336=EDGE_CURVE('',#1079,#1080,#982,.T.);
#1337=EDGE_CURVE('',#1079,#1078,#519,.T.);
#1338=EDGE_CURVE('',#1077,#1080,#520,.T.);
#1339=EDGE_CURVE('',#1075,#1081,#521,.T.);
#1340=EDGE_CURVE('',#1081,#1082,#983,.F.);
#1341=EDGE_CURVE('',#1082,#1077,#522,.T.);
#1342=EDGE_CURVE('',#1083,#1073,#523,.T.);
#1343=EDGE_CURVE('',#1081,#1083,#524,.T.);
#1344=EDGE_CURVE('',#1071,#1084,#525,.T.);
#1345=EDGE_CURVE('',#1084,#1083,#984,.F.);
#1346=EDGE_CURVE('',#1085,#1069,#526,.T.);
#1347=EDGE_CURVE('',#1084,#1085,#527,.T.);
#1348=EDGE_CURVE('',#1086,#1082,#528,.T.);
#1349=EDGE_CURVE('',#1080,#1086,#529,.T.);
#1350=EDGE_CURVE('',#1087,#1079,#530,.T.);
#1351=EDGE_CURVE('',#1087,#1088,#531,.T.);
#1352=EDGE_CURVE('',#1089,#1088,#532,.F.);
#1353=EDGE_CURVE('',#1090,#1089,#533,.F.);
#1354=EDGE_CURVE('',#1070,#1090,#534,.T.);
#1355=EDGE_CURVE('',#1091,#1092,#985,.T.);
#1356=EDGE_CURVE('',#1082,#1092,#433,.T.);
#1357=EDGE_CURVE('',#1091,#1081,#434,.T.);
#1358=EDGE_CURVE('',#1086,#1093,#986,.T.);
#1359=EDGE_CURVE('',#1092,#1093,#535,.T.);
#1360=EDGE_CURVE('',#1094,#1084,#435,.T.);
#1361=EDGE_CURVE('',#1094,#1095,#987,.T.);
#1362=EDGE_CURVE('',#1083,#1095,#436,.T.);
#1363=EDGE_CURVE('',#1096,#1085,#988,.T.);
#1364=EDGE_CURVE('',#1096,#1094,#536,.T.);
#1365=EDGE_CURVE('',#1095,#1091,#537,.T.);
#1366=EDGE_CURVE('',#1097,#1096,#538,.T.);
#1367=EDGE_CURVE('',#1097,#1098,#539,.T.);
#1368=EDGE_CURVE('',#1099,#1098,#540,.T.);
#1369=EDGE_CURVE('',#1099,#1100,#541,.T.);
#1370=EDGE_CURVE('',#1093,#1100,#542,.T.);
#1371=EDGE_CURVE('',#1090,#1097,#543,.T.);
#1372=EDGE_CURVE('',#1098,#1089,#544,.T.);
#1373=EDGE_CURVE('',#1088,#1099,#545,.T.);
#1374=EDGE_CURVE('',#1100,#1087,#546,.T.);
#1375=EDGE_CURVE('',#1101,#1102,#989,.T.);
#1376=EDGE_CURVE('',#1101,#1103,#547,.T.);
#1377=EDGE_CURVE('',#1103,#1104,#437,.T.);
#1378=EDGE_CURVE('',#1104,#1102,#548,.T.);
#1379=EDGE_CURVE('',#1105,#1106,#438,.T.);
#1380=EDGE_CURVE('',#1106,#1104,#990,.T.);
#1381=EDGE_CURVE('',#1103,#1105,#991,.T.);
#1382=EDGE_CURVE('',#1107,#1108,#439,.T.);
#1383=EDGE_CURVE('',#1108,#1106,#549,.T.);
#1384=EDGE_CURVE('',#1105,#1107,#550,.T.);
#1385=EDGE_CURVE('',#1109,#1110,#440,.T.);
#1386=EDGE_CURVE('',#1110,#1108,#992,.T.);
#1387=EDGE_CURVE('',#1107,#1109,#993,.T.);
#1388=EDGE_CURVE('',#1111,#1112,#994,.T.);
#1389=EDGE_CURVE('',#1111,#1110,#551,.T.);
#1390=EDGE_CURVE('',#1109,#1112,#552,.T.);
#1391=EDGE_CURVE('',#1107,#1113,#553,.T.);
#1392=EDGE_CURVE('',#1113,#1114,#995,.F.);
#1393=EDGE_CURVE('',#1114,#1109,#554,.T.);
#1394=EDGE_CURVE('',#1115,#1105,#555,.T.);
#1395=EDGE_CURVE('',#1113,#1115,#556,.T.);
#1396=EDGE_CURVE('',#1103,#1116,#557,.T.);
#1397=EDGE_CURVE('',#1116,#1115,#996,.F.);
#1398=EDGE_CURVE('',#1117,#1101,#558,.T.);
#1399=EDGE_CURVE('',#1116,#1117,#559,.T.);
#1400=EDGE_CURVE('',#1118,#1114,#560,.T.);
#1401=EDGE_CURVE('',#1112,#1118,#561,.T.);
#1402=EDGE_CURVE('',#1119,#1111,#562,.T.);
#1403=EDGE_CURVE('',#1119,#1120,#563,.T.);
#1404=EDGE_CURVE('',#1121,#1120,#564,.F.);
#1405=EDGE_CURVE('',#1122,#1121,#565,.F.);
#1406=EDGE_CURVE('',#1102,#1122,#566,.T.);
#1407=EDGE_CURVE('',#1123,#1124,#997,.T.);
#1408=EDGE_CURVE('',#1114,#1124,#441,.T.);
#1409=EDGE_CURVE('',#1123,#1113,#442,.T.);
#1410=EDGE_CURVE('',#1118,#1125,#998,.T.);
#1411=EDGE_CURVE('',#1124,#1125,#567,.T.);
#1412=EDGE_CURVE('',#1126,#1116,#443,.T.);
#1413=EDGE_CURVE('',#1126,#1127,#999,.T.);
#1414=EDGE_CURVE('',#1115,#1127,#444,.T.);
#1415=EDGE_CURVE('',#1128,#1117,#1000,.T.);
#1416=EDGE_CURVE('',#1128,#1126,#568,.T.);
#1417=EDGE_CURVE('',#1127,#1123,#569,.T.);
#1418=EDGE_CURVE('',#1129,#1128,#570,.T.);
#1419=EDGE_CURVE('',#1129,#1130,#571,.T.);
#1420=EDGE_CURVE('',#1131,#1130,#572,.T.);
#1421=EDGE_CURVE('',#1131,#1132,#573,.T.);
#1422=EDGE_CURVE('',#1125,#1132,#574,.T.);
#1423=EDGE_CURVE('',#1122,#1129,#575,.T.);
#1424=EDGE_CURVE('',#1130,#1121,#576,.T.);
#1425=EDGE_CURVE('',#1120,#1131,#577,.T.);
#1426=EDGE_CURVE('',#1132,#1119,#578,.T.);
#1427=EDGE_CURVE('',#1133,#1134,#1001,.T.);
#1428=EDGE_CURVE('',#1133,#1135,#579,.T.);
#1429=EDGE_CURVE('',#1135,#1136,#445,.T.);
#1430=EDGE_CURVE('',#1136,#1134,#580,.T.);
#1431=EDGE_CURVE('',#1137,#1138,#446,.T.);
#1432=EDGE_CURVE('',#1138,#1136,#1002,.T.);
#1433=EDGE_CURVE('',#1135,#1137,#1003,.T.);
#1434=EDGE_CURVE('',#1139,#1140,#447,.T.);
#1435=EDGE_CURVE('',#1140,#1138,#581,.T.);
#1436=EDGE_CURVE('',#1137,#1139,#582,.T.);
#1437=EDGE_CURVE('',#1141,#1142,#448,.T.);
#1438=EDGE_CURVE('',#1142,#1140,#1004,.T.);
#1439=EDGE_CURVE('',#1139,#1141,#1005,.T.);
#1440=EDGE_CURVE('',#1143,#1144,#1006,.T.);
#1441=EDGE_CURVE('',#1143,#1142,#583,.T.);
#1442=EDGE_CURVE('',#1141,#1144,#584,.T.);
#1443=EDGE_CURVE('',#1139,#1145,#585,.T.);
#1444=EDGE_CURVE('',#1145,#1146,#1007,.F.);
#1445=EDGE_CURVE('',#1146,#1141,#586,.T.);
#1446=EDGE_CURVE('',#1147,#1137,#587,.T.);
#1447=EDGE_CURVE('',#1145,#1147,#588,.T.);
#1448=EDGE_CURVE('',#1135,#1148,#589,.T.);
#1449=EDGE_CURVE('',#1148,#1147,#1008,.F.);
#1450=EDGE_CURVE('',#1149,#1133,#590,.T.);
#1451=EDGE_CURVE('',#1148,#1149,#591,.T.);
#1452=EDGE_CURVE('',#1150,#1146,#592,.T.);
#1453=EDGE_CURVE('',#1144,#1150,#593,.T.);
#1454=EDGE_CURVE('',#1151,#1143,#594,.T.);
#1455=EDGE_CURVE('',#1151,#1152,#595,.T.);
#1456=EDGE_CURVE('',#1153,#1152,#596,.F.);
#1457=EDGE_CURVE('',#1154,#1153,#597,.F.);
#1458=EDGE_CURVE('',#1134,#1154,#598,.T.);
#1459=EDGE_CURVE('',#1155,#1156,#1009,.T.);
#1460=EDGE_CURVE('',#1146,#1156,#449,.T.);
#1461=EDGE_CURVE('',#1155,#1145,#450,.T.);
#1462=EDGE_CURVE('',#1150,#1157,#1010,.T.);
#1463=EDGE_CURVE('',#1156,#1157,#599,.T.);
#1464=EDGE_CURVE('',#1158,#1148,#451,.T.);
#1465=EDGE_CURVE('',#1158,#1159,#1011,.T.);
#1466=EDGE_CURVE('',#1147,#1159,#452,.T.);
#1467=EDGE_CURVE('',#1160,#1149,#1012,.T.);
#1468=EDGE_CURVE('',#1160,#1158,#600,.T.);
#1469=EDGE_CURVE('',#1159,#1155,#601,.T.);
#1470=EDGE_CURVE('',#1161,#1160,#602,.T.);
#1471=EDGE_CURVE('',#1161,#1162,#603,.T.);
#1472=EDGE_CURVE('',#1163,#1162,#604,.T.);
#1473=EDGE_CURVE('',#1163,#1164,#605,.T.);
#1474=EDGE_CURVE('',#1157,#1164,#606,.T.);
#1475=EDGE_CURVE('',#1154,#1161,#607,.T.);
#1476=EDGE_CURVE('',#1162,#1153,#608,.T.);
#1477=EDGE_CURVE('',#1152,#1163,#609,.T.);
#1478=EDGE_CURVE('',#1164,#1151,#610,.T.);
#1479=EDGE_CURVE('',#1165,#1166,#1013,.T.);
#1480=EDGE_CURVE('',#1165,#1167,#611,.T.);
#1481=EDGE_CURVE('',#1167,#1168,#453,.T.);
#1482=EDGE_CURVE('',#1168,#1166,#612,.T.);
#1483=EDGE_CURVE('',#1169,#1170,#454,.T.);
#1484=EDGE_CURVE('',#1170,#1168,#1014,.T.);
#1485=EDGE_CURVE('',#1167,#1169,#1015,.T.);
#1486=EDGE_CURVE('',#1171,#1172,#455,.T.);
#1487=EDGE_CURVE('',#1172,#1170,#613,.T.);
#1488=EDGE_CURVE('',#1169,#1171,#614,.T.);
#1489=EDGE_CURVE('',#1173,#1174,#456,.T.);
#1490=EDGE_CURVE('',#1174,#1172,#1016,.T.);
#1491=EDGE_CURVE('',#1171,#1173,#1017,.T.);
#1492=EDGE_CURVE('',#1175,#1176,#1018,.T.);
#1493=EDGE_CURVE('',#1175,#1174,#615,.T.);
#1494=EDGE_CURVE('',#1173,#1176,#616,.T.);
#1495=EDGE_CURVE('',#1171,#1177,#617,.T.);
#1496=EDGE_CURVE('',#1177,#1178,#1019,.F.);
#1497=EDGE_CURVE('',#1178,#1173,#618,.T.);
#1498=EDGE_CURVE('',#1179,#1169,#619,.T.);
#1499=EDGE_CURVE('',#1177,#1179,#620,.T.);
#1500=EDGE_CURVE('',#1167,#1180,#621,.T.);
#1501=EDGE_CURVE('',#1180,#1179,#1020,.F.);
#1502=EDGE_CURVE('',#1181,#1165,#622,.T.);
#1503=EDGE_CURVE('',#1180,#1181,#623,.T.);
#1504=EDGE_CURVE('',#1182,#1178,#624,.T.);
#1505=EDGE_CURVE('',#1176,#1182,#625,.T.);
#1506=EDGE_CURVE('',#1183,#1175,#626,.T.);
#1507=EDGE_CURVE('',#1183,#1184,#627,.T.);
#1508=EDGE_CURVE('',#1185,#1184,#628,.F.);
#1509=EDGE_CURVE('',#1186,#1185,#629,.F.);
#1510=EDGE_CURVE('',#1166,#1186,#630,.T.);
#1511=EDGE_CURVE('',#1187,#1188,#1021,.T.);
#1512=EDGE_CURVE('',#1178,#1188,#457,.T.);
#1513=EDGE_CURVE('',#1187,#1177,#458,.T.);
#1514=EDGE_CURVE('',#1182,#1189,#1022,.T.);
#1515=EDGE_CURVE('',#1188,#1189,#631,.T.);
#1516=EDGE_CURVE('',#1190,#1180,#459,.T.);
#1517=EDGE_CURVE('',#1190,#1191,#1023,.T.);
#1518=EDGE_CURVE('',#1179,#1191,#460,.T.);
#1519=EDGE_CURVE('',#1192,#1181,#1024,.T.);
#1520=EDGE_CURVE('',#1192,#1190,#632,.T.);
#1521=EDGE_CURVE('',#1191,#1187,#633,.T.);
#1522=EDGE_CURVE('',#1193,#1192,#634,.T.);
#1523=EDGE_CURVE('',#1193,#1194,#635,.T.);
#1524=EDGE_CURVE('',#1195,#1194,#636,.T.);
#1525=EDGE_CURVE('',#1195,#1196,#637,.T.);
#1526=EDGE_CURVE('',#1189,#1196,#638,.T.);
#1527=EDGE_CURVE('',#1186,#1193,#639,.T.);
#1528=EDGE_CURVE('',#1194,#1185,#640,.T.);
#1529=EDGE_CURVE('',#1184,#1195,#641,.T.);
#1530=EDGE_CURVE('',#1196,#1183,#642,.T.);
#1531=EDGE_CURVE('',#1197,#1198,#643,.T.);
#1532=EDGE_CURVE('',#1198,#1199,#644,.T.);
#1533=EDGE_CURVE('',#1200,#1199,#461,.T.);
#1534=EDGE_CURVE('',#1200,#1201,#645,.T.);
#1535=EDGE_CURVE('',#1201,#1202,#646,.T.);
#1536=EDGE_CURVE('',#1202,#1203,#647,.T.);
#1537=EDGE_CURVE('',#1203,#1204,#648,.T.);
#1538=EDGE_CURVE('',#1205,#1204,#462,.T.);
#1539=EDGE_CURVE('',#1205,#1206,#649,.T.);
#1540=EDGE_CURVE('',#1206,#1207,#650,.T.);
#1541=EDGE_CURVE('',#1207,#1208,#651,.T.);
#1542=EDGE_CURVE('',#1209,#1208,#463,.T.);
#1543=EDGE_CURVE('',#1209,#1210,#652,.T.);
#1544=EDGE_CURVE('',#1211,#1210,#464,.T.);
#1545=EDGE_CURVE('',#1211,#1212,#653,.T.);
#1546=EDGE_CURVE('',#1212,#1213,#654,.T.);
#1547=EDGE_CURVE('',#1213,#1214,#655,.T.);
#1548=EDGE_CURVE('',#1215,#1214,#465,.T.);
#1549=EDGE_CURVE('',#1215,#1197,#656,.T.);
#1550=EDGE_CURVE('',#1216,#1217,#1025,.T.);
#1551=EDGE_CURVE('',#1218,#1216,#657,.F.);
#1552=EDGE_CURVE('',#1219,#1218,#658,.T.);
#1553=EDGE_CURVE('',#1220,#1219,#659,.T.);
#1554=EDGE_CURVE('',#1221,#1220,#1026,.F.);
#1555=EDGE_CURVE('',#1221,#1217,#660,.T.);
#1556=EDGE_CURVE('',#1222,#1223,#1027,.T.);
#1557=EDGE_CURVE('',#1222,#1224,#661,.T.);
#1558=EDGE_CURVE('',#1225,#1224,#1028,.F.);
#1559=EDGE_CURVE('',#1226,#1225,#662,.T.);
#1560=EDGE_CURVE('',#1227,#1226,#663,.T.);
#1561=EDGE_CURVE('',#1227,#1223,#664,.T.);
#1562=EDGE_CURVE('',#1228,#1228,#466,.F.);
#1563=EDGE_CURVE('',#1229,#1229,#467,.F.);
#1564=EDGE_CURVE('',#1230,#1197,#665,.T.);
#1565=EDGE_CURVE('',#1231,#1230,#666,.T.);
#1566=EDGE_CURVE('',#1198,#1231,#667,.T.);
#1567=EDGE_CURVE('',#1232,#1231,#668,.T.);
#1568=EDGE_CURVE('',#1199,#1232,#669,.T.);
#1569=EDGE_CURVE('',#1214,#1233,#670,.T.);
#1570=EDGE_CURVE('',#1233,#1234,#468,.T.);
#1571=EDGE_CURVE('',#1234,#1215,#671,.T.);
#1572=EDGE_CURVE('',#1230,#1234,#672,.T.);
#1573=EDGE_CURVE('',#1233,#1235,#673,.T.);
#1574=EDGE_CURVE('',#1235,#1236,#674,.T.);
#1575=EDGE_CURVE('',#1236,#1237,#675,.T.);
#1576=EDGE_CURVE('',#1238,#1237,#469,.T.);
#1577=EDGE_CURVE('',#1238,#1239,#676,.T.);
#1578=EDGE_CURVE('',#1240,#1239,#470,.T.);
#1579=EDGE_CURVE('',#1241,#1240,#677,.T.);
#1580=EDGE_CURVE('',#1242,#1241,#678,.T.);
#1581=EDGE_CURVE('',#1243,#1242,#679,.T.);
#1582=EDGE_CURVE('',#1244,#1243,#471,.T.);
#1583=EDGE_CURVE('',#1245,#1244,#680,.T.);
#1584=EDGE_CURVE('',#1245,#1246,#681,.T.);
#1585=EDGE_CURVE('',#1246,#1247,#682,.T.);
#1586=EDGE_CURVE('',#1247,#1248,#683,.T.);
#1587=EDGE_CURVE('',#1232,#1248,#472,.T.);
#1588=EDGE_CURVE('',#1249,#1249,#473,.F.);
#1589=EDGE_CURVE('',#1250,#1250,#474,.F.);
#1590=EDGE_CURVE('',#1235,#1213,#684,.T.);
#1591=EDGE_CURVE('',#1248,#1200,#685,.T.);
#1592=EDGE_CURVE('',#1247,#1201,#686,.T.);
#1593=EDGE_CURVE('',#1243,#1205,#687,.T.);
#1594=EDGE_CURVE('',#1204,#1244,#688,.T.);
#1595=EDGE_CURVE('',#1242,#1206,#689,.T.);
#1596=EDGE_CURVE('',#1239,#1209,#690,.T.);
#1597=EDGE_CURVE('',#1208,#1240,#691,.T.);
#1598=EDGE_CURVE('',#1210,#1238,#692,.T.);
#1599=EDGE_CURVE('',#1237,#1211,#693,.T.);
#1600=EDGE_CURVE('',#1236,#1212,#694,.T.);
#1601=EDGE_CURVE('',#1228,#1249,#695,.T.);
#1602=EDGE_CURVE('',#1229,#1250,#696,.T.);
#1603=EDGE_CURVE('',#1245,#1203,#697,.T.);
#1604=EDGE_CURVE('',#1246,#1202,#698,.T.);
#1605=EDGE_CURVE('',#1241,#1207,#699,.T.);
#1606=EDGE_CURVE('',#1217,#1251,#700,.T.);
#1607=EDGE_CURVE('',#1251,#1252,#475,.T.);
#1608=EDGE_CURVE('',#1252,#1216,#701,.T.);
#1609=EDGE_CURVE('',#1253,#1254,#476,.T.);
#1610=EDGE_CURVE('',#1254,#1252,#1029,.T.);
#1611=EDGE_CURVE('',#1251,#1253,#1030,.T.);
#1612=EDGE_CURVE('',#1255,#1256,#477,.T.);
#1613=EDGE_CURVE('',#1256,#1254,#702,.T.);
#1614=EDGE_CURVE('',#1253,#1255,#703,.T.);
#1615=EDGE_CURVE('',#1257,#1258,#478,.T.);
#1616=EDGE_CURVE('',#1258,#1256,#1031,.T.);
#1617=EDGE_CURVE('',#1255,#1257,#1032,.T.);
#1618=EDGE_CURVE('',#1223,#1258,#704,.T.);
#1619=EDGE_CURVE('',#1257,#1222,#705,.T.);
#1620=EDGE_CURVE('',#1255,#1259,#706,.T.);
#1621=EDGE_CURVE('',#1259,#1260,#1033,.F.);
#1622=EDGE_CURVE('',#1260,#1257,#707,.T.);
#1623=EDGE_CURVE('',#1261,#1253,#708,.T.);
#1624=EDGE_CURVE('',#1259,#1261,#709,.T.);
#1625=EDGE_CURVE('',#1251,#1262,#710,.T.);
#1626=EDGE_CURVE('',#1262,#1261,#1034,.F.);
#1627=EDGE_CURVE('',#1262,#1221,#711,.T.);
#1628=EDGE_CURVE('',#1224,#1260,#712,.T.);
#1629=EDGE_CURVE('',#1227,#1263,#713,.T.);
#1630=EDGE_CURVE('',#1264,#1263,#714,.F.);
#1631=EDGE_CURVE('',#1218,#1264,#715,.F.);
#1632=EDGE_CURVE('',#1265,#1266,#1035,.T.);
#1633=EDGE_CURVE('',#1260,#1266,#479,.T.);
#1634=EDGE_CURVE('',#1265,#1259,#480,.T.);
#1635=EDGE_CURVE('',#1266,#1225,#716,.T.);
#1636=EDGE_CURVE('',#1267,#1262,#481,.T.);
#1637=EDGE_CURVE('',#1267,#1268,#1036,.T.);
#1638=EDGE_CURVE('',#1261,#1268,#482,.T.);
#1639=EDGE_CURVE('',#1220,#1267,#717,.T.);
#1640=EDGE_CURVE('',#1268,#1265,#718,.T.);
#1641=EDGE_CURVE('',#1219,#1269,#719,.T.);
#1642=EDGE_CURVE('',#1270,#1269,#720,.T.);
#1643=EDGE_CURVE('',#1270,#1226,#721,.T.);
#1644=EDGE_CURVE('',#1269,#1264,#722,.T.);
#1645=EDGE_CURVE('',#1263,#1270,#723,.T.);
#1646=ORIENTED_EDGE('',*,*,#1271,.F.);
#1647=ORIENTED_EDGE('',*,*,#1272,.T.);
#1648=ORIENTED_EDGE('',*,*,#1273,.T.);
#1649=ORIENTED_EDGE('',*,*,#1274,.T.);
#1650=ORIENTED_EDGE('',*,*,#1275,.T.);
#1651=ORIENTED_EDGE('',*,*,#1276,.T.);
#1652=ORIENTED_EDGE('',*,*,#1273,.F.);
#1653=ORIENTED_EDGE('',*,*,#1277,.T.);
#1654=ORIENTED_EDGE('',*,*,#1278,.T.);
#1655=ORIENTED_EDGE('',*,*,#1279,.T.);
#1656=ORIENTED_EDGE('',*,*,#1275,.F.);
#1657=ORIENTED_EDGE('',*,*,#1280,.T.);
#1658=ORIENTED_EDGE('',*,*,#1281,.T.);
#1659=ORIENTED_EDGE('',*,*,#1282,.T.);
#1660=ORIENTED_EDGE('',*,*,#1278,.F.);
#1661=ORIENTED_EDGE('',*,*,#1283,.T.);
#1662=ORIENTED_EDGE('',*,*,#1284,.F.);
#1663=ORIENTED_EDGE('',*,*,#1285,.T.);
#1664=ORIENTED_EDGE('',*,*,#1281,.F.);
#1665=ORIENTED_EDGE('',*,*,#1286,.T.);
#1666=ORIENTED_EDGE('',*,*,#1283,.F.);
#1667=ORIENTED_EDGE('',*,*,#1287,.T.);
#1668=ORIENTED_EDGE('',*,*,#1288,.T.);
#1669=ORIENTED_EDGE('',*,*,#1289,.T.);
#1670=ORIENTED_EDGE('',*,*,#1280,.F.);
#1671=ORIENTED_EDGE('',*,*,#1290,.F.);
#1672=ORIENTED_EDGE('',*,*,#1291,.F.);
#1673=ORIENTED_EDGE('',*,*,#1287,.F.);
#1674=ORIENTED_EDGE('',*,*,#1277,.F.);
#1675=ORIENTED_EDGE('',*,*,#1292,.T.);
#1676=ORIENTED_EDGE('',*,*,#1293,.T.);
#1677=ORIENTED_EDGE('',*,*,#1290,.T.);
#1678=ORIENTED_EDGE('',*,*,#1272,.F.);
#1679=ORIENTED_EDGE('',*,*,#1294,.F.);
#1680=ORIENTED_EDGE('',*,*,#1295,.F.);
#1681=ORIENTED_EDGE('',*,*,#1292,.F.);
#1682=ORIENTED_EDGE('',*,*,#1286,.F.);
#1683=ORIENTED_EDGE('',*,*,#1289,.F.);
#1684=ORIENTED_EDGE('',*,*,#1296,.F.);
#1685=ORIENTED_EDGE('',*,*,#1297,.F.);
#1686=ORIENTED_EDGE('',*,*,#1285,.F.);
#1687=ORIENTED_EDGE('',*,*,#1298,.F.);
#1688=ORIENTED_EDGE('',*,*,#1299,.T.);
#1689=ORIENTED_EDGE('',*,*,#1300,.F.);
#1690=ORIENTED_EDGE('',*,*,#1301,.F.);
#1691=ORIENTED_EDGE('',*,*,#1302,.F.);
#1692=ORIENTED_EDGE('',*,*,#1274,.F.);
#1693=ORIENTED_EDGE('',*,*,#1276,.F.);
#1694=ORIENTED_EDGE('',*,*,#1279,.F.);
#1695=ORIENTED_EDGE('',*,*,#1282,.F.);
#1696=ORIENTED_EDGE('',*,*,#1303,.T.);
#1697=ORIENTED_EDGE('',*,*,#1304,.F.);
#1698=ORIENTED_EDGE('',*,*,#1288,.F.);
#1699=ORIENTED_EDGE('',*,*,#1305,.F.);
#1700=ORIENTED_EDGE('',*,*,#1306,.F.);
#1701=ORIENTED_EDGE('',*,*,#1296,.T.);
#1702=ORIENTED_EDGE('',*,*,#1304,.T.);
#1703=ORIENTED_EDGE('',*,*,#1307,.T.);
#1704=ORIENTED_EDGE('',*,*,#1293,.F.);
#1705=ORIENTED_EDGE('',*,*,#1308,.F.);
#1706=ORIENTED_EDGE('',*,*,#1309,.T.);
#1707=ORIENTED_EDGE('',*,*,#1310,.F.);
#1708=ORIENTED_EDGE('',*,*,#1311,.F.);
#1709=ORIENTED_EDGE('',*,*,#1312,.T.);
#1710=ORIENTED_EDGE('',*,*,#1308,.T.);
#1711=ORIENTED_EDGE('',*,*,#1295,.T.);
#1712=ORIENTED_EDGE('',*,*,#1310,.T.);
#1713=ORIENTED_EDGE('',*,*,#1313,.T.);
#1714=ORIENTED_EDGE('',*,*,#1305,.T.);
#1715=ORIENTED_EDGE('',*,*,#1291,.T.);
#1716=ORIENTED_EDGE('',*,*,#1307,.F.);
#1717=ORIENTED_EDGE('',*,*,#1303,.F.);
#1718=ORIENTED_EDGE('',*,*,#1313,.F.);
#1719=ORIENTED_EDGE('',*,*,#1309,.F.);
#1720=ORIENTED_EDGE('',*,*,#1312,.F.);
#1721=ORIENTED_EDGE('',*,*,#1314,.F.);
#1722=ORIENTED_EDGE('',*,*,#1315,.T.);
#1723=ORIENTED_EDGE('',*,*,#1316,.F.);
#1724=ORIENTED_EDGE('',*,*,#1317,.T.);
#1725=ORIENTED_EDGE('',*,*,#1318,.F.);
#1726=ORIENTED_EDGE('',*,*,#1319,.F.);
#1727=ORIENTED_EDGE('',*,*,#1301,.T.);
#1728=ORIENTED_EDGE('',*,*,#1320,.F.);
#1729=ORIENTED_EDGE('',*,*,#1315,.F.);
#1730=ORIENTED_EDGE('',*,*,#1321,.F.);
#1731=ORIENTED_EDGE('',*,*,#1299,.F.);
#1732=ORIENTED_EDGE('',*,*,#1322,.F.);
#1733=ORIENTED_EDGE('',*,*,#1317,.F.);
#1734=ORIENTED_EDGE('',*,*,#1300,.T.);
#1735=ORIENTED_EDGE('',*,*,#1321,.T.);
#1736=ORIENTED_EDGE('',*,*,#1316,.T.);
#1737=ORIENTED_EDGE('',*,*,#1320,.T.);
#1738=ORIENTED_EDGE('',*,*,#1323,.F.);
#1739=ORIENTED_EDGE('',*,*,#1324,.T.);
#1740=ORIENTED_EDGE('',*,*,#1325,.T.);
#1741=ORIENTED_EDGE('',*,*,#1326,.T.);
#1742=ORIENTED_EDGE('',*,*,#1327,.T.);
#1743=ORIENTED_EDGE('',*,*,#1328,.T.);
#1744=ORIENTED_EDGE('',*,*,#1325,.F.);
#1745=ORIENTED_EDGE('',*,*,#1329,.T.);
#1746=ORIENTED_EDGE('',*,*,#1330,.T.);
#1747=ORIENTED_EDGE('',*,*,#1331,.T.);
#1748=ORIENTED_EDGE('',*,*,#1327,.F.);
#1749=ORIENTED_EDGE('',*,*,#1332,.T.);
#1750=ORIENTED_EDGE('',*,*,#1333,.T.);
#1751=ORIENTED_EDGE('',*,*,#1334,.T.);
#1752=ORIENTED_EDGE('',*,*,#1330,.F.);
#1753=ORIENTED_EDGE('',*,*,#1335,.T.);
#1754=ORIENTED_EDGE('',*,*,#1336,.F.);
#1755=ORIENTED_EDGE('',*,*,#1337,.T.);
#1756=ORIENTED_EDGE('',*,*,#1333,.F.);
#1757=ORIENTED_EDGE('',*,*,#1338,.T.);
#1758=ORIENTED_EDGE('',*,*,#1335,.F.);
#1759=ORIENTED_EDGE('',*,*,#1339,.T.);
#1760=ORIENTED_EDGE('',*,*,#1340,.T.);
#1761=ORIENTED_EDGE('',*,*,#1341,.T.);
#1762=ORIENTED_EDGE('',*,*,#1332,.F.);
#1763=ORIENTED_EDGE('',*,*,#1342,.F.);
#1764=ORIENTED_EDGE('',*,*,#1343,.F.);
#1765=ORIENTED_EDGE('',*,*,#1339,.F.);
#1766=ORIENTED_EDGE('',*,*,#1329,.F.);
#1767=ORIENTED_EDGE('',*,*,#1344,.T.);
#1768=ORIENTED_EDGE('',*,*,#1345,.T.);
#1769=ORIENTED_EDGE('',*,*,#1342,.T.);
#1770=ORIENTED_EDGE('',*,*,#1324,.F.);
#1771=ORIENTED_EDGE('',*,*,#1346,.F.);
#1772=ORIENTED_EDGE('',*,*,#1347,.F.);
#1773=ORIENTED_EDGE('',*,*,#1344,.F.);
#1774=ORIENTED_EDGE('',*,*,#1338,.F.);
#1775=ORIENTED_EDGE('',*,*,#1341,.F.);
#1776=ORIENTED_EDGE('',*,*,#1348,.F.);
#1777=ORIENTED_EDGE('',*,*,#1349,.F.);
#1778=ORIENTED_EDGE('',*,*,#1337,.F.);
#1779=ORIENTED_EDGE('',*,*,#1350,.F.);
#1780=ORIENTED_EDGE('',*,*,#1351,.T.);
#1781=ORIENTED_EDGE('',*,*,#1352,.F.);
#1782=ORIENTED_EDGE('',*,*,#1353,.F.);
#1783=ORIENTED_EDGE('',*,*,#1354,.F.);
#1784=ORIENTED_EDGE('',*,*,#1326,.F.);
#1785=ORIENTED_EDGE('',*,*,#1328,.F.);
#1786=ORIENTED_EDGE('',*,*,#1331,.F.);
#1787=ORIENTED_EDGE('',*,*,#1334,.F.);
#1788=ORIENTED_EDGE('',*,*,#1355,.T.);
#1789=ORIENTED_EDGE('',*,*,#1356,.F.);
#1790=ORIENTED_EDGE('',*,*,#1340,.F.);
#1791=ORIENTED_EDGE('',*,*,#1357,.F.);
#1792=ORIENTED_EDGE('',*,*,#1358,.F.);
#1793=ORIENTED_EDGE('',*,*,#1348,.T.);
#1794=ORIENTED_EDGE('',*,*,#1356,.T.);
#1795=ORIENTED_EDGE('',*,*,#1359,.T.);
#1796=ORIENTED_EDGE('',*,*,#1345,.F.);
#1797=ORIENTED_EDGE('',*,*,#1360,.F.);
#1798=ORIENTED_EDGE('',*,*,#1361,.T.);
#1799=ORIENTED_EDGE('',*,*,#1362,.F.);
#1800=ORIENTED_EDGE('',*,*,#1363,.F.);
#1801=ORIENTED_EDGE('',*,*,#1364,.T.);
#1802=ORIENTED_EDGE('',*,*,#1360,.T.);
#1803=ORIENTED_EDGE('',*,*,#1347,.T.);
#1804=ORIENTED_EDGE('',*,*,#1362,.T.);
#1805=ORIENTED_EDGE('',*,*,#1365,.T.);
#1806=ORIENTED_EDGE('',*,*,#1357,.T.);
#1807=ORIENTED_EDGE('',*,*,#1343,.T.);
#1808=ORIENTED_EDGE('',*,*,#1359,.F.);
#1809=ORIENTED_EDGE('',*,*,#1355,.F.);
#1810=ORIENTED_EDGE('',*,*,#1365,.F.);
#1811=ORIENTED_EDGE('',*,*,#1361,.F.);
#1812=ORIENTED_EDGE('',*,*,#1364,.F.);
#1813=ORIENTED_EDGE('',*,*,#1366,.F.);
#1814=ORIENTED_EDGE('',*,*,#1367,.T.);
#1815=ORIENTED_EDGE('',*,*,#1368,.F.);
#1816=ORIENTED_EDGE('',*,*,#1369,.T.);
#1817=ORIENTED_EDGE('',*,*,#1370,.F.);
#1818=ORIENTED_EDGE('',*,*,#1371,.F.);
#1819=ORIENTED_EDGE('',*,*,#1353,.T.);
#1820=ORIENTED_EDGE('',*,*,#1372,.F.);
#1821=ORIENTED_EDGE('',*,*,#1367,.F.);
#1822=ORIENTED_EDGE('',*,*,#1373,.F.);
#1823=ORIENTED_EDGE('',*,*,#1351,.F.);
#1824=ORIENTED_EDGE('',*,*,#1374,.F.);
#1825=ORIENTED_EDGE('',*,*,#1369,.F.);
#1826=ORIENTED_EDGE('',*,*,#1352,.T.);
#1827=ORIENTED_EDGE('',*,*,#1373,.T.);
#1828=ORIENTED_EDGE('',*,*,#1368,.T.);
#1829=ORIENTED_EDGE('',*,*,#1372,.T.);
#1830=ORIENTED_EDGE('',*,*,#1375,.F.);
#1831=ORIENTED_EDGE('',*,*,#1376,.T.);
#1832=ORIENTED_EDGE('',*,*,#1377,.T.);
#1833=ORIENTED_EDGE('',*,*,#1378,.T.);
#1834=ORIENTED_EDGE('',*,*,#1379,.T.);
#1835=ORIENTED_EDGE('',*,*,#1380,.T.);
#1836=ORIENTED_EDGE('',*,*,#1377,.F.);
#1837=ORIENTED_EDGE('',*,*,#1381,.T.);
#1838=ORIENTED_EDGE('',*,*,#1382,.T.);
#1839=ORIENTED_EDGE('',*,*,#1383,.T.);
#1840=ORIENTED_EDGE('',*,*,#1379,.F.);
#1841=ORIENTED_EDGE('',*,*,#1384,.T.);
#1842=ORIENTED_EDGE('',*,*,#1385,.T.);
#1843=ORIENTED_EDGE('',*,*,#1386,.T.);
#1844=ORIENTED_EDGE('',*,*,#1382,.F.);
#1845=ORIENTED_EDGE('',*,*,#1387,.T.);
#1846=ORIENTED_EDGE('',*,*,#1388,.F.);
#1847=ORIENTED_EDGE('',*,*,#1389,.T.);
#1848=ORIENTED_EDGE('',*,*,#1385,.F.);
#1849=ORIENTED_EDGE('',*,*,#1390,.T.);
#1850=ORIENTED_EDGE('',*,*,#1387,.F.);
#1851=ORIENTED_EDGE('',*,*,#1391,.T.);
#1852=ORIENTED_EDGE('',*,*,#1392,.T.);
#1853=ORIENTED_EDGE('',*,*,#1393,.T.);
#1854=ORIENTED_EDGE('',*,*,#1384,.F.);
#1855=ORIENTED_EDGE('',*,*,#1394,.F.);
#1856=ORIENTED_EDGE('',*,*,#1395,.F.);
#1857=ORIENTED_EDGE('',*,*,#1391,.F.);
#1858=ORIENTED_EDGE('',*,*,#1381,.F.);
#1859=ORIENTED_EDGE('',*,*,#1396,.T.);
#1860=ORIENTED_EDGE('',*,*,#1397,.T.);
#1861=ORIENTED_EDGE('',*,*,#1394,.T.);
#1862=ORIENTED_EDGE('',*,*,#1376,.F.);
#1863=ORIENTED_EDGE('',*,*,#1398,.F.);
#1864=ORIENTED_EDGE('',*,*,#1399,.F.);
#1865=ORIENTED_EDGE('',*,*,#1396,.F.);
#1866=ORIENTED_EDGE('',*,*,#1390,.F.);
#1867=ORIENTED_EDGE('',*,*,#1393,.F.);
#1868=ORIENTED_EDGE('',*,*,#1400,.F.);
#1869=ORIENTED_EDGE('',*,*,#1401,.F.);
#1870=ORIENTED_EDGE('',*,*,#1389,.F.);
#1871=ORIENTED_EDGE('',*,*,#1402,.F.);
#1872=ORIENTED_EDGE('',*,*,#1403,.T.);
#1873=ORIENTED_EDGE('',*,*,#1404,.F.);
#1874=ORIENTED_EDGE('',*,*,#1405,.F.);
#1875=ORIENTED_EDGE('',*,*,#1406,.F.);
#1876=ORIENTED_EDGE('',*,*,#1378,.F.);
#1877=ORIENTED_EDGE('',*,*,#1380,.F.);
#1878=ORIENTED_EDGE('',*,*,#1383,.F.);
#1879=ORIENTED_EDGE('',*,*,#1386,.F.);
#1880=ORIENTED_EDGE('',*,*,#1407,.T.);
#1881=ORIENTED_EDGE('',*,*,#1408,.F.);
#1882=ORIENTED_EDGE('',*,*,#1392,.F.);
#1883=ORIENTED_EDGE('',*,*,#1409,.F.);
#1884=ORIENTED_EDGE('',*,*,#1410,.F.);
#1885=ORIENTED_EDGE('',*,*,#1400,.T.);
#1886=ORIENTED_EDGE('',*,*,#1408,.T.);
#1887=ORIENTED_EDGE('',*,*,#1411,.T.);
#1888=ORIENTED_EDGE('',*,*,#1397,.F.);
#1889=ORIENTED_EDGE('',*,*,#1412,.F.);
#1890=ORIENTED_EDGE('',*,*,#1413,.T.);
#1891=ORIENTED_EDGE('',*,*,#1414,.F.);
#1892=ORIENTED_EDGE('',*,*,#1415,.F.);
#1893=ORIENTED_EDGE('',*,*,#1416,.T.);
#1894=ORIENTED_EDGE('',*,*,#1412,.T.);
#1895=ORIENTED_EDGE('',*,*,#1399,.T.);
#1896=ORIENTED_EDGE('',*,*,#1414,.T.);
#1897=ORIENTED_EDGE('',*,*,#1417,.T.);
#1898=ORIENTED_EDGE('',*,*,#1409,.T.);
#1899=ORIENTED_EDGE('',*,*,#1395,.T.);
#1900=ORIENTED_EDGE('',*,*,#1411,.F.);
#1901=ORIENTED_EDGE('',*,*,#1407,.F.);
#1902=ORIENTED_EDGE('',*,*,#1417,.F.);
#1903=ORIENTED_EDGE('',*,*,#1413,.F.);
#1904=ORIENTED_EDGE('',*,*,#1416,.F.);
#1905=ORIENTED_EDGE('',*,*,#1418,.F.);
#1906=ORIENTED_EDGE('',*,*,#1419,.T.);
#1907=ORIENTED_EDGE('',*,*,#1420,.F.);
#1908=ORIENTED_EDGE('',*,*,#1421,.T.);
#1909=ORIENTED_EDGE('',*,*,#1422,.F.);
#1910=ORIENTED_EDGE('',*,*,#1423,.F.);
#1911=ORIENTED_EDGE('',*,*,#1405,.T.);
#1912=ORIENTED_EDGE('',*,*,#1424,.F.);
#1913=ORIENTED_EDGE('',*,*,#1419,.F.);
#1914=ORIENTED_EDGE('',*,*,#1425,.F.);
#1915=ORIENTED_EDGE('',*,*,#1403,.F.);
#1916=ORIENTED_EDGE('',*,*,#1426,.F.);
#1917=ORIENTED_EDGE('',*,*,#1421,.F.);
#1918=ORIENTED_EDGE('',*,*,#1404,.T.);
#1919=ORIENTED_EDGE('',*,*,#1425,.T.);
#1920=ORIENTED_EDGE('',*,*,#1420,.T.);
#1921=ORIENTED_EDGE('',*,*,#1424,.T.);
#1922=ORIENTED_EDGE('',*,*,#1427,.F.);
#1923=ORIENTED_EDGE('',*,*,#1428,.T.);
#1924=ORIENTED_EDGE('',*,*,#1429,.T.);
#1925=ORIENTED_EDGE('',*,*,#1430,.T.);
#1926=ORIENTED_EDGE('',*,*,#1431,.T.);
#1927=ORIENTED_EDGE('',*,*,#1432,.T.);
#1928=ORIENTED_EDGE('',*,*,#1429,.F.);
#1929=ORIENTED_EDGE('',*,*,#1433,.T.);
#1930=ORIENTED_EDGE('',*,*,#1434,.T.);
#1931=ORIENTED_EDGE('',*,*,#1435,.T.);
#1932=ORIENTED_EDGE('',*,*,#1431,.F.);
#1933=ORIENTED_EDGE('',*,*,#1436,.T.);
#1934=ORIENTED_EDGE('',*,*,#1437,.T.);
#1935=ORIENTED_EDGE('',*,*,#1438,.T.);
#1936=ORIENTED_EDGE('',*,*,#1434,.F.);
#1937=ORIENTED_EDGE('',*,*,#1439,.T.);
#1938=ORIENTED_EDGE('',*,*,#1440,.F.);
#1939=ORIENTED_EDGE('',*,*,#1441,.T.);
#1940=ORIENTED_EDGE('',*,*,#1437,.F.);
#1941=ORIENTED_EDGE('',*,*,#1442,.T.);
#1942=ORIENTED_EDGE('',*,*,#1439,.F.);
#1943=ORIENTED_EDGE('',*,*,#1443,.T.);
#1944=ORIENTED_EDGE('',*,*,#1444,.T.);
#1945=ORIENTED_EDGE('',*,*,#1445,.T.);
#1946=ORIENTED_EDGE('',*,*,#1436,.F.);
#1947=ORIENTED_EDGE('',*,*,#1446,.F.);
#1948=ORIENTED_EDGE('',*,*,#1447,.F.);
#1949=ORIENTED_EDGE('',*,*,#1443,.F.);
#1950=ORIENTED_EDGE('',*,*,#1433,.F.);
#1951=ORIENTED_EDGE('',*,*,#1448,.T.);
#1952=ORIENTED_EDGE('',*,*,#1449,.T.);
#1953=ORIENTED_EDGE('',*,*,#1446,.T.);
#1954=ORIENTED_EDGE('',*,*,#1428,.F.);
#1955=ORIENTED_EDGE('',*,*,#1450,.F.);
#1956=ORIENTED_EDGE('',*,*,#1451,.F.);
#1957=ORIENTED_EDGE('',*,*,#1448,.F.);
#1958=ORIENTED_EDGE('',*,*,#1442,.F.);
#1959=ORIENTED_EDGE('',*,*,#1445,.F.);
#1960=ORIENTED_EDGE('',*,*,#1452,.F.);
#1961=ORIENTED_EDGE('',*,*,#1453,.F.);
#1962=ORIENTED_EDGE('',*,*,#1441,.F.);
#1963=ORIENTED_EDGE('',*,*,#1454,.F.);
#1964=ORIENTED_EDGE('',*,*,#1455,.T.);
#1965=ORIENTED_EDGE('',*,*,#1456,.F.);
#1966=ORIENTED_EDGE('',*,*,#1457,.F.);
#1967=ORIENTED_EDGE('',*,*,#1458,.F.);
#1968=ORIENTED_EDGE('',*,*,#1430,.F.);
#1969=ORIENTED_EDGE('',*,*,#1432,.F.);
#1970=ORIENTED_EDGE('',*,*,#1435,.F.);
#1971=ORIENTED_EDGE('',*,*,#1438,.F.);
#1972=ORIENTED_EDGE('',*,*,#1459,.T.);
#1973=ORIENTED_EDGE('',*,*,#1460,.F.);
#1974=ORIENTED_EDGE('',*,*,#1444,.F.);
#1975=ORIENTED_EDGE('',*,*,#1461,.F.);
#1976=ORIENTED_EDGE('',*,*,#1462,.F.);
#1977=ORIENTED_EDGE('',*,*,#1452,.T.);
#1978=ORIENTED_EDGE('',*,*,#1460,.T.);
#1979=ORIENTED_EDGE('',*,*,#1463,.T.);
#1980=ORIENTED_EDGE('',*,*,#1449,.F.);
#1981=ORIENTED_EDGE('',*,*,#1464,.F.);
#1982=ORIENTED_EDGE('',*,*,#1465,.T.);
#1983=ORIENTED_EDGE('',*,*,#1466,.F.);
#1984=ORIENTED_EDGE('',*,*,#1467,.F.);
#1985=ORIENTED_EDGE('',*,*,#1468,.T.);
#1986=ORIENTED_EDGE('',*,*,#1464,.T.);
#1987=ORIENTED_EDGE('',*,*,#1451,.T.);
#1988=ORIENTED_EDGE('',*,*,#1466,.T.);
#1989=ORIENTED_EDGE('',*,*,#1469,.T.);
#1990=ORIENTED_EDGE('',*,*,#1461,.T.);
#1991=ORIENTED_EDGE('',*,*,#1447,.T.);
#1992=ORIENTED_EDGE('',*,*,#1463,.F.);
#1993=ORIENTED_EDGE('',*,*,#1459,.F.);
#1994=ORIENTED_EDGE('',*,*,#1469,.F.);
#1995=ORIENTED_EDGE('',*,*,#1465,.F.);
#1996=ORIENTED_EDGE('',*,*,#1468,.F.);
#1997=ORIENTED_EDGE('',*,*,#1470,.F.);
#1998=ORIENTED_EDGE('',*,*,#1471,.T.);
#1999=ORIENTED_EDGE('',*,*,#1472,.F.);
#2000=ORIENTED_EDGE('',*,*,#1473,.T.);
#2001=ORIENTED_EDGE('',*,*,#1474,.F.);
#2002=ORIENTED_EDGE('',*,*,#1475,.F.);
#2003=ORIENTED_EDGE('',*,*,#1457,.T.);
#2004=ORIENTED_EDGE('',*,*,#1476,.F.);
#2005=ORIENTED_EDGE('',*,*,#1471,.F.);
#2006=ORIENTED_EDGE('',*,*,#1477,.F.);
#2007=ORIENTED_EDGE('',*,*,#1455,.F.);
#2008=ORIENTED_EDGE('',*,*,#1478,.F.);
#2009=ORIENTED_EDGE('',*,*,#1473,.F.);
#2010=ORIENTED_EDGE('',*,*,#1456,.T.);
#2011=ORIENTED_EDGE('',*,*,#1477,.T.);
#2012=ORIENTED_EDGE('',*,*,#1472,.T.);
#2013=ORIENTED_EDGE('',*,*,#1476,.T.);
#2014=ORIENTED_EDGE('',*,*,#1479,.F.);
#2015=ORIENTED_EDGE('',*,*,#1480,.T.);
#2016=ORIENTED_EDGE('',*,*,#1481,.T.);
#2017=ORIENTED_EDGE('',*,*,#1482,.T.);
#2018=ORIENTED_EDGE('',*,*,#1483,.T.);
#2019=ORIENTED_EDGE('',*,*,#1484,.T.);
#2020=ORIENTED_EDGE('',*,*,#1481,.F.);
#2021=ORIENTED_EDGE('',*,*,#1485,.T.);
#2022=ORIENTED_EDGE('',*,*,#1486,.T.);
#2023=ORIENTED_EDGE('',*,*,#1487,.T.);
#2024=ORIENTED_EDGE('',*,*,#1483,.F.);
#2025=ORIENTED_EDGE('',*,*,#1488,.T.);
#2026=ORIENTED_EDGE('',*,*,#1489,.T.);
#2027=ORIENTED_EDGE('',*,*,#1490,.T.);
#2028=ORIENTED_EDGE('',*,*,#1486,.F.);
#2029=ORIENTED_EDGE('',*,*,#1491,.T.);
#2030=ORIENTED_EDGE('',*,*,#1492,.F.);
#2031=ORIENTED_EDGE('',*,*,#1493,.T.);
#2032=ORIENTED_EDGE('',*,*,#1489,.F.);
#2033=ORIENTED_EDGE('',*,*,#1494,.T.);
#2034=ORIENTED_EDGE('',*,*,#1491,.F.);
#2035=ORIENTED_EDGE('',*,*,#1495,.T.);
#2036=ORIENTED_EDGE('',*,*,#1496,.T.);
#2037=ORIENTED_EDGE('',*,*,#1497,.T.);
#2038=ORIENTED_EDGE('',*,*,#1488,.F.);
#2039=ORIENTED_EDGE('',*,*,#1498,.F.);
#2040=ORIENTED_EDGE('',*,*,#1499,.F.);
#2041=ORIENTED_EDGE('',*,*,#1495,.F.);
#2042=ORIENTED_EDGE('',*,*,#1485,.F.);
#2043=ORIENTED_EDGE('',*,*,#1500,.T.);
#2044=ORIENTED_EDGE('',*,*,#1501,.T.);
#2045=ORIENTED_EDGE('',*,*,#1498,.T.);
#2046=ORIENTED_EDGE('',*,*,#1480,.F.);
#2047=ORIENTED_EDGE('',*,*,#1502,.F.);
#2048=ORIENTED_EDGE('',*,*,#1503,.F.);
#2049=ORIENTED_EDGE('',*,*,#1500,.F.);
#2050=ORIENTED_EDGE('',*,*,#1494,.F.);
#2051=ORIENTED_EDGE('',*,*,#1497,.F.);
#2052=ORIENTED_EDGE('',*,*,#1504,.F.);
#2053=ORIENTED_EDGE('',*,*,#1505,.F.);
#2054=ORIENTED_EDGE('',*,*,#1493,.F.);
#2055=ORIENTED_EDGE('',*,*,#1506,.F.);
#2056=ORIENTED_EDGE('',*,*,#1507,.T.);
#2057=ORIENTED_EDGE('',*,*,#1508,.F.);
#2058=ORIENTED_EDGE('',*,*,#1509,.F.);
#2059=ORIENTED_EDGE('',*,*,#1510,.F.);
#2060=ORIENTED_EDGE('',*,*,#1482,.F.);
#2061=ORIENTED_EDGE('',*,*,#1484,.F.);
#2062=ORIENTED_EDGE('',*,*,#1487,.F.);
#2063=ORIENTED_EDGE('',*,*,#1490,.F.);
#2064=ORIENTED_EDGE('',*,*,#1511,.T.);
#2065=ORIENTED_EDGE('',*,*,#1512,.F.);
#2066=ORIENTED_EDGE('',*,*,#1496,.F.);
#2067=ORIENTED_EDGE('',*,*,#1513,.F.);
#2068=ORIENTED_EDGE('',*,*,#1514,.F.);
#2069=ORIENTED_EDGE('',*,*,#1504,.T.);
#2070=ORIENTED_EDGE('',*,*,#1512,.T.);
#2071=ORIENTED_EDGE('',*,*,#1515,.T.);
#2072=ORIENTED_EDGE('',*,*,#1501,.F.);
#2073=ORIENTED_EDGE('',*,*,#1516,.F.);
#2074=ORIENTED_EDGE('',*,*,#1517,.T.);
#2075=ORIENTED_EDGE('',*,*,#1518,.F.);
#2076=ORIENTED_EDGE('',*,*,#1519,.F.);
#2077=ORIENTED_EDGE('',*,*,#1520,.T.);
#2078=ORIENTED_EDGE('',*,*,#1516,.T.);
#2079=ORIENTED_EDGE('',*,*,#1503,.T.);
#2080=ORIENTED_EDGE('',*,*,#1518,.T.);
#2081=ORIENTED_EDGE('',*,*,#1521,.T.);
#2082=ORIENTED_EDGE('',*,*,#1513,.T.);
#2083=ORIENTED_EDGE('',*,*,#1499,.T.);
#2084=ORIENTED_EDGE('',*,*,#1515,.F.);
#2085=ORIENTED_EDGE('',*,*,#1511,.F.);
#2086=ORIENTED_EDGE('',*,*,#1521,.F.);
#2087=ORIENTED_EDGE('',*,*,#1517,.F.);
#2088=ORIENTED_EDGE('',*,*,#1520,.F.);
#2089=ORIENTED_EDGE('',*,*,#1522,.F.);
#2090=ORIENTED_EDGE('',*,*,#1523,.T.);
#2091=ORIENTED_EDGE('',*,*,#1524,.F.);
#2092=ORIENTED_EDGE('',*,*,#1525,.T.);
#2093=ORIENTED_EDGE('',*,*,#1526,.F.);
#2094=ORIENTED_EDGE('',*,*,#1527,.F.);
#2095=ORIENTED_EDGE('',*,*,#1509,.T.);
#2096=ORIENTED_EDGE('',*,*,#1528,.F.);
#2097=ORIENTED_EDGE('',*,*,#1523,.F.);
#2098=ORIENTED_EDGE('',*,*,#1529,.F.);
#2099=ORIENTED_EDGE('',*,*,#1507,.F.);
#2100=ORIENTED_EDGE('',*,*,#1530,.F.);
#2101=ORIENTED_EDGE('',*,*,#1525,.F.);
#2102=ORIENTED_EDGE('',*,*,#1508,.T.);
#2103=ORIENTED_EDGE('',*,*,#1529,.T.);
#2104=ORIENTED_EDGE('',*,*,#1524,.T.);
#2105=ORIENTED_EDGE('',*,*,#1528,.T.);
#2106=ORIENTED_EDGE('',*,*,#1531,.T.);
#2107=ORIENTED_EDGE('',*,*,#1532,.T.);
#2108=ORIENTED_EDGE('',*,*,#1533,.F.);
#2109=ORIENTED_EDGE('',*,*,#1534,.T.);
#2110=ORIENTED_EDGE('',*,*,#1535,.T.);
#2111=ORIENTED_EDGE('',*,*,#1536,.T.);
#2112=ORIENTED_EDGE('',*,*,#1537,.T.);
#2113=ORIENTED_EDGE('',*,*,#1538,.F.);
#2114=ORIENTED_EDGE('',*,*,#1539,.T.);
#2115=ORIENTED_EDGE('',*,*,#1540,.T.);
#2116=ORIENTED_EDGE('',*,*,#1541,.T.);
#2117=ORIENTED_EDGE('',*,*,#1542,.F.);
#2118=ORIENTED_EDGE('',*,*,#1543,.T.);
#2119=ORIENTED_EDGE('',*,*,#1544,.F.);
#2120=ORIENTED_EDGE('',*,*,#1545,.T.);
#2121=ORIENTED_EDGE('',*,*,#1546,.T.);
#2122=ORIENTED_EDGE('',*,*,#1547,.T.);
#2123=ORIENTED_EDGE('',*,*,#1548,.F.);
#2124=ORIENTED_EDGE('',*,*,#1549,.T.);
#2125=ORIENTED_EDGE('',*,*,#1271,.T.);
#2126=ORIENTED_EDGE('',*,*,#1302,.T.);
#2127=ORIENTED_EDGE('',*,*,#1319,.T.);
#2128=ORIENTED_EDGE('',*,*,#1314,.T.);
#2129=ORIENTED_EDGE('',*,*,#1311,.T.);
#2130=ORIENTED_EDGE('',*,*,#1294,.T.);
#2131=ORIENTED_EDGE('',*,*,#1284,.T.);
#2132=ORIENTED_EDGE('',*,*,#1297,.T.);
#2133=ORIENTED_EDGE('',*,*,#1306,.T.);
#2134=ORIENTED_EDGE('',*,*,#1318,.T.);
#2135=ORIENTED_EDGE('',*,*,#1322,.T.);
#2136=ORIENTED_EDGE('',*,*,#1298,.T.);
#2137=ORIENTED_EDGE('',*,*,#1323,.T.);
#2138=ORIENTED_EDGE('',*,*,#1354,.T.);
#2139=ORIENTED_EDGE('',*,*,#1371,.T.);
#2140=ORIENTED_EDGE('',*,*,#1366,.T.);
#2141=ORIENTED_EDGE('',*,*,#1363,.T.);
#2142=ORIENTED_EDGE('',*,*,#1346,.T.);
#2143=ORIENTED_EDGE('',*,*,#1336,.T.);
#2144=ORIENTED_EDGE('',*,*,#1349,.T.);
#2145=ORIENTED_EDGE('',*,*,#1358,.T.);
#2146=ORIENTED_EDGE('',*,*,#1370,.T.);
#2147=ORIENTED_EDGE('',*,*,#1374,.T.);
#2148=ORIENTED_EDGE('',*,*,#1350,.T.);
#2149=ORIENTED_EDGE('',*,*,#1375,.T.);
#2150=ORIENTED_EDGE('',*,*,#1406,.T.);
#2151=ORIENTED_EDGE('',*,*,#1423,.T.);
#2152=ORIENTED_EDGE('',*,*,#1418,.T.);
#2153=ORIENTED_EDGE('',*,*,#1415,.T.);
#2154=ORIENTED_EDGE('',*,*,#1398,.T.);
#2155=ORIENTED_EDGE('',*,*,#1388,.T.);
#2156=ORIENTED_EDGE('',*,*,#1401,.T.);
#2157=ORIENTED_EDGE('',*,*,#1410,.T.);
#2158=ORIENTED_EDGE('',*,*,#1422,.T.);
#2159=ORIENTED_EDGE('',*,*,#1426,.T.);
#2160=ORIENTED_EDGE('',*,*,#1402,.T.);
#2161=ORIENTED_EDGE('',*,*,#1427,.T.);
#2162=ORIENTED_EDGE('',*,*,#1458,.T.);
#2163=ORIENTED_EDGE('',*,*,#1475,.T.);
#2164=ORIENTED_EDGE('',*,*,#1470,.T.);
#2165=ORIENTED_EDGE('',*,*,#1467,.T.);
#2166=ORIENTED_EDGE('',*,*,#1450,.T.);
#2167=ORIENTED_EDGE('',*,*,#1440,.T.);
#2168=ORIENTED_EDGE('',*,*,#1453,.T.);
#2169=ORIENTED_EDGE('',*,*,#1462,.T.);
#2170=ORIENTED_EDGE('',*,*,#1474,.T.);
#2171=ORIENTED_EDGE('',*,*,#1478,.T.);
#2172=ORIENTED_EDGE('',*,*,#1454,.T.);
#2173=ORIENTED_EDGE('',*,*,#1479,.T.);
#2174=ORIENTED_EDGE('',*,*,#1510,.T.);
#2175=ORIENTED_EDGE('',*,*,#1527,.T.);
#2176=ORIENTED_EDGE('',*,*,#1522,.T.);
#2177=ORIENTED_EDGE('',*,*,#1519,.T.);
#2178=ORIENTED_EDGE('',*,*,#1502,.T.);
#2179=ORIENTED_EDGE('',*,*,#1492,.T.);
#2180=ORIENTED_EDGE('',*,*,#1505,.T.);
#2181=ORIENTED_EDGE('',*,*,#1514,.T.);
#2182=ORIENTED_EDGE('',*,*,#1526,.T.);
#2183=ORIENTED_EDGE('',*,*,#1530,.T.);
#2184=ORIENTED_EDGE('',*,*,#1506,.T.);
#2185=ORIENTED_EDGE('',*,*,#1550,.F.);
#2186=ORIENTED_EDGE('',*,*,#1551,.F.);
#2187=ORIENTED_EDGE('',*,*,#1552,.F.);
#2188=ORIENTED_EDGE('',*,*,#1553,.F.);
#2189=ORIENTED_EDGE('',*,*,#1554,.F.);
#2190=ORIENTED_EDGE('',*,*,#1555,.T.);
#2191=ORIENTED_EDGE('',*,*,#1556,.F.);
#2192=ORIENTED_EDGE('',*,*,#1557,.T.);
#2193=ORIENTED_EDGE('',*,*,#1558,.F.);
#2194=ORIENTED_EDGE('',*,*,#1559,.F.);
#2195=ORIENTED_EDGE('',*,*,#1560,.F.);
#2196=ORIENTED_EDGE('',*,*,#1561,.T.);
#2197=ORIENTED_EDGE('',*,*,#1562,.T.);
#2198=ORIENTED_EDGE('',*,*,#1563,.T.);
#2199=ORIENTED_EDGE('',*,*,#1564,.F.);
#2200=ORIENTED_EDGE('',*,*,#1565,.F.);
#2201=ORIENTED_EDGE('',*,*,#1566,.F.);
#2202=ORIENTED_EDGE('',*,*,#1531,.F.);
#2203=ORIENTED_EDGE('',*,*,#1566,.T.);
#2204=ORIENTED_EDGE('',*,*,#1567,.F.);
#2205=ORIENTED_EDGE('',*,*,#1568,.F.);
#2206=ORIENTED_EDGE('',*,*,#1532,.F.);
#2207=ORIENTED_EDGE('',*,*,#1548,.T.);
#2208=ORIENTED_EDGE('',*,*,#1569,.T.);
#2209=ORIENTED_EDGE('',*,*,#1570,.T.);
#2210=ORIENTED_EDGE('',*,*,#1571,.T.);
#2211=ORIENTED_EDGE('',*,*,#1565,.T.);
#2212=ORIENTED_EDGE('',*,*,#1572,.T.);
#2213=ORIENTED_EDGE('',*,*,#1570,.F.);
#2214=ORIENTED_EDGE('',*,*,#1573,.T.);
#2215=ORIENTED_EDGE('',*,*,#1574,.T.);
#2216=ORIENTED_EDGE('',*,*,#1575,.T.);
#2217=ORIENTED_EDGE('',*,*,#1576,.F.);
#2218=ORIENTED_EDGE('',*,*,#1577,.T.);
#2219=ORIENTED_EDGE('',*,*,#1578,.F.);
#2220=ORIENTED_EDGE('',*,*,#1579,.F.);
#2221=ORIENTED_EDGE('',*,*,#1580,.F.);
#2222=ORIENTED_EDGE('',*,*,#1581,.F.);
#2223=ORIENTED_EDGE('',*,*,#1582,.F.);
#2224=ORIENTED_EDGE('',*,*,#1583,.F.);
#2225=ORIENTED_EDGE('',*,*,#1584,.T.);
#2226=ORIENTED_EDGE('',*,*,#1585,.T.);
#2227=ORIENTED_EDGE('',*,*,#1586,.T.);
#2228=ORIENTED_EDGE('',*,*,#1587,.F.);
#2229=ORIENTED_EDGE('',*,*,#1567,.T.);
#2230=ORIENTED_EDGE('',*,*,#1588,.F.);
#2231=ORIENTED_EDGE('',*,*,#1589,.F.);
#2232=ORIENTED_EDGE('',*,*,#1569,.F.);
#2233=ORIENTED_EDGE('',*,*,#1547,.F.);
#2234=ORIENTED_EDGE('',*,*,#1590,.F.);
#2235=ORIENTED_EDGE('',*,*,#1573,.F.);
#2236=ORIENTED_EDGE('',*,*,#1587,.T.);
#2237=ORIENTED_EDGE('',*,*,#1591,.T.);
#2238=ORIENTED_EDGE('',*,*,#1533,.T.);
#2239=ORIENTED_EDGE('',*,*,#1568,.T.);
#2240=ORIENTED_EDGE('',*,*,#1591,.F.);
#2241=ORIENTED_EDGE('',*,*,#1586,.F.);
#2242=ORIENTED_EDGE('',*,*,#1592,.T.);
#2243=ORIENTED_EDGE('',*,*,#1534,.F.);
#2244=ORIENTED_EDGE('',*,*,#1582,.T.);
#2245=ORIENTED_EDGE('',*,*,#1593,.T.);
#2246=ORIENTED_EDGE('',*,*,#1538,.T.);
#2247=ORIENTED_EDGE('',*,*,#1594,.T.);
#2248=ORIENTED_EDGE('',*,*,#1593,.F.);
#2249=ORIENTED_EDGE('',*,*,#1581,.T.);
#2250=ORIENTED_EDGE('',*,*,#1595,.T.);
#2251=ORIENTED_EDGE('',*,*,#1539,.F.);
#2252=ORIENTED_EDGE('',*,*,#1578,.T.);
#2253=ORIENTED_EDGE('',*,*,#1596,.T.);
#2254=ORIENTED_EDGE('',*,*,#1542,.T.);
#2255=ORIENTED_EDGE('',*,*,#1597,.T.);
#2256=ORIENTED_EDGE('',*,*,#1596,.F.);
#2257=ORIENTED_EDGE('',*,*,#1577,.F.);
#2258=ORIENTED_EDGE('',*,*,#1598,.F.);
#2259=ORIENTED_EDGE('',*,*,#1543,.F.);
#2260=ORIENTED_EDGE('',*,*,#1576,.T.);
#2261=ORIENTED_EDGE('',*,*,#1599,.T.);
#2262=ORIENTED_EDGE('',*,*,#1544,.T.);
#2263=ORIENTED_EDGE('',*,*,#1598,.T.);
#2264=ORIENTED_EDGE('',*,*,#1599,.F.);
#2265=ORIENTED_EDGE('',*,*,#1575,.F.);
#2266=ORIENTED_EDGE('',*,*,#1600,.T.);
#2267=ORIENTED_EDGE('',*,*,#1545,.F.);
#2268=ORIENTED_EDGE('',*,*,#1562,.F.);
#2269=ORIENTED_EDGE('',*,*,#1601,.T.);
#2270=ORIENTED_EDGE('',*,*,#1588,.T.);
#2271=ORIENTED_EDGE('',*,*,#1601,.F.);
#2272=ORIENTED_EDGE('',*,*,#1563,.F.);
#2273=ORIENTED_EDGE('',*,*,#1602,.T.);
#2274=ORIENTED_EDGE('',*,*,#1589,.T.);
#2275=ORIENTED_EDGE('',*,*,#1602,.F.);
#2276=ORIENTED_EDGE('',*,*,#1584,.F.);
#2277=ORIENTED_EDGE('',*,*,#1603,.T.);
#2278=ORIENTED_EDGE('',*,*,#1536,.F.);
#2279=ORIENTED_EDGE('',*,*,#1604,.F.);
#2280=ORIENTED_EDGE('',*,*,#1585,.F.);
#2281=ORIENTED_EDGE('',*,*,#1604,.T.);
#2282=ORIENTED_EDGE('',*,*,#1535,.F.);
#2283=ORIENTED_EDGE('',*,*,#1592,.F.);
#2284=ORIENTED_EDGE('',*,*,#1564,.T.);
#2285=ORIENTED_EDGE('',*,*,#1549,.F.);
#2286=ORIENTED_EDGE('',*,*,#1571,.F.);
#2287=ORIENTED_EDGE('',*,*,#1572,.F.);
#2288=ORIENTED_EDGE('',*,*,#1574,.F.);
#2289=ORIENTED_EDGE('',*,*,#1590,.T.);
#2290=ORIENTED_EDGE('',*,*,#1546,.F.);
#2291=ORIENTED_EDGE('',*,*,#1600,.F.);
#2292=ORIENTED_EDGE('',*,*,#1597,.F.);
#2293=ORIENTED_EDGE('',*,*,#1541,.F.);
#2294=ORIENTED_EDGE('',*,*,#1605,.F.);
#2295=ORIENTED_EDGE('',*,*,#1579,.T.);
#2296=ORIENTED_EDGE('',*,*,#1580,.T.);
#2297=ORIENTED_EDGE('',*,*,#1605,.T.);
#2298=ORIENTED_EDGE('',*,*,#1540,.F.);
#2299=ORIENTED_EDGE('',*,*,#1595,.F.);
#2300=ORIENTED_EDGE('',*,*,#1594,.F.);
#2301=ORIENTED_EDGE('',*,*,#1537,.F.);
#2302=ORIENTED_EDGE('',*,*,#1603,.F.);
#2303=ORIENTED_EDGE('',*,*,#1583,.T.);
#2304=ORIENTED_EDGE('',*,*,#1550,.T.);
#2305=ORIENTED_EDGE('',*,*,#1606,.T.);
#2306=ORIENTED_EDGE('',*,*,#1607,.T.);
#2307=ORIENTED_EDGE('',*,*,#1608,.T.);
#2308=ORIENTED_EDGE('',*,*,#1609,.T.);
#2309=ORIENTED_EDGE('',*,*,#1610,.T.);
#2310=ORIENTED_EDGE('',*,*,#1607,.F.);
#2311=ORIENTED_EDGE('',*,*,#1611,.T.);
#2312=ORIENTED_EDGE('',*,*,#1612,.T.);
#2313=ORIENTED_EDGE('',*,*,#1613,.T.);
#2314=ORIENTED_EDGE('',*,*,#1609,.F.);
#2315=ORIENTED_EDGE('',*,*,#1614,.T.);
#2316=ORIENTED_EDGE('',*,*,#1615,.T.);
#2317=ORIENTED_EDGE('',*,*,#1616,.T.);
#2318=ORIENTED_EDGE('',*,*,#1612,.F.);
#2319=ORIENTED_EDGE('',*,*,#1617,.T.);
#2320=ORIENTED_EDGE('',*,*,#1556,.T.);
#2321=ORIENTED_EDGE('',*,*,#1618,.T.);
#2322=ORIENTED_EDGE('',*,*,#1615,.F.);
#2323=ORIENTED_EDGE('',*,*,#1619,.T.);
#2324=ORIENTED_EDGE('',*,*,#1617,.F.);
#2325=ORIENTED_EDGE('',*,*,#1620,.T.);
#2326=ORIENTED_EDGE('',*,*,#1621,.T.);
#2327=ORIENTED_EDGE('',*,*,#1622,.T.);
#2328=ORIENTED_EDGE('',*,*,#1614,.F.);
#2329=ORIENTED_EDGE('',*,*,#1623,.F.);
#2330=ORIENTED_EDGE('',*,*,#1624,.F.);
#2331=ORIENTED_EDGE('',*,*,#1620,.F.);
#2332=ORIENTED_EDGE('',*,*,#1611,.F.);
#2333=ORIENTED_EDGE('',*,*,#1625,.T.);
#2334=ORIENTED_EDGE('',*,*,#1626,.T.);
#2335=ORIENTED_EDGE('',*,*,#1623,.T.);
#2336=ORIENTED_EDGE('',*,*,#1606,.F.);
#2337=ORIENTED_EDGE('',*,*,#1555,.F.);
#2338=ORIENTED_EDGE('',*,*,#1627,.F.);
#2339=ORIENTED_EDGE('',*,*,#1625,.F.);
#2340=ORIENTED_EDGE('',*,*,#1619,.F.);
#2341=ORIENTED_EDGE('',*,*,#1622,.F.);
#2342=ORIENTED_EDGE('',*,*,#1628,.F.);
#2343=ORIENTED_EDGE('',*,*,#1557,.F.);
#2344=ORIENTED_EDGE('',*,*,#1618,.F.);
#2345=ORIENTED_EDGE('',*,*,#1561,.F.);
#2346=ORIENTED_EDGE('',*,*,#1629,.T.);
#2347=ORIENTED_EDGE('',*,*,#1630,.F.);
#2348=ORIENTED_EDGE('',*,*,#1631,.F.);
#2349=ORIENTED_EDGE('',*,*,#1551,.T.);
#2350=ORIENTED_EDGE('',*,*,#1608,.F.);
#2351=ORIENTED_EDGE('',*,*,#1610,.F.);
#2352=ORIENTED_EDGE('',*,*,#1613,.F.);
#2353=ORIENTED_EDGE('',*,*,#1616,.F.);
#2354=ORIENTED_EDGE('',*,*,#1632,.T.);
#2355=ORIENTED_EDGE('',*,*,#1633,.F.);
#2356=ORIENTED_EDGE('',*,*,#1621,.F.);
#2357=ORIENTED_EDGE('',*,*,#1634,.F.);
#2358=ORIENTED_EDGE('',*,*,#1558,.T.);
#2359=ORIENTED_EDGE('',*,*,#1628,.T.);
#2360=ORIENTED_EDGE('',*,*,#1633,.T.);
#2361=ORIENTED_EDGE('',*,*,#1635,.T.);
#2362=ORIENTED_EDGE('',*,*,#1626,.F.);
#2363=ORIENTED_EDGE('',*,*,#1636,.F.);
#2364=ORIENTED_EDGE('',*,*,#1637,.T.);
#2365=ORIENTED_EDGE('',*,*,#1638,.F.);
#2366=ORIENTED_EDGE('',*,*,#1554,.T.);
#2367=ORIENTED_EDGE('',*,*,#1639,.T.);
#2368=ORIENTED_EDGE('',*,*,#1636,.T.);
#2369=ORIENTED_EDGE('',*,*,#1627,.T.);
#2370=ORIENTED_EDGE('',*,*,#1638,.T.);
#2371=ORIENTED_EDGE('',*,*,#1640,.T.);
#2372=ORIENTED_EDGE('',*,*,#1634,.T.);
#2373=ORIENTED_EDGE('',*,*,#1624,.T.);
#2374=ORIENTED_EDGE('',*,*,#1635,.F.);
#2375=ORIENTED_EDGE('',*,*,#1632,.F.);
#2376=ORIENTED_EDGE('',*,*,#1640,.F.);
#2377=ORIENTED_EDGE('',*,*,#1637,.F.);
#2378=ORIENTED_EDGE('',*,*,#1639,.F.);
#2379=ORIENTED_EDGE('',*,*,#1553,.T.);
#2380=ORIENTED_EDGE('',*,*,#1641,.T.);
#2381=ORIENTED_EDGE('',*,*,#1642,.F.);
#2382=ORIENTED_EDGE('',*,*,#1643,.T.);
#2383=ORIENTED_EDGE('',*,*,#1559,.T.);
#2384=ORIENTED_EDGE('',*,*,#1552,.T.);
#2385=ORIENTED_EDGE('',*,*,#1631,.T.);
#2386=ORIENTED_EDGE('',*,*,#1644,.F.);
#2387=ORIENTED_EDGE('',*,*,#1641,.F.);
#2388=ORIENTED_EDGE('',*,*,#1645,.F.);
#2389=ORIENTED_EDGE('',*,*,#1629,.F.);
#2390=ORIENTED_EDGE('',*,*,#1560,.T.);
#2391=ORIENTED_EDGE('',*,*,#1643,.F.);
#2392=ORIENTED_EDGE('',*,*,#1630,.T.);
#2393=ORIENTED_EDGE('',*,*,#1645,.T.);
#2394=ORIENTED_EDGE('',*,*,#1642,.T.);
#2395=ORIENTED_EDGE('',*,*,#1644,.T.);
#2396=CYLINDRICAL_SURFACE('',#2608,0.015);
#2397=CYLINDRICAL_SURFACE('',#2614,0.015);
#2398=CYLINDRICAL_SURFACE('',#2619,0.015);
#2399=CYLINDRICAL_SURFACE('',#2621,0.015);
#2400=CYLINDRICAL_SURFACE('',#2624,0.015);
#2401=CYLINDRICAL_SURFACE('',#2632,0.015);
#2402=CYLINDRICAL_SURFACE('',#2637,0.015);
#2403=CYLINDRICAL_SURFACE('',#2639,0.015);
#2404=CYLINDRICAL_SURFACE('',#2644,0.015);
#2405=CYLINDRICAL_SURFACE('',#2650,0.015);
#2406=CYLINDRICAL_SURFACE('',#2655,0.015);
#2407=CYLINDRICAL_SURFACE('',#2657,0.015);
#2408=CYLINDRICAL_SURFACE('',#2660,0.015);
#2409=CYLINDRICAL_SURFACE('',#2668,0.015);
#2410=CYLINDRICAL_SURFACE('',#2673,0.015);
#2411=CYLINDRICAL_SURFACE('',#2675,0.015);
#2412=CYLINDRICAL_SURFACE('',#2680,0.015);
#2413=CYLINDRICAL_SURFACE('',#2686,0.015);
#2414=CYLINDRICAL_SURFACE('',#2691,0.015);
#2415=CYLINDRICAL_SURFACE('',#2693,0.015);
#2416=CYLINDRICAL_SURFACE('',#2696,0.015);
#2417=CYLINDRICAL_SURFACE('',#2704,0.015);
#2418=CYLINDRICAL_SURFACE('',#2709,0.015);
#2419=CYLINDRICAL_SURFACE('',#2711,0.015);
#2420=CYLINDRICAL_SURFACE('',#2716,0.015);
#2421=CYLINDRICAL_SURFACE('',#2722,0.015);
#2422=CYLINDRICAL_SURFACE('',#2727,0.015);
#2423=CYLINDRICAL_SURFACE('',#2729,0.015);
#2424=CYLINDRICAL_SURFACE('',#2732,0.015);
#2425=CYLINDRICAL_SURFACE('',#2740,0.015);
#2426=CYLINDRICAL_SURFACE('',#2745,0.015);
#2427=CYLINDRICAL_SURFACE('',#2747,0.015);
#2428=CYLINDRICAL_SURFACE('',#2752,0.015);
#2429=CYLINDRICAL_SURFACE('',#2758,0.015);
#2430=CYLINDRICAL_SURFACE('',#2763,0.015);
#2431=CYLINDRICAL_SURFACE('',#2765,0.015);
#2432=CYLINDRICAL_SURFACE('',#2768,0.015);
#2433=CYLINDRICAL_SURFACE('',#2776,0.015);
#2434=CYLINDRICAL_SURFACE('',#2781,0.015);
#2435=CYLINDRICAL_SURFACE('',#2783,0.015);
#2436=CYLINDRICAL_SURFACE('',#2802,0.08);
#2437=CYLINDRICAL_SURFACE('',#2812,0.08);
#2438=CYLINDRICAL_SURFACE('',#2814,0.08);
#2439=CYLINDRICAL_SURFACE('',#2816,0.08);
#2440=CYLINDRICAL_SURFACE('',#2818,0.08);
#2441=CYLINDRICAL_SURFACE('',#2820,0.0904999999999996);
#2442=CYLINDRICAL_SURFACE('',#2821,0.0904999999999996);
#2443=CYLINDRICAL_SURFACE('',#2829,0.015);
#2444=CYLINDRICAL_SURFACE('',#2834,0.015);
#2445=CYLINDRICAL_SURFACE('',#2839,0.015);
#2446=CYLINDRICAL_SURFACE('',#2840,0.015);
#2447=CYLINDRICAL_SURFACE('',#2843,0.015);
#2448=CYLINDRICAL_SURFACE('',#2851,0.015);
#2449=CYLINDRICAL_SURFACE('',#2855,0.015);
#2450=CYLINDRICAL_SURFACE('',#2856,0.015);
#2451=ADVANCED_FACE('',(#119),#2396,.T.);
#2452=ADVANCED_FACE('',(#120),#95,.F.);
#2453=ADVANCED_FACE('',(#121),#2397,.T.);
#2454=ADVANCED_FACE('',(#122),#96,.F.);
#2455=ADVANCED_FACE('',(#123),#2398,.T.);
#2456=ADVANCED_FACE('',(#124),#2399,.F.);
#2457=ADVANCED_FACE('',(#125),#31,.F.);
#2458=ADVANCED_FACE('',(#126),#2400,.F.);
#2459=ADVANCED_FACE('',(#127),#32,.F.);
#2460=ADVANCED_FACE('',(#128),#33,.F.);
#2461=ADVANCED_FACE('',(#129),#34,.T.);
#2462=ADVANCED_FACE('',(#130),#97,.F.);
#2463=ADVANCED_FACE('',(#131),#2401,.T.);
#2464=ADVANCED_FACE('',(#132),#98,.F.);
#2465=ADVANCED_FACE('',(#133),#2402,.T.);
#2466=ADVANCED_FACE('',(#134),#2403,.T.);
#2467=ADVANCED_FACE('',(#135),#35,.T.);
#2468=ADVANCED_FACE('',(#136),#36,.T.);
#2469=ADVANCED_FACE('',(#137),#37,.T.);
#2470=ADVANCED_FACE('',(#138),#38,.T.);
#2471=ADVANCED_FACE('',(#139),#2404,.T.);
#2472=ADVANCED_FACE('',(#140),#99,.F.);
#2473=ADVANCED_FACE('',(#141),#2405,.T.);
#2474=ADVANCED_FACE('',(#142),#100,.F.);
#2475=ADVANCED_FACE('',(#143),#2406,.T.);
#2476=ADVANCED_FACE('',(#144),#2407,.F.);
#2477=ADVANCED_FACE('',(#145),#39,.F.);
#2478=ADVANCED_FACE('',(#146),#2408,.F.);
#2479=ADVANCED_FACE('',(#147),#40,.F.);
#2480=ADVANCED_FACE('',(#148),#41,.F.);
#2481=ADVANCED_FACE('',(#149),#42,.T.);
#2482=ADVANCED_FACE('',(#150),#101,.F.);
#2483=ADVANCED_FACE('',(#151),#2409,.T.);
#2484=ADVANCED_FACE('',(#152),#102,.F.);
#2485=ADVANCED_FACE('',(#153),#2410,.T.);
#2486=ADVANCED_FACE('',(#154),#2411,.T.);
#2487=ADVANCED_FACE('',(#155),#43,.T.);
#2488=ADVANCED_FACE('',(#156),#44,.T.);
#2489=ADVANCED_FACE('',(#157),#45,.T.);
#2490=ADVANCED_FACE('',(#158),#46,.T.);
#2491=ADVANCED_FACE('',(#159),#2412,.T.);
#2492=ADVANCED_FACE('',(#160),#103,.F.);
#2493=ADVANCED_FACE('',(#161),#2413,.T.);
#2494=ADVANCED_FACE('',(#162),#104,.F.);
#2495=ADVANCED_FACE('',(#163),#2414,.T.);
#2496=ADVANCED_FACE('',(#164),#2415,.F.);
#2497=ADVANCED_FACE('',(#165),#47,.F.);
#2498=ADVANCED_FACE('',(#166),#2416,.F.);
#2499=ADVANCED_FACE('',(#167),#48,.F.);
#2500=ADVANCED_FACE('',(#168),#49,.F.);
#2501=ADVANCED_FACE('',(#169),#50,.T.);
#2502=ADVANCED_FACE('',(#170),#105,.F.);
#2503=ADVANCED_FACE('',(#171),#2417,.T.);
#2504=ADVANCED_FACE('',(#172),#106,.F.);
#2505=ADVANCED_FACE('',(#173),#2418,.T.);
#2506=ADVANCED_FACE('',(#174),#2419,.T.);
#2507=ADVANCED_FACE('',(#175),#51,.T.);
#2508=ADVANCED_FACE('',(#176),#52,.T.);
#2509=ADVANCED_FACE('',(#177),#53,.T.);
#2510=ADVANCED_FACE('',(#178),#54,.T.);
#2511=ADVANCED_FACE('',(#179),#2420,.T.);
#2512=ADVANCED_FACE('',(#180),#107,.F.);
#2513=ADVANCED_FACE('',(#181),#2421,.T.);
#2514=ADVANCED_FACE('',(#182),#108,.F.);
#2515=ADVANCED_FACE('',(#183),#2422,.T.);
#2516=ADVANCED_FACE('',(#184),#2423,.F.);
#2517=ADVANCED_FACE('',(#185),#55,.F.);
#2518=ADVANCED_FACE('',(#186),#2424,.F.);
#2519=ADVANCED_FACE('',(#187),#56,.F.);
#2520=ADVANCED_FACE('',(#188),#57,.F.);
#2521=ADVANCED_FACE('',(#189),#58,.T.);
#2522=ADVANCED_FACE('',(#190),#109,.F.);
#2523=ADVANCED_FACE('',(#191),#2425,.T.);
#2524=ADVANCED_FACE('',(#192),#110,.F.);
#2525=ADVANCED_FACE('',(#193),#2426,.T.);
#2526=ADVANCED_FACE('',(#194),#2427,.T.);
#2527=ADVANCED_FACE('',(#195),#59,.T.);
#2528=ADVANCED_FACE('',(#196),#60,.T.);
#2529=ADVANCED_FACE('',(#197),#61,.T.);
#2530=ADVANCED_FACE('',(#198),#62,.T.);
#2531=ADVANCED_FACE('',(#199),#2428,.T.);
#2532=ADVANCED_FACE('',(#200),#111,.F.);
#2533=ADVANCED_FACE('',(#201),#2429,.T.);
#2534=ADVANCED_FACE('',(#202),#112,.F.);
#2535=ADVANCED_FACE('',(#203),#2430,.T.);
#2536=ADVANCED_FACE('',(#204),#2431,.F.);
#2537=ADVANCED_FACE('',(#205),#63,.F.);
#2538=ADVANCED_FACE('',(#206),#2432,.F.);
#2539=ADVANCED_FACE('',(#207),#64,.F.);
#2540=ADVANCED_FACE('',(#208),#65,.F.);
#2541=ADVANCED_FACE('',(#209),#66,.T.);
#2542=ADVANCED_FACE('',(#210),#113,.F.);
#2543=ADVANCED_FACE('',(#211),#2433,.T.);
#2544=ADVANCED_FACE('',(#212),#114,.F.);
#2545=ADVANCED_FACE('',(#213),#2434,.T.);
#2546=ADVANCED_FACE('',(#214),#2435,.T.);
#2547=ADVANCED_FACE('',(#215),#67,.T.);
#2548=ADVANCED_FACE('',(#216),#68,.T.);
#2549=ADVANCED_FACE('',(#217),#69,.T.);
#2550=ADVANCED_FACE('',(#218),#70,.T.);
#2551=ADVANCED_FACE('',(#219,#15,#16,#17,#18,#19,#20,#21,#22,#23,#24,#25,
#26,#27,#28),#71,.T.);
#2552=ADVANCED_FACE('',(#220),#72,.F.);
#2553=ADVANCED_FACE('',(#221),#73,.T.);
#2554=ADVANCED_FACE('',(#222),#2436,.T.);
#2555=ADVANCED_FACE('',(#223,#29,#30),#74,.F.);
#2556=ADVANCED_FACE('',(#224),#75,.T.);
#2557=ADVANCED_FACE('',(#225),#2437,.F.);
#2558=ADVANCED_FACE('',(#226),#76,.T.);
#2559=ADVANCED_FACE('',(#227),#2438,.F.);
#2560=ADVANCED_FACE('',(#228),#77,.T.);
#2561=ADVANCED_FACE('',(#229),#2439,.F.);
#2562=ADVANCED_FACE('',(#230),#78,.T.);
#2563=ADVANCED_FACE('',(#231),#2440,.F.);
#2564=ADVANCED_FACE('',(#232),#79,.T.);
#2565=ADVANCED_FACE('',(#233),#2441,.F.);
#2566=ADVANCED_FACE('',(#234),#2442,.F.);
#2567=ADVANCED_FACE('',(#235),#80,.T.);
#2568=ADVANCED_FACE('',(#236),#81,.T.);
#2569=ADVANCED_FACE('',(#237),#82,.T.);
#2570=ADVANCED_FACE('',(#238),#83,.T.);
#2571=ADVANCED_FACE('',(#239),#84,.T.);
#2572=ADVANCED_FACE('',(#240),#85,.T.);
#2573=ADVANCED_FACE('',(#241),#86,.T.);
#2574=ADVANCED_FACE('',(#242),#2443,.T.);
#2575=ADVANCED_FACE('',(#243),#115,.F.);
#2576=ADVANCED_FACE('',(#244),#2444,.T.);
#2577=ADVANCED_FACE('',(#245),#116,.F.);
#2578=ADVANCED_FACE('',(#246),#2445,.T.);
#2579=ADVANCED_FACE('',(#247),#2446,.F.);
#2580=ADVANCED_FACE('',(#248),#87,.F.);
#2581=ADVANCED_FACE('',(#249),#2447,.F.);
#2582=ADVANCED_FACE('',(#250),#88,.F.);
#2583=ADVANCED_FACE('',(#251),#89,.F.);
#2584=ADVANCED_FACE('',(#252),#90,.T.);
#2585=ADVANCED_FACE('',(#253),#117,.F.);
#2586=ADVANCED_FACE('',(#254),#2448,.T.);
#2587=ADVANCED_FACE('',(#255),#118,.F.);
#2588=ADVANCED_FACE('',(#256),#2449,.T.);
#2589=ADVANCED_FACE('',(#257),#2450,.T.);
#2590=ADVANCED_FACE('',(#258),#91,.T.);
#2591=ADVANCED_FACE('',(#259),#92,.T.);
#2592=ADVANCED_FACE('',(#260),#93,.T.);
#2593=ADVANCED_FACE('',(#261),#94,.T.);
#2594=CLOSED_SHELL('',(#2451,#2452,#2453,#2454,#2455,#2456,#2457,#2458,
#2459,#2460,#2461,#2462,#2463,#2464,#2465,#2466,#2467,#2468,#2469,#2470,
#2471,#2472,#2473,#2474,#2475,#2476,#2477,#2478,#2479,#2480,#2481,#2482,
#2483,#2484,#2485,#2486,#2487,#2488,#2489,#2490,#2491,#2492,#2493,#2494,
#2495,#2496,#2497,#2498,#2499,#2500,#2501,#2502,#2503,#2504,#2505,#2506,
#2507,#2508,#2509,#2510,#2511,#2512,#2513,#2514,#2515,#2516,#2517,#2518,
#2519,#2520,#2521,#2522,#2523,#2524,#2525,#2526,#2527,#2528,#2529,#2530,
#2531,#2532,#2533,#2534,#2535,#2536,#2537,#2538,#2539,#2540,#2541,#2542,
#2543,#2544,#2545,#2546,#2547,#2548,#2549,#2550,#2551,#2552,#2553,#2554,
#2555,#2556,#2557,#2558,#2559,#2560,#2561,#2562,#2563,#2564,#2565,#2566,
#2567,#2568,#2569,#2570,#2571,#2572,#2573,#2574,#2575,#2576,#2577,#2578,
#2579,#2580,#2581,#2582,#2583,#2584,#2585,#2586,#2587,#2588,#2589,#2590,
#2591,#2592,#2593));
#2595=DERIVED_UNIT_ELEMENT(#2597,1.);
#2596=DERIVED_UNIT_ELEMENT(#5210,-3.);
#2597=(
MASS_UNIT()
NAMED_UNIT(*)
SI_UNIT(.KILO.,.GRAM.)
);
#2598=DERIVED_UNIT((#2595,#2596));
#2599=MEASURE_REPRESENTATION_ITEM('density measure',
POSITIVE_RATIO_MEASURE(7850.),#2598);
#2600=PROPERTY_DEFINITION_REPRESENTATION(#2605,#2602);
#2601=PROPERTY_DEFINITION_REPRESENTATION(#2606,#2603);
#2602=REPRESENTATION('material name',(#2604),#5205);
#2603=REPRESENTATION('density',(#2599),#5205);
#2604=DESCRIPTIVE_REPRESENTATION_ITEM('Steel','Steel');
#2605=PROPERTY_DEFINITION('material property','material name',#5218);
#2606=PROPERTY_DEFINITION('material property','density of part',#5218);
#2607=AXIS2_PLACEMENT_3D('',#3610,#2861,#2862);
#2608=AXIS2_PLACEMENT_3D('',#3611,#2863,#2864);
#2609=AXIS2_PLACEMENT_3D('',#3614,#2865,#2866);
#2610=AXIS2_PLACEMENT_3D('',#3618,#2868,#2869);
#2611=AXIS2_PLACEMENT_3D('',#3658,#2871,#2872);
#2612=AXIS2_PLACEMENT_3D('',#3659,#2873,#2874);
#2613=AXIS2_PLACEMENT_3D('',#3660,#2875,#2876);
#2614=AXIS2_PLACEMENT_3D('',#3661,#2877,#2878);
#2615=AXIS2_PLACEMENT_3D('',#3664,#2879,#2880);
#2616=AXIS2_PLACEMENT_3D('',#3705,#2883,#2884);
#2617=AXIS2_PLACEMENT_3D('',#3706,#2885,#2886);
#2618=AXIS2_PLACEMENT_3D('',#3707,#2887,#2888);
#2619=AXIS2_PLACEMENT_3D('',#3708,#2889,#2890);
#2620=AXIS2_PLACEMENT_3D('',#3711,#2891,#2892);
#2621=AXIS2_PLACEMENT_3D('',#3714,#2895,#2896);
#2622=AXIS2_PLACEMENT_3D('',#3718,#2898,#2899);
#2623=AXIS2_PLACEMENT_3D('',#3720,#2901,#2902);
#2624=AXIS2_PLACEMENT_3D('',#3724,#2905,#2906);
#2625=AXIS2_PLACEMENT_3D('',#3727,#2908,#2909);
#2626=AXIS2_PLACEMENT_3D('',#3728,#2910,#2911);
#2627=AXIS2_PLACEMENT_3D('',#3732,#2914,#2915);
#2628=AXIS2_PLACEMENT_3D('',#3736,#2918,#2919);
#2629=AXIS2_PLACEMENT_3D('',#3784,#2925,#2926);
#2630=AXIS2_PLACEMENT_3D('',#3785,#2927,#2928);
#2631=AXIS2_PLACEMENT_3D('',#3786,#2929,#2930);
#2632=AXIS2_PLACEMENT_3D('',#3787,#2931,#2932);
#2633=AXIS2_PLACEMENT_3D('',#3789,#2933,#2934);
#2634=AXIS2_PLACEMENT_3D('',#3828,#2936,#2937);
#2635=AXIS2_PLACEMENT_3D('',#3830,#2938,#2939);
#2636=AXIS2_PLACEMENT_3D('',#3831,#2940,#2941);
#2637=AXIS2_PLACEMENT_3D('',#3832,#2942,#2943);
#2638=AXIS2_PLACEMENT_3D('',#3834,#2944,#2945);
#2639=AXIS2_PLACEMENT_3D('',#3836,#2947,#2948);
#2640=AXIS2_PLACEMENT_3D('',#3838,#2950,#2951);
#2641=AXIS2_PLACEMENT_3D('',#3848,#2957,#2958);
#2642=AXIS2_PLACEMENT_3D('',#3851,#2961,#2962);
#2643=AXIS2_PLACEMENT_3D('',#3854,#2965,#2966);
#2644=AXIS2_PLACEMENT_3D('',#3855,#2967,#2968);
#2645=AXIS2_PLACEMENT_3D('',#3858,#2969,#2970);
#2646=AXIS2_PLACEMENT_3D('',#3862,#2972,#2973);
#2647=AXIS2_PLACEMENT_3D('',#3902,#2975,#2976);
#2648=AXIS2_PLACEMENT_3D('',#3903,#2977,#2978);
#2649=AXIS2_PLACEMENT_3D('',#3904,#2979,#2980);
#2650=AXIS2_PLACEMENT_3D('',#3905,#2981,#2982);
#2651=AXIS2_PLACEMENT_3D('',#3908,#2983,#2984);
#2652=AXIS2_PLACEMENT_3D('',#3949,#2987,#2988);
#2653=AXIS2_PLACEMENT_3D('',#3950,#2989,#2990);
#2654=AXIS2_PLACEMENT_3D('',#3951,#2991,#2992);
#2655=AXIS2_PLACEMENT_3D('',#3952,#2993,#2994);
#2656=AXIS2_PLACEMENT_3D('',#3955,#2995,#2996);
#2657=AXIS2_PLACEMENT_3D('',#3958,#2999,#3000);
#2658=AXIS2_PLACEMENT_3D('',#3962,#3002,#3003);
#2659=AXIS2_PLACEMENT_3D('',#3964,#3005,#3006);
#2660=AXIS2_PLACEMENT_3D('',#3968,#3009,#3010);
#2661=AXIS2_PLACEMENT_3D('',#3971,#3012,#3013);
#2662=AXIS2_PLACEMENT_3D('',#3972,#3014,#3015);
#2663=AXIS2_PLACEMENT_3D('',#3976,#3018,#3019);
#2664=AXIS2_PLACEMENT_3D('',#3980,#3022,#3023);
#2665=AXIS2_PLACEMENT_3D('',#4028,#3029,#3030);
#2666=AXIS2_PLACEMENT_3D('',#4029,#3031,#3032);
#2667=AXIS2_PLACEMENT_3D('',#4030,#3033,#3034);
#2668=AXIS2_PLACEMENT_3D('',#4031,#3035,#3036);
#2669=AXIS2_PLACEMENT_3D('',#4033,#3037,#3038);
#2670=AXIS2_PLACEMENT_3D('',#4072,#3040,#3041);
#2671=AXIS2_PLACEMENT_3D('',#4074,#3042,#3043);
#2672=AXIS2_PLACEMENT_3D('',#4075,#3044,#3045);
#2673=AXIS2_PLACEMENT_3D('',#4076,#3046,#3047);
#2674=AXIS2_PLACEMENT_3D('',#4078,#3048,#3049);
#2675=AXIS2_PLACEMENT_3D('',#4080,#3051,#3052);
#2676=AXIS2_PLACEMENT_3D('',#4082,#3054,#3055);
#2677=AXIS2_PLACEMENT_3D('',#4092,#3061,#3062);
#2678=AXIS2_PLACEMENT_3D('',#4095,#3065,#3066);
#2679=AXIS2_PLACEMENT_3D('',#4098,#3069,#3070);
#2680=AXIS2_PLACEMENT_3D('',#4099,#3071,#3072);
#2681=AXIS2_PLACEMENT_3D('',#4102,#3073,#3074);
#2682=AXIS2_PLACEMENT_3D('',#4106,#3076,#3077);
#2683=AXIS2_PLACEMENT_3D('',#4146,#3079,#3080);
#2684=AXIS2_PLACEMENT_3D('',#4147,#3081,#3082);
#2685=AXIS2_PLACEMENT_3D('',#4148,#3083,#3084);
#2686=AXIS2_PLACEMENT_3D('',#4149,#3085,#3086);
#2687=AXIS2_PLACEMENT_3D('',#4152,#3087,#3088);
#2688=AXIS2_PLACEMENT_3D('',#4193,#3091,#3092);
#2689=AXIS2_PLACEMENT_3D('',#4194,#3093,#3094);
#2690=AXIS2_PLACEMENT_3D('',#4195,#3095,#3096);
#2691=AXIS2_PLACEMENT_3D('',#4196,#3097,#3098);
#2692=AXIS2_PLACEMENT_3D('',#4199,#3099,#3100);
#2693=AXIS2_PLACEMENT_3D('',#4202,#3103,#3104);
#2694=AXIS2_PLACEMENT_3D('',#4206,#3106,#3107);
#2695=AXIS2_PLACEMENT_3D('',#4208,#3109,#3110);
#2696=AXIS2_PLACEMENT_3D('',#4212,#3113,#3114);
#2697=AXIS2_PLACEMENT_3D('',#4215,#3116,#3117);
#2698=AXIS2_PLACEMENT_3D('',#4216,#3118,#3119);
#2699=AXIS2_PLACEMENT_3D('',#4220,#3122,#3123);
#2700=AXIS2_PLACEMENT_3D('',#4224,#3126,#3127);
#2701=AXIS2_PLACEMENT_3D('',#4272,#3133,#3134);
#2702=AXIS2_PLACEMENT_3D('',#4273,#3135,#3136);
#2703=AXIS2_PLACEMENT_3D('',#4274,#3137,#3138);
#2704=AXIS2_PLACEMENT_3D('',#4275,#3139,#3140);
#2705=AXIS2_PLACEMENT_3D('',#4277,#3141,#3142);
#2706=AXIS2_PLACEMENT_3D('',#4316,#3144,#3145);
#2707=AXIS2_PLACEMENT_3D('',#4318,#3146,#3147);
#2708=AXIS2_PLACEMENT_3D('',#4319,#3148,#3149);
#2709=AXIS2_PLACEMENT_3D('',#4320,#3150,#3151);
#2710=AXIS2_PLACEMENT_3D('',#4322,#3152,#3153);
#2711=AXIS2_PLACEMENT_3D('',#4324,#3155,#3156);
#2712=AXIS2_PLACEMENT_3D('',#4326,#3158,#3159);
#2713=AXIS2_PLACEMENT_3D('',#4336,#3165,#3166);
#2714=AXIS2_PLACEMENT_3D('',#4339,#3169,#3170);
#2715=AXIS2_PLACEMENT_3D('',#4342,#3173,#3174);
#2716=AXIS2_PLACEMENT_3D('',#4343,#3175,#3176);
#2717=AXIS2_PLACEMENT_3D('',#4346,#3177,#3178);
#2718=AXIS2_PLACEMENT_3D('',#4350,#3180,#3181);
#2719=AXIS2_PLACEMENT_3D('',#4390,#3183,#3184);
#2720=AXIS2_PLACEMENT_3D('',#4391,#3185,#3186);
#2721=AXIS2_PLACEMENT_3D('',#4392,#3187,#3188);
#2722=AXIS2_PLACEMENT_3D('',#4393,#3189,#3190);
#2723=AXIS2_PLACEMENT_3D('',#4396,#3191,#3192);
#2724=AXIS2_PLACEMENT_3D('',#4437,#3195,#3196);
#2725=AXIS2_PLACEMENT_3D('',#4438,#3197,#3198);
#2726=AXIS2_PLACEMENT_3D('',#4439,#3199,#3200);
#2727=AXIS2_PLACEMENT_3D('',#4440,#3201,#3202);
#2728=AXIS2_PLACEMENT_3D('',#4443,#3203,#3204);
#2729=AXIS2_PLACEMENT_3D('',#4446,#3207,#3208);
#2730=AXIS2_PLACEMENT_3D('',#4450,#3210,#3211);
#2731=AXIS2_PLACEMENT_3D('',#4452,#3213,#3214);
#2732=AXIS2_PLACEMENT_3D('',#4456,#3217,#3218);
#2733=AXIS2_PLACEMENT_3D('',#4459,#3220,#3221);
#2734=AXIS2_PLACEMENT_3D('',#4460,#3222,#3223);
#2735=AXIS2_PLACEMENT_3D('',#4464,#3226,#3227);
#2736=AXIS2_PLACEMENT_3D('',#4468,#3230,#3231);
#2737=AXIS2_PLACEMENT_3D('',#4516,#3237,#3238);
#2738=AXIS2_PLACEMENT_3D('',#4517,#3239,#3240);
#2739=AXIS2_PLACEMENT_3D('',#4518,#3241,#3242);
#2740=AXIS2_PLACEMENT_3D('',#4519,#3243,#3244);
#2741=AXIS2_PLACEMENT_3D('',#4521,#3245,#3246);
#2742=AXIS2_PLACEMENT_3D('',#4560,#3248,#3249);
#2743=AXIS2_PLACEMENT_3D('',#4562,#3250,#3251);
#2744=AXIS2_PLACEMENT_3D('',#4563,#3252,#3253);
#2745=AXIS2_PLACEMENT_3D('',#4564,#3254,#3255);
#2746=AXIS2_PLACEMENT_3D('',#4566,#3256,#3257);
#2747=AXIS2_PLACEMENT_3D('',#4568,#3259,#3260);
#2748=AXIS2_PLACEMENT_3D('',#4570,#3262,#3263);
#2749=AXIS2_PLACEMENT_3D('',#4580,#3269,#3270);
#2750=AXIS2_PLACEMENT_3D('',#4583,#3273,#3274);
#2751=AXIS2_PLACEMENT_3D('',#4586,#3277,#3278);
#2752=AXIS2_PLACEMENT_3D('',#4587,#3279,#3280);
#2753=AXIS2_PLACEMENT_3D('',#4590,#3281,#3282);
#2754=AXIS2_PLACEMENT_3D('',#4594,#3284,#3285);
#2755=AXIS2_PLACEMENT_3D('',#4634,#3287,#3288);
#2756=AXIS2_PLACEMENT_3D('',#4635,#3289,#3290);
#2757=AXIS2_PLACEMENT_3D('',#4636,#3291,#3292);
#2758=AXIS2_PLACEMENT_3D('',#4637,#3293,#3294);
#2759=AXIS2_PLACEMENT_3D('',#4640,#3295,#3296);
#2760=AXIS2_PLACEMENT_3D('',#4681,#3299,#3300);
#2761=AXIS2_PLACEMENT_3D('',#4682,#3301,#3302);
#2762=AXIS2_PLACEMENT_3D('',#4683,#3303,#3304);
#2763=AXIS2_PLACEMENT_3D('',#4684,#3305,#3306);
#2764=AXIS2_PLACEMENT_3D('',#4687,#3307,#3308);
#2765=AXIS2_PLACEMENT_3D('',#4690,#3311,#3312);
#2766=AXIS2_PLACEMENT_3D('',#4694,#3314,#3315);
#2767=AXIS2_PLACEMENT_3D('',#4696,#3317,#3318);
#2768=AXIS2_PLACEMENT_3D('',#4700,#3321,#3322);
#2769=AXIS2_PLACEMENT_3D('',#4703,#3324,#3325);
#2770=AXIS2_PLACEMENT_3D('',#4704,#3326,#3327);
#2771=AXIS2_PLACEMENT_3D('',#4708,#3330,#3331);
#2772=AXIS2_PLACEMENT_3D('',#4712,#3334,#3335);
#2773=AXIS2_PLACEMENT_3D('',#4760,#3341,#3342);
#2774=AXIS2_PLACEMENT_3D('',#4761,#3343,#3344);
#2775=AXIS2_PLACEMENT_3D('',#4762,#3345,#3346);
#2776=AXIS2_PLACEMENT_3D('',#4763,#3347,#3348);
#2777=AXIS2_PLACEMENT_3D('',#4765,#3349,#3350);
#2778=AXIS2_PLACEMENT_3D('',#4804,#3352,#3353);
#2779=AXIS2_PLACEMENT_3D('',#4806,#3354,#3355);
#2780=AXIS2_PLACEMENT_3D('',#4807,#3356,#3357);
#2781=AXIS2_PLACEMENT_3D('',#4808,#3358,#3359);
#2782=AXIS2_PLACEMENT_3D('',#4810,#3360,#3361);
#2783=AXIS2_PLACEMENT_3D('',#4812,#3363,#3364);
#2784=AXIS2_PLACEMENT_3D('',#4814,#3366,#3367);
#2785=AXIS2_PLACEMENT_3D('',#4824,#3373,#3374);
#2786=AXIS2_PLACEMENT_3D('',#4827,#3377,#3378);
#2787=AXIS2_PLACEMENT_3D('',#4830,#3381,#3382);
#2788=AXIS2_PLACEMENT_3D('',#4831,#3383,#3384);
#2789=AXIS2_PLACEMENT_3D('',#4838,#3387,#3388);
#2790=AXIS2_PLACEMENT_3D('',#4848,#3393,#3394);
#2791=AXIS2_PLACEMENT_3D('',#4856,#3398,#3399);
#2792=AXIS2_PLACEMENT_3D('',#4860,#3401,#3402);
#2793=AXIS2_PLACEMENT_3D('',#4868,#3406,#3407);
#2794=AXIS2_PLACEMENT_3D('',#4872,#3409,#3410);
#2795=AXIS2_PLACEMENT_3D('',#4880,#3414,#3415);
#2796=AXIS2_PLACEMENT_3D('',#4884,#3417,#3418);
#2797=AXIS2_PLACEMENT_3D('',#4888,#3420,#3421);
#2798=AXIS2_PLACEMENT_3D('',#4895,#3425,#3426);
#2799=AXIS2_PLACEMENT_3D('',#4897,#3427,#3428);
#2800=AXIS2_PLACEMENT_3D('',#4898,#3429,#3430);
#2801=AXIS2_PLACEMENT_3D('',#4904,#3434,#3435);
#2802=AXIS2_PLACEMENT_3D('',#4908,#3438,#3439);
#2803=AXIS2_PLACEMENT_3D('',#4912,#3441,#3442);
#2804=AXIS2_PLACEMENT_3D('',#4914,#3444,#3445);
#2805=AXIS2_PLACEMENT_3D('',#4923,#3450,#3451);
#2806=AXIS2_PLACEMENT_3D('',#4927,#3453,#3454);
#2807=AXIS2_PLACEMENT_3D('',#4935,#3458,#3459);
#2808=AXIS2_PLACEMENT_3D('',#4944,#3464,#3465);
#2809=AXIS2_PLACEMENT_3D('',#4946,#3466,#3467);
#2810=AXIS2_PLACEMENT_3D('',#4948,#3468,#3469);
#2811=AXIS2_PLACEMENT_3D('',#4949,#3470,#3471);
#2812=AXIS2_PLACEMENT_3D('',#4951,#3473,#3474);
#2813=AXIS2_PLACEMENT_3D('',#4953,#3476,#3477);
#2814=AXIS2_PLACEMENT_3D('',#4955,#3479,#3480);
#2815=AXIS2_PLACEMENT_3D('',#4958,#3483,#3484);
#2816=AXIS2_PLACEMENT_3D('',#4960,#3486,#3487);
#2817=AXIS2_PLACEMENT_3D('',#4963,#3490,#3491);
#2818=AXIS2_PLACEMENT_3D('',#4965,#3493,#3494);
#2819=AXIS2_PLACEMENT_3D('',#4967,#3496,#3497);
#2820=AXIS2_PLACEMENT_3D('',#4969,#3499,#3500);
#2821=AXIS2_PLACEMENT_3D('',#4971,#3502,#3503);
#2822=AXIS2_PLACEMENT_3D('',#4973,#3505,#3506);
#2823=AXIS2_PLACEMENT_3D('',#4976,#3509,#3510);
#2824=AXIS2_PLACEMENT_3D('',#4977,#3511,#3512);
#2825=AXIS2_PLACEMENT_3D('',#4978,#3513,#3514);
#2826=AXIS2_PLACEMENT_3D('',#4979,#3515,#3516);
#2827=AXIS2_PLACEMENT_3D('',#4981,#3518,#3519);
#2828=AXIS2_PLACEMENT_3D('',#4982,#3520,#3521);
#2829=AXIS2_PLACEMENT_3D('',#4983,#3522,#3523);
#2830=AXIS2_PLACEMENT_3D('',#4987,#3525,#3526);
#2831=AXIS2_PLACEMENT_3D('',#5027,#3528,#3529);
#2832=AXIS2_PLACEMENT_3D('',#5028,#3530,#3531);
#2833=AXIS2_PLACEMENT_3D('',#5029,#3532,#3533);
#2834=AXIS2_PLACEMENT_3D('',#5030,#3534,#3535);
#2835=AXIS2_PLACEMENT_3D('',#5033,#3536,#3537);
#2836=AXIS2_PLACEMENT_3D('',#5074,#3540,#3541);
#2837=AXIS2_PLACEMENT_3D('',#5075,#3542,#3543);
#2838=AXIS2_PLACEMENT_3D('',#5076,#3544,#3545);
#2839=AXIS2_PLACEMENT_3D('',#5077,#3546,#3547);
#2840=AXIS2_PLACEMENT_3D('',#5080,#3550,#3551);
#2841=AXIS2_PLACEMENT_3D('',#5084,#3553,#3554);
#2842=AXIS2_PLACEMENT_3D('',#5086,#3556,#3557);
#2843=AXIS2_PLACEMENT_3D('',#5090,#3560,#3561);
#2844=AXIS2_PLACEMENT_3D('',#5093,#3563,#3564);
#2845=AXIS2_PLACEMENT_3D('',#5094,#3565,#3566);
#2846=AXIS2_PLACEMENT_3D('',#5096,#3568,#3569);
#2847=AXIS2_PLACEMENT_3D('',#5098,#3571,#3572);
#2848=AXIS2_PLACEMENT_3D('',#5142,#3576,#3577);
#2849=AXIS2_PLACEMENT_3D('',#5143,#3578,#3579);
#2850=AXIS2_PLACEMENT_3D('',#5144,#3580,#3581);
#2851=AXIS2_PLACEMENT_3D('',#5145,#3582,#3583);
#2852=AXIS2_PLACEMENT_3D('',#5184,#3585,#3586);
#2853=AXIS2_PLACEMENT_3D('',#5186,#3587,#3588);
#2854=AXIS2_PLACEMENT_3D('',#5187,#3589,#3590);
#2855=AXIS2_PLACEMENT_3D('',#5188,#3591,#3592);
#2856=AXIS2_PLACEMENT_3D('',#5190,#3594,#3595);
#2857=AXIS2_PLACEMENT_3D('',#5192,#3597,#3598);
#2858=AXIS2_PLACEMENT_3D('',#5198,#3602,#3603);
#2859=AXIS2_PLACEMENT_3D('',#5200,#3605,#3606);
#2860=AXIS2_PLACEMENT_3D('',#5202,#3608,#3609);
#2861=DIRECTION('axis',(0.,0.,1.));
#2862=DIRECTION('refdir',(1.,0.,0.));
#2863=DIRECTION('center_axis',(0.44721359549996,0.894427190999915,0.));
#2864=DIRECTION('ref_axis',(-0.632455532033728,0.316227766016831,0.707106781186504));
#2865=DIRECTION('center_axis',(0.,-1.,0.));
#2866=DIRECTION('ref_axis',(-1.,0.,-6.51583767256501E-16));
#2867=DIRECTION('',(0.44721359549996,0.894427190999915,0.));
#2868=DIRECTION('center_axis',(-0.447213595499958,-0.894427190999916,-1.303167534513E-14));
#2869=DIRECTION('ref_axis',(0.,-1.45698559662094E-14,1.));
#2870=DIRECTION('',(-0.44721359549996,-0.894427190999915,0.));
#2871=DIRECTION('center_axis',(0.,0.,-1.));
#2872=DIRECTION('ref_axis',(0.,-1.,0.));
#2873=DIRECTION('center_axis',(-0.894427190999915,0.44721359549996,0.));
#2874=DIRECTION('ref_axis',(0.44721359549996,0.894427190999915,0.));
#2875=DIRECTION('center_axis',(0.707106781186548,-0.707106781186548,0.));
#2876=DIRECTION('ref_axis',(0.707106781186548,0.707106781186548,0.));
#2877=DIRECTION('center_axis',(-2.42830932770158E-16,-4.85661865540313E-16,
1.));
#2878=DIRECTION('ref_axis',(-0.850650808352038,-0.525731112119137,0.));
#2879=DIRECTION('center_axis',(0.,0.,-1.));
#2880=DIRECTION('ref_axis',(0.,-1.,0.));
#2881=DIRECTION('',(2.42830932770158E-16,4.85661865540313E-16,-1.));
#2882=DIRECTION('',(-2.42830932770158E-16,-4.85661865540313E-16,1.));
#2883=DIRECTION('center_axis',(0.447213595499972,0.894427190999909,0.));
#2884=DIRECTION('ref_axis',(0.,0.,-1.));
#2885=DIRECTION('center_axis',(-0.894427190999915,0.44721359549996,0.));
#2886=DIRECTION('ref_axis',(0.44721359549996,0.894427190999915,0.));
#2887=DIRECTION('center_axis',(0.707106781186548,-0.707106781186548,0.));
#2888=DIRECTION('ref_axis',(0.707106781186548,0.707106781186548,0.));
#2889=DIRECTION('center_axis',(-0.44721359549996,-0.894427190999915,0.));
#2890=DIRECTION('ref_axis',(-0.632455532033649,0.316227766016858,-0.707106781186563));
#2891=DIRECTION('center_axis',(0.,-1.,0.));
#2892=DIRECTION('ref_axis',(-1.,0.,1.62895941814125E-16));
#2893=DIRECTION('',(0.44721359549996,0.894427190999915,0.));
#2894=DIRECTION('',(-0.44721359549996,-0.894427190999915,0.));
#2895=DIRECTION('center_axis',(1.,0.,0.));
#2896=DIRECTION('ref_axis',(0.,0.707106781186548,0.707106781186548));
#2897=DIRECTION('',(1.,0.,0.));
#2898=DIRECTION('center_axis',(-0.707106781186548,-0.707106781186548,0.));
#2899=DIRECTION('ref_axis',(-0.707106781186548,0.707106781186548,0.));
#2900=DIRECTION('',(-1.,0.,0.));
#2901=DIRECTION('center_axis',(0.,1.,4.85661865540313E-16));
#2902=DIRECTION('ref_axis',(0.,-4.85661865540313E-16,1.));
#2903=DIRECTION('',(-1.,0.,0.));
#2904=DIRECTION('',(-2.42830932770161E-16,4.85661865540313E-16,-1.));
#2905=DIRECTION('center_axis',(1.,0.,0.));
#2906=DIRECTION('ref_axis',(0.,0.707106781186548,-0.707106781186548));
#2907=DIRECTION('',(1.,0.,0.));
#2908=DIRECTION('center_axis',(-0.707106781186548,-0.707106781186548,0.));
#2909=DIRECTION('ref_axis',(-0.707106781186548,0.707106781186548,0.));
#2910=DIRECTION('center_axis',(0.,0.,-1.));
#2911=DIRECTION('ref_axis',(0.,1.,0.));
#2912=DIRECTION('',(-1.,0.,0.));
#2913=DIRECTION('',(0.447213595499965,-0.894427190999913,0.));
#2914=DIRECTION('center_axis',(0.,0.,1.));
#2915=DIRECTION('ref_axis',(0.,-1.,0.));
#2916=DIRECTION('',(-0.447213595499965,0.894427190999913,0.));
#2917=DIRECTION('',(1.,0.,0.));
#2918=DIRECTION('center_axis',(-0.894427190999915,0.44721359549996,0.));
#2919=DIRECTION('ref_axis',(0.,0.,1.));
#2920=DIRECTION('',(0.,0.,-1.));
#2921=DIRECTION('',(0.408248290463864,0.816496580927725,-0.408248290463864));
#2922=DIRECTION('',(0.,0.,-1.));
#2923=DIRECTION('',(-0.408248290463864,-0.816496580927725,-0.408248290463864));
#2924=DIRECTION('',(0.,0.,-1.));
#2925=DIRECTION('center_axis',(0.894427190999913,0.447213595499965,0.));
#2926=DIRECTION('ref_axis',(-0.447213595499965,0.894427190999913,0.));
#2927=DIRECTION('center_axis',(0.447213595499956,-0.894427190999917,0.));
#2928=DIRECTION('ref_axis',(0.,0.,-1.));
#2929=DIRECTION('center_axis',(0.,0.,-1.));
#2930=DIRECTION('ref_axis',(0.894427190999921,0.447213595499949,0.));
#2931=DIRECTION('center_axis',(-0.447213595499965,0.894427190999913,0.));
#2932=DIRECTION('ref_axis',(0.632455532033728,0.316227766016831,-0.707106781186504));
#2933=DIRECTION('center_axis',(0.,-1.,0.));
#2934=DIRECTION('ref_axis',(1.,0.,0.));
#2935=DIRECTION('',(0.447213595499965,-0.894427190999913,0.));
#2936=DIRECTION('center_axis',(0.447213595499949,-0.894427190999921,-5.21267013805204E-15));
#2937=DIRECTION('ref_axis',(0.894427190999921,0.447213595499949,0.));
#2938=DIRECTION('center_axis',(0.894427190999913,0.447213595499965,0.));
#2939=DIRECTION('ref_axis',(-0.447213595499965,0.894427190999913,0.));
#2940=DIRECTION('center_axis',(0.,0.,1.));
#2941=DIRECTION('ref_axis',(0.,-1.,0.));
#2942=DIRECTION('center_axis',(0.447213595499965,-0.894427190999913,0.));
#2943=DIRECTION('ref_axis',(0.632455532033648,0.316227766016865,0.707106781186561));
#2944=DIRECTION('center_axis',(0.,-1.,0.));
#2945=DIRECTION('ref_axis',(1.,0.,-2.44343912721187E-16));
#2946=DIRECTION('',(-0.447213595499965,0.894427190999913,0.));
#2947=DIRECTION('center_axis',(-2.42830932770161E-16,4.85661865540313E-16,
-1.));
#2948=DIRECTION('ref_axis',(0.850650808352077,-0.525731112119074,0.));
#2949=DIRECTION('',(2.42830932770161E-16,-4.85661865540313E-16,1.));
#2950=DIRECTION('center_axis',(0.894427190999913,0.447213595499965,0.));
#2951=DIRECTION('ref_axis',(0.,0.,-1.));
#2952=DIRECTION('',(0.,0.,1.));
#2953=DIRECTION('',(-0.408248290463869,0.816496580927723,0.408248290463863));
#2954=DIRECTION('',(0.,0.,-1.));
#2955=DIRECTION('',(0.408248290463869,-0.816496580927723,0.408248290463863));
#2956=DIRECTION('',(0.,0.,1.));
#2957=DIRECTION('center_axis',(0.,0.44721359549996,-0.894427190999915));
#2958=DIRECTION('ref_axis',(-1.,0.,0.));
#2959=DIRECTION('',(1.,0.,0.));
#2960=DIRECTION('',(-1.,0.,0.));
#2961=DIRECTION('center_axis',(0.,0.44721359549996,0.894427190999915));
#2962=DIRECTION('ref_axis',(1.,0.,0.));
#2963=DIRECTION('',(1.,0.,0.));
#2964=DIRECTION('',(-1.,0.,0.));
#2965=DIRECTION('center_axis',(0.,1.,0.));
#2966=DIRECTION('ref_axis',(0.,0.,1.));
#2967=DIRECTION('center_axis',(0.44721359549996,0.894427190999915,0.));
#2968=DIRECTION('ref_axis',(-0.632455532033728,0.316227766016831,0.707106781186504));
#2969=DIRECTION('center_axis',(0.,-1.,0.));
#2970=DIRECTION('ref_axis',(-1.,0.,-6.51583767256501E-16));
#2971=DIRECTION('',(0.44721359549996,0.894427190999915,0.));
#2972=DIRECTION('center_axis',(-0.447213595499958,-0.894427190999916,-1.303167534513E-14));
#2973=DIRECTION('ref_axis',(0.,-1.45698559662094E-14,1.));
#2974=DIRECTION('',(-0.44721359549996,-0.894427190999915,0.));
#2975=DIRECTION('center_axis',(0.,0.,-1.));
#2976=DIRECTION('ref_axis',(0.,-1.,0.));
#2977=DIRECTION('center_axis',(-0.894427190999915,0.44721359549996,0.));
#2978=DIRECTION('ref_axis',(0.44721359549996,0.894427190999915,0.));
#2979=DIRECTION('center_axis',(0.707106781186548,-0.707106781186548,0.));
#2980=DIRECTION('ref_axis',(0.707106781186548,0.707106781186548,0.));
#2981=DIRECTION('center_axis',(-2.42830932770158E-16,-4.85661865540313E-16,
1.));
#2982=DIRECTION('ref_axis',(-0.850650808352038,-0.525731112119137,0.));
#2983=DIRECTION('center_axis',(0.,0.,-1.));
#2984=DIRECTION('ref_axis',(0.,-1.,0.));
#2985=DIRECTION('',(2.42830932770158E-16,4.85661865540313E-16,-1.));
#2986=DIRECTION('',(-2.42830932770158E-16,-4.85661865540313E-16,1.));
#2987=DIRECTION('center_axis',(0.447213595499972,0.894427190999909,0.));
#2988=DIRECTION('ref_axis',(0.,0.,-1.));
#2989=DIRECTION('center_axis',(-0.894427190999915,0.44721359549996,0.));
#2990=DIRECTION('ref_axis',(0.44721359549996,0.894427190999915,0.));
#2991=DIRECTION('center_axis',(0.707106781186548,-0.707106781186548,0.));
#2992=DIRECTION('ref_axis',(0.707106781186548,0.707106781186548,0.));
#2993=DIRECTION('center_axis',(-0.44721359549996,-0.894427190999915,0.));
#2994=DIRECTION('ref_axis',(-0.632455532033649,0.316227766016858,-0.707106781186563));
#2995=DIRECTION('center_axis',(0.,-1.,0.));
#2996=DIRECTION('ref_axis',(-1.,0.,1.62895941814125E-16));
#2997=DIRECTION('',(0.44721359549996,0.894427190999915,0.));
#2998=DIRECTION('',(-0.44721359549996,-0.894427190999915,0.));
#2999=DIRECTION('center_axis',(1.,0.,0.));
#3000=DIRECTION('ref_axis',(0.,0.707106781186548,0.707106781186548));
#3001=DIRECTION('',(1.,0.,0.));
#3002=DIRECTION('center_axis',(-0.707106781186548,-0.707106781186548,0.));
#3003=DIRECTION('ref_axis',(-0.707106781186548,0.707106781186548,0.));
#3004=DIRECTION('',(-1.,0.,0.));
#3005=DIRECTION('center_axis',(0.,1.,4.85661865540313E-16));
#3006=DIRECTION('ref_axis',(0.,-4.85661865540313E-16,1.));
#3007=DIRECTION('',(-1.,0.,0.));
#3008=DIRECTION('',(-2.42830932770161E-16,4.85661865540313E-16,-1.));
#3009=DIRECTION('center_axis',(1.,0.,0.));
#3010=DIRECTION('ref_axis',(0.,0.707106781186548,-0.707106781186548));
#3011=DIRECTION('',(1.,0.,0.));
#3012=DIRECTION('center_axis',(-0.707106781186548,-0.707106781186548,0.));
#3013=DIRECTION('ref_axis',(-0.707106781186548,0.707106781186548,0.));
#3014=DIRECTION('center_axis',(0.,0.,-1.));
#3015=DIRECTION('ref_axis',(0.,1.,0.));
#3016=DIRECTION('',(-1.,0.,0.));
#3017=DIRECTION('',(0.447213595499965,-0.894427190999913,0.));
#3018=DIRECTION('center_axis',(0.,0.,1.));
#3019=DIRECTION('ref_axis',(0.,-1.,0.));
#3020=DIRECTION('',(-0.447213595499965,0.894427190999913,0.));
#3021=DIRECTION('',(1.,0.,0.));
#3022=DIRECTION('center_axis',(-0.894427190999915,0.44721359549996,0.));
#3023=DIRECTION('ref_axis',(0.,0.,1.));
#3024=DIRECTION('',(0.,0.,-1.));
#3025=DIRECTION('',(0.408248290463864,0.816496580927725,-0.408248290463864));
#3026=DIRECTION('',(0.,0.,-1.));
#3027=DIRECTION('',(-0.408248290463864,-0.816496580927725,-0.408248290463864));
#3028=DIRECTION('',(0.,0.,-1.));
#3029=DIRECTION('center_axis',(0.894427190999913,0.447213595499965,0.));
#3030=DIRECTION('ref_axis',(-0.447213595499965,0.894427190999913,0.));
#3031=DIRECTION('center_axis',(0.447213595499956,-0.894427190999917,0.));
#3032=DIRECTION('ref_axis',(0.,0.,-1.));
#3033=DIRECTION('center_axis',(0.,0.,-1.));
#3034=DIRECTION('ref_axis',(0.894427190999921,0.447213595499949,0.));
#3035=DIRECTION('center_axis',(-0.447213595499965,0.894427190999913,0.));
#3036=DIRECTION('ref_axis',(0.632455532033728,0.316227766016831,-0.707106781186504));
#3037=DIRECTION('center_axis',(0.,-1.,0.));
#3038=DIRECTION('ref_axis',(1.,0.,0.));
#3039=DIRECTION('',(0.447213595499965,-0.894427190999913,0.));
#3040=DIRECTION('center_axis',(0.447213595499949,-0.894427190999921,-5.21267013805204E-15));
#3041=DIRECTION('ref_axis',(0.894427190999921,0.447213595499949,0.));
#3042=DIRECTION('center_axis',(0.894427190999913,0.447213595499965,0.));
#3043=DIRECTION('ref_axis',(-0.447213595499965,0.894427190999913,0.));
#3044=DIRECTION('center_axis',(0.,0.,1.));
#3045=DIRECTION('ref_axis',(0.,-1.,0.));
#3046=DIRECTION('center_axis',(0.447213595499965,-0.894427190999913,0.));
#3047=DIRECTION('ref_axis',(0.632455532033648,0.316227766016865,0.707106781186561));
#3048=DIRECTION('center_axis',(0.,-1.,0.));
#3049=DIRECTION('ref_axis',(1.,0.,-2.44343912721187E-16));
#3050=DIRECTION('',(-0.447213595499965,0.894427190999913,0.));
#3051=DIRECTION('center_axis',(-2.42830932770161E-16,4.85661865540313E-16,
-1.));
#3052=DIRECTION('ref_axis',(0.850650808352077,-0.525731112119074,0.));
#3053=DIRECTION('',(2.42830932770161E-16,-4.85661865540313E-16,1.));
#3054=DIRECTION('center_axis',(0.894427190999913,0.447213595499965,0.));
#3055=DIRECTION('ref_axis',(0.,0.,-1.));
#3056=DIRECTION('',(0.,0.,1.));
#3057=DIRECTION('',(-0.408248290463869,0.816496580927723,0.408248290463863));
#3058=DIRECTION('',(0.,0.,-1.));
#3059=DIRECTION('',(0.408248290463869,-0.816496580927723,0.408248290463863));
#3060=DIRECTION('',(0.,0.,1.));
#3061=DIRECTION('center_axis',(0.,0.44721359549996,-0.894427190999915));
#3062=DIRECTION('ref_axis',(-1.,0.,0.));
#3063=DIRECTION('',(1.,0.,0.));
#3064=DIRECTION('',(-1.,0.,0.));
#3065=DIRECTION('center_axis',(0.,0.44721359549996,0.894427190999915));
#3066=DIRECTION('ref_axis',(1.,0.,0.));
#3067=DIRECTION('',(1.,0.,0.));
#3068=DIRECTION('',(-1.,0.,0.));
#3069=DIRECTION('center_axis',(0.,1.,0.));
#3070=DIRECTION('ref_axis',(0.,0.,1.));
#3071=DIRECTION('center_axis',(-9.93013661298913E-17,0.894427190999915,
0.44721359549996));
#3072=DIRECTION('ref_axis',(-0.707106781186503,0.316227766016831,-0.632455532033729));
#3073=DIRECTION('center_axis',(0.,-1.,0.));
#3074=DIRECTION('ref_axis',(8.95927679977689E-16,0.,-1.));
#3075=DIRECTION('',(-9.93013661298913E-17,0.894427190999915,0.44721359549996));
#3076=DIRECTION('center_axis',(1.31309767112599E-14,-0.894427190999916,
-0.447213595499958));
#3077=DIRECTION('ref_axis',(-1.,-1.45698559662094E-14,-2.22044604925031E-16));
#3078=DIRECTION('',(9.93013661298913E-17,-0.894427190999915,-0.44721359549996));
#3079=DIRECTION('center_axis',(1.,0.,2.22044604925031E-16));
#3080=DIRECTION('ref_axis',(0.,-1.,0.));
#3081=DIRECTION('center_axis',(1.98602732259782E-16,0.44721359549996,-0.894427190999915));
#3082=DIRECTION('ref_axis',(-9.93013661298913E-17,0.894427190999915,0.44721359549996));
#3083=DIRECTION('center_axis',(-1.57009245868377E-16,-0.707106781186548,
0.707106781186548));
#3084=DIRECTION('ref_axis',(-1.57009245868377E-16,0.707106781186548,0.707106781186548));
#3085=DIRECTION('center_axis',(-1.,-4.85661865540313E-16,-4.64875537695189E-16));
#3086=DIRECTION('ref_axis',(1.88882422669687E-16,-0.525731112119137,-0.850650808352038));
#3087=DIRECTION('center_axis',(1.,0.,2.22044604925031E-16));
#3088=DIRECTION('ref_axis',(0.,-1.,0.));
#3089=DIRECTION('',(1.,4.85661865540313E-16,4.64875537695189E-16));
#3090=DIRECTION('',(-1.,-4.85661865540313E-16,-4.64875537695189E-16));
#3091=DIRECTION('center_axis',(-9.9301366129894E-17,0.894427190999909,0.447213595499972));
#3092=DIRECTION('ref_axis',(1.,0.,2.22044604925031E-16));
#3093=DIRECTION('center_axis',(1.98602732259782E-16,0.44721359549996,-0.894427190999915));
#3094=DIRECTION('ref_axis',(-9.93013661298913E-17,0.894427190999915,0.44721359549996));
#3095=DIRECTION('center_axis',(-1.57009245868377E-16,-0.707106781186548,
0.707106781186548));
#3096=DIRECTION('ref_axis',(-1.57009245868377E-16,0.707106781186548,0.707106781186548));
#3097=DIRECTION('center_axis',(9.93013661298913E-17,-0.894427190999915,
-0.44721359549996));
#3098=DIRECTION('ref_axis',(0.707106781186563,0.316227766016858,-0.632455532033649));
#3099=DIRECTION('center_axis',(0.,-1.,0.));
#3100=DIRECTION('ref_axis',(-4.88687825442376E-16,0.,-1.));
#3101=DIRECTION('',(-9.93013661298913E-17,0.894427190999915,0.44721359549996));
#3102=DIRECTION('',(9.93013661298913E-17,-0.894427190999915,-0.44721359549996));
#3103=DIRECTION('center_axis',(-2.22044604925031E-16,0.,1.));
#3104=DIRECTION('ref_axis',(-0.707106781186548,0.707106781186548,-1.57009245868377E-16));
#3105=DIRECTION('',(-2.22044604925031E-16,0.,1.));
#3106=DIRECTION('center_axis',(1.57009245868377E-16,-0.707106781186548,
-0.707106781186548));
#3107=DIRECTION('ref_axis',(1.57009245868377E-16,0.707106781186548,-0.707106781186548));
#3108=DIRECTION('',(2.22044604925031E-16,0.,-1.));
#3109=DIRECTION('center_axis',(-4.85661865540313E-16,1.,-1.07838597061052E-31));
#3110=DIRECTION('ref_axis',(-1.,-4.85661865540313E-16,-2.22044604925031E-16));
#3111=DIRECTION('',(2.22044604925031E-16,0.,-1.));
#3112=DIRECTION('',(1.,4.85661865540313E-16,-2.07863278451299E-17));
#3113=DIRECTION('center_axis',(-2.22044604925031E-16,0.,1.));
#3114=DIRECTION('ref_axis',(0.707106781186548,0.707106781186548,1.57009245868377E-16));
#3115=DIRECTION('',(-2.22044604925031E-16,0.,1.));
#3116=DIRECTION('center_axis',(1.57009245868377E-16,-0.707106781186548,
-0.707106781186548));
#3117=DIRECTION('ref_axis',(1.57009245868377E-16,0.707106781186548,-0.707106781186548));
#3118=DIRECTION('center_axis',(1.,0.,2.22044604925031E-16));
#3119=DIRECTION('ref_axis',(0.,1.,0.));
#3120=DIRECTION('',(2.22044604925031E-16,0.,-1.));
#3121=DIRECTION('',(-9.93013661298924E-17,-0.894427190999913,0.447213595499965));
#3122=DIRECTION('center_axis',(-1.,0.,-2.22044604925031E-16));
#3123=DIRECTION('ref_axis',(0.,-1.,0.));
#3124=DIRECTION('',(9.93013661298924E-17,0.894427190999913,-0.447213595499965));
#3125=DIRECTION('',(-2.22044604925031E-16,0.,1.));
#3126=DIRECTION('center_axis',(1.98602732259782E-16,0.44721359549996,-0.894427190999915));
#3127=DIRECTION('ref_axis',(-1.,0.,-2.22044604925031E-16));
#3128=DIRECTION('',(1.,0.,2.22044604925031E-16));
#3129=DIRECTION('',(0.408248290463864,0.816496580927725,0.408248290463864));
#3130=DIRECTION('',(1.,0.,2.22044604925031E-16));
#3131=DIRECTION('',(0.408248290463864,-0.816496580927725,-0.408248290463864));
#3132=DIRECTION('',(1.,0.,2.22044604925031E-16));
#3133=DIRECTION('center_axis',(-1.98602732259781E-16,0.447213595499965,
0.894427190999913));
#3134=DIRECTION('ref_axis',(9.93013661298924E-17,0.894427190999913,-0.447213595499965));
#3135=DIRECTION('center_axis',(-9.93013661298904E-17,-0.894427190999917,
0.447213595499956));
#3136=DIRECTION('ref_axis',(1.,0.,2.22044604925031E-16));
#3137=DIRECTION('center_axis',(1.,0.,2.22044604925031E-16));
#3138=DIRECTION('ref_axis',(-1.98602732259783E-16,0.447213595499949,0.894427190999921));
#3139=DIRECTION('center_axis',(9.93013661298924E-17,0.894427190999913,-0.447213595499965));
#3140=DIRECTION('ref_axis',(0.707106781186503,0.316227766016831,0.632455532033729));
#3141=DIRECTION('center_axis',(0.,-1.,0.));
#3142=DIRECTION('ref_axis',(-3.2579188362825E-16,0.,1.));
#3143=DIRECTION('',(-9.93013661298924E-17,-0.894427190999913,0.447213595499965));
#3144=DIRECTION('center_axis',(5.11336877192215E-15,-0.894427190999921,
0.447213595499949));
#3145=DIRECTION('ref_axis',(-1.98602732259783E-16,0.447213595499949,0.894427190999921));
#3146=DIRECTION('center_axis',(-1.98602732259781E-16,0.447213595499965,
0.894427190999913));
#3147=DIRECTION('ref_axis',(9.93013661298924E-17,0.894427190999913,-0.447213595499965));
#3148=DIRECTION('center_axis',(-1.,0.,-2.22044604925031E-16));
#3149=DIRECTION('ref_axis',(0.,-1.,0.));
#3150=DIRECTION('center_axis',(-9.93013661298924E-17,-0.894427190999913,
0.447213595499965));
#3151=DIRECTION('ref_axis',(-0.707106781186561,0.316227766016865,0.632455532033647));
#3152=DIRECTION('center_axis',(0.,-1.,0.));
#3153=DIRECTION('ref_axis',(-3.2579188362825E-16,0.,1.));
#3154=DIRECTION('',(9.93013661298924E-17,0.894427190999913,-0.447213595499965));
#3155=DIRECTION('center_axis',(1.,4.85661865540313E-16,-2.07863278451299E-17));
#3156=DIRECTION('ref_axis',(-1.88882422669695E-16,-0.525731112119074,0.850650808352077));
#3157=DIRECTION('',(-1.,-4.85661865540313E-16,2.07863278451299E-17));
#3158=DIRECTION('center_axis',(-1.98602732259781E-16,0.447213595499965,
0.894427190999913));
#3159=DIRECTION('ref_axis',(1.,0.,2.22044604925031E-16));
#3160=DIRECTION('',(-1.,0.,-2.22044604925031E-16));
#3161=DIRECTION('',(-0.408248290463863,0.816496580927723,-0.408248290463869));
#3162=DIRECTION('',(1.,0.,2.22044604925031E-16));
#3163=DIRECTION('',(-0.408248290463864,-0.816496580927723,0.408248290463869));
#3164=DIRECTION('',(-1.,0.,-2.22044604925031E-16));
#3165=DIRECTION('center_axis',(0.894427190999915,0.44721359549996,1.98602732259782E-16));
#3166=DIRECTION('ref_axis',(2.22044604925031E-16,0.,-1.));
#3167=DIRECTION('',(-2.22044604925031E-16,0.,1.));
#3168=DIRECTION('',(2.22044604925031E-16,0.,-1.));
#3169=DIRECTION('center_axis',(-0.894427190999915,0.44721359549996,-1.98602732259782E-16));
#3170=DIRECTION('ref_axis',(-2.22044604925031E-16,0.,1.));
#3171=DIRECTION('',(-2.22044604925031E-16,0.,1.));
#3172=DIRECTION('',(2.22044604925031E-16,0.,-1.));
#3173=DIRECTION('center_axis',(0.,1.,0.));
#3174=DIRECTION('ref_axis',(-1.,0.,-2.22044604925031E-16));
#3175=DIRECTION('center_axis',(-9.93013661298913E-17,0.894427190999915,
0.44721359549996));
#3176=DIRECTION('ref_axis',(-0.707106781186503,0.316227766016831,-0.632455532033729));
#3177=DIRECTION('center_axis',(0.,-1.,0.));
#3178=DIRECTION('ref_axis',(8.95927679977689E-16,0.,-1.));
#3179=DIRECTION('',(-9.93013661298913E-17,0.894427190999915,0.44721359549996));
#3180=DIRECTION('center_axis',(1.31309767112599E-14,-0.894427190999916,
-0.447213595499958));
#3181=DIRECTION('ref_axis',(-1.,-1.45698559662094E-14,-2.22044604925031E-16));
#3182=DIRECTION('',(9.93013661298913E-17,-0.894427190999915,-0.44721359549996));
#3183=DIRECTION('center_axis',(1.,0.,2.22044604925031E-16));
#3184=DIRECTION('ref_axis',(0.,-1.,0.));
#3185=DIRECTION('center_axis',(1.98602732259782E-16,0.44721359549996,-0.894427190999915));
#3186=DIRECTION('ref_axis',(-9.93013661298913E-17,0.894427190999915,0.44721359549996));
#3187=DIRECTION('center_axis',(-1.57009245868377E-16,-0.707106781186548,
0.707106781186548));
#3188=DIRECTION('ref_axis',(-1.57009245868377E-16,0.707106781186548,0.707106781186548));
#3189=DIRECTION('center_axis',(-1.,-4.85661865540313E-16,-4.64875537695189E-16));
#3190=DIRECTION('ref_axis',(1.88882422669687E-16,-0.525731112119137,-0.850650808352038));
#3191=DIRECTION('center_axis',(1.,0.,2.22044604925031E-16));
#3192=DIRECTION('ref_axis',(0.,-1.,0.));
#3193=DIRECTION('',(1.,4.85661865540313E-16,4.64875537695189E-16));
#3194=DIRECTION('',(-1.,-4.85661865540313E-16,-4.64875537695189E-16));
#3195=DIRECTION('center_axis',(-9.9301366129894E-17,0.894427190999909,0.447213595499972));
#3196=DIRECTION('ref_axis',(1.,0.,2.22044604925031E-16));
#3197=DIRECTION('center_axis',(1.98602732259782E-16,0.44721359549996,-0.894427190999915));
#3198=DIRECTION('ref_axis',(-9.93013661298913E-17,0.894427190999915,0.44721359549996));
#3199=DIRECTION('center_axis',(-1.57009245868377E-16,-0.707106781186548,
0.707106781186548));
#3200=DIRECTION('ref_axis',(-1.57009245868377E-16,0.707106781186548,0.707106781186548));
#3201=DIRECTION('center_axis',(9.93013661298913E-17,-0.894427190999915,
-0.44721359549996));
#3202=DIRECTION('ref_axis',(0.707106781186563,0.316227766016858,-0.632455532033649));
#3203=DIRECTION('center_axis',(0.,-1.,0.));
#3204=DIRECTION('ref_axis',(-4.88687825442376E-16,0.,-1.));
#3205=DIRECTION('',(-9.93013661298913E-17,0.894427190999915,0.44721359549996));
#3206=DIRECTION('',(9.93013661298913E-17,-0.894427190999915,-0.44721359549996));
#3207=DIRECTION('center_axis',(-2.22044604925031E-16,0.,1.));
#3208=DIRECTION('ref_axis',(-0.707106781186548,0.707106781186548,-1.57009245868377E-16));
#3209=DIRECTION('',(-2.22044604925031E-16,0.,1.));
#3210=DIRECTION('center_axis',(1.57009245868377E-16,-0.707106781186548,
-0.707106781186548));
#3211=DIRECTION('ref_axis',(1.57009245868377E-16,0.707106781186548,-0.707106781186548));
#3212=DIRECTION('',(2.22044604925031E-16,0.,-1.));
#3213=DIRECTION('center_axis',(-4.85661865540313E-16,1.,-1.07838597061052E-31));
#3214=DIRECTION('ref_axis',(-1.,-4.85661865540313E-16,-2.22044604925031E-16));
#3215=DIRECTION('',(2.22044604925031E-16,0.,-1.));
#3216=DIRECTION('',(1.,4.85661865540313E-16,-2.07863278451299E-17));
#3217=DIRECTION('center_axis',(-2.22044604925031E-16,0.,1.));
#3218=DIRECTION('ref_axis',(0.707106781186548,0.707106781186548,1.57009245868377E-16));
#3219=DIRECTION('',(-2.22044604925031E-16,0.,1.));
#3220=DIRECTION('center_axis',(1.57009245868377E-16,-0.707106781186548,
-0.707106781186548));
#3221=DIRECTION('ref_axis',(1.57009245868377E-16,0.707106781186548,-0.707106781186548));
#3222=DIRECTION('center_axis',(1.,0.,2.22044604925031E-16));
#3223=DIRECTION('ref_axis',(0.,1.,0.));
#3224=DIRECTION('',(2.22044604925031E-16,0.,-1.));
#3225=DIRECTION('',(-9.93013661298924E-17,-0.894427190999913,0.447213595499965));
#3226=DIRECTION('center_axis',(-1.,0.,-2.22044604925031E-16));
#3227=DIRECTION('ref_axis',(0.,-1.,0.));
#3228=DIRECTION('',(9.93013661298924E-17,0.894427190999913,-0.447213595499965));
#3229=DIRECTION('',(-2.22044604925031E-16,0.,1.));
#3230=DIRECTION('center_axis',(1.98602732259782E-16,0.44721359549996,-0.894427190999915));
#3231=DIRECTION('ref_axis',(-1.,0.,-2.22044604925031E-16));
#3232=DIRECTION('',(1.,0.,2.22044604925031E-16));
#3233=DIRECTION('',(0.408248290463864,0.816496580927725,0.408248290463864));
#3234=DIRECTION('',(1.,0.,2.22044604925031E-16));
#3235=DIRECTION('',(0.408248290463864,-0.816496580927725,-0.408248290463864));
#3236=DIRECTION('',(1.,0.,2.22044604925031E-16));
#3237=DIRECTION('center_axis',(-1.98602732259781E-16,0.447213595499965,
0.894427190999913));
#3238=DIRECTION('ref_axis',(9.93013661298924E-17,0.894427190999913,-0.447213595499965));
#3239=DIRECTION('center_axis',(-9.93013661298904E-17,-0.894427190999917,
0.447213595499956));
#3240=DIRECTION('ref_axis',(1.,0.,2.22044604925031E-16));
#3241=DIRECTION('center_axis',(1.,0.,2.22044604925031E-16));
#3242=DIRECTION('ref_axis',(-1.98602732259783E-16,0.447213595499949,0.894427190999921));
#3243=DIRECTION('center_axis',(9.93013661298924E-17,0.894427190999913,-0.447213595499965));
#3244=DIRECTION('ref_axis',(0.707106781186503,0.316227766016831,0.632455532033729));
#3245=DIRECTION('center_axis',(0.,-1.,0.));
#3246=DIRECTION('ref_axis',(-3.2579188362825E-16,0.,1.));
#3247=DIRECTION('',(-9.93013661298924E-17,-0.894427190999913,0.447213595499965));
#3248=DIRECTION('center_axis',(5.11336877192215E-15,-0.894427190999921,
0.447213595499949));
#3249=DIRECTION('ref_axis',(-1.98602732259783E-16,0.447213595499949,0.894427190999921));
#3250=DIRECTION('center_axis',(-1.98602732259781E-16,0.447213595499965,
0.894427190999913));
#3251=DIRECTION('ref_axis',(9.93013661298924E-17,0.894427190999913,-0.447213595499965));
#3252=DIRECTION('center_axis',(-1.,0.,-2.22044604925031E-16));
#3253=DIRECTION('ref_axis',(0.,-1.,0.));
#3254=DIRECTION('center_axis',(-9.93013661298924E-17,-0.894427190999913,
0.447213595499965));
#3255=DIRECTION('ref_axis',(-0.707106781186561,0.316227766016865,0.632455532033647));
#3256=DIRECTION('center_axis',(0.,-1.,0.));
#3257=DIRECTION('ref_axis',(-3.2579188362825E-16,0.,1.));
#3258=DIRECTION('',(9.93013661298924E-17,0.894427190999913,-0.447213595499965));
#3259=DIRECTION('center_axis',(1.,4.85661865540313E-16,-2.07863278451299E-17));
#3260=DIRECTION('ref_axis',(-1.88882422669695E-16,-0.525731112119074,0.850650808352077));
#3261=DIRECTION('',(-1.,-4.85661865540313E-16,2.07863278451299E-17));
#3262=DIRECTION('center_axis',(-1.98602732259781E-16,0.447213595499965,
0.894427190999913));
#3263=DIRECTION('ref_axis',(1.,0.,2.22044604925031E-16));
#3264=DIRECTION('',(-1.,0.,-2.22044604925031E-16));
#3265=DIRECTION('',(-0.408248290463863,0.816496580927723,-0.408248290463869));
#3266=DIRECTION('',(1.,0.,2.22044604925031E-16));
#3267=DIRECTION('',(-0.408248290463864,-0.816496580927723,0.408248290463869));
#3268=DIRECTION('',(-1.,0.,-2.22044604925031E-16));
#3269=DIRECTION('center_axis',(0.894427190999915,0.44721359549996,1.98602732259782E-16));
#3270=DIRECTION('ref_axis',(2.22044604925031E-16,0.,-1.));
#3271=DIRECTION('',(-2.22044604925031E-16,0.,1.));
#3272=DIRECTION('',(2.22044604925031E-16,0.,-1.));
#3273=DIRECTION('center_axis',(-0.894427190999915,0.44721359549996,-1.98602732259782E-16));
#3274=DIRECTION('ref_axis',(-2.22044604925031E-16,0.,1.));
#3275=DIRECTION('',(-2.22044604925031E-16,0.,1.));
#3276=DIRECTION('',(2.22044604925031E-16,0.,-1.));
#3277=DIRECTION('center_axis',(0.,1.,0.));
#3278=DIRECTION('ref_axis',(-1.,0.,-2.22044604925031E-16));
#3279=DIRECTION('center_axis',(0.44721359549996,0.894427190999915,0.));
#3280=DIRECTION('ref_axis',(-0.632455532033728,0.316227766016831,0.707106781186504));
#3281=DIRECTION('center_axis',(0.,-1.,0.));
#3282=DIRECTION('ref_axis',(-1.,0.,-6.51583767256501E-16));
#3283=DIRECTION('',(0.44721359549996,0.894427190999915,0.));
#3284=DIRECTION('center_axis',(-0.447213595499958,-0.894427190999916,-1.303167534513E-14));
#3285=DIRECTION('ref_axis',(0.,-1.45698559662094E-14,1.));
#3286=DIRECTION('',(-0.44721359549996,-0.894427190999915,0.));
#3287=DIRECTION('center_axis',(0.,0.,-1.));
#3288=DIRECTION('ref_axis',(0.,-1.,0.));
#3289=DIRECTION('center_axis',(-0.894427190999915,0.44721359549996,0.));
#3290=DIRECTION('ref_axis',(0.44721359549996,0.894427190999915,0.));
#3291=DIRECTION('center_axis',(0.707106781186548,-0.707106781186548,0.));
#3292=DIRECTION('ref_axis',(0.707106781186548,0.707106781186548,0.));
#3293=DIRECTION('center_axis',(-2.42830932770158E-16,-4.85661865540313E-16,
1.));
#3294=DIRECTION('ref_axis',(-0.850650808352038,-0.525731112119137,0.));
#3295=DIRECTION('center_axis',(0.,0.,-1.));
#3296=DIRECTION('ref_axis',(0.,-1.,0.));
#3297=DIRECTION('',(2.42830932770158E-16,4.85661865540313E-16,-1.));
#3298=DIRECTION('',(-2.42830932770158E-16,-4.85661865540313E-16,1.));
#3299=DIRECTION('center_axis',(0.447213595499972,0.894427190999909,0.));
#3300=DIRECTION('ref_axis',(0.,0.,-1.));
#3301=DIRECTION('center_axis',(-0.894427190999915,0.44721359549996,0.));
#3302=DIRECTION('ref_axis',(0.44721359549996,0.894427190999915,0.));
#3303=DIRECTION('center_axis',(0.707106781186548,-0.707106781186548,0.));
#3304=DIRECTION('ref_axis',(0.707106781186548,0.707106781186548,0.));
#3305=DIRECTION('center_axis',(-0.44721359549996,-0.894427190999915,0.));
#3306=DIRECTION('ref_axis',(-0.632455532033649,0.316227766016858,-0.707106781186563));
#3307=DIRECTION('center_axis',(0.,-1.,0.));
#3308=DIRECTION('ref_axis',(-1.,0.,1.62895941814125E-16));
#3309=DIRECTION('',(0.44721359549996,0.894427190999915,0.));
#3310=DIRECTION('',(-0.44721359549996,-0.894427190999915,0.));
#3311=DIRECTION('center_axis',(1.,0.,0.));
#3312=DIRECTION('ref_axis',(0.,0.707106781186548,0.707106781186548));
#3313=DIRECTION('',(1.,0.,0.));
#3314=DIRECTION('center_axis',(-0.707106781186548,-0.707106781186548,0.));
#3315=DIRECTION('ref_axis',(-0.707106781186548,0.707106781186548,0.));
#3316=DIRECTION('',(-1.,0.,0.));
#3317=DIRECTION('center_axis',(0.,1.,4.85661865540313E-16));
#3318=DIRECTION('ref_axis',(0.,-4.85661865540313E-16,1.));
#3319=DIRECTION('',(-1.,0.,0.));
#3320=DIRECTION('',(-2.42830932770161E-16,4.85661865540313E-16,-1.));
#3321=DIRECTION('center_axis',(1.,0.,0.));
#3322=DIRECTION('ref_axis',(0.,0.707106781186548,-0.707106781186548));
#3323=DIRECTION('',(1.,0.,0.));
#3324=DIRECTION('center_axis',(-0.707106781186548,-0.707106781186548,0.));
#3325=DIRECTION('ref_axis',(-0.707106781186548,0.707106781186548,0.));
#3326=DIRECTION('center_axis',(0.,0.,-1.));
#3327=DIRECTION('ref_axis',(0.,1.,0.));
#3328=DIRECTION('',(-1.,0.,0.));
#3329=DIRECTION('',(0.447213595499965,-0.894427190999913,0.));
#3330=DIRECTION('center_axis',(0.,0.,1.));
#3331=DIRECTION('ref_axis',(0.,-1.,0.));
#3332=DIRECTION('',(-0.447213595499965,0.894427190999913,0.));
#3333=DIRECTION('',(1.,0.,0.));
#3334=DIRECTION('center_axis',(-0.894427190999915,0.44721359549996,0.));
#3335=DIRECTION('ref_axis',(0.,0.,1.));
#3336=DIRECTION('',(0.,0.,-1.));
#3337=DIRECTION('',(0.408248290463864,0.816496580927725,-0.408248290463864));
#3338=DIRECTION('',(0.,0.,-1.));
#3339=DIRECTION('',(-0.408248290463864,-0.816496580927725,-0.408248290463864));
#3340=DIRECTION('',(0.,0.,-1.));
#3341=DIRECTION('center_axis',(0.894427190999913,0.447213595499965,0.));
#3342=DIRECTION('ref_axis',(-0.447213595499965,0.894427190999913,0.));
#3343=DIRECTION('center_axis',(0.447213595499956,-0.894427190999917,0.));
#3344=DIRECTION('ref_axis',(0.,0.,-1.));
#3345=DIRECTION('center_axis',(0.,0.,-1.));
#3346=DIRECTION('ref_axis',(0.894427190999921,0.447213595499949,0.));
#3347=DIRECTION('center_axis',(-0.447213595499965,0.894427190999913,0.));
#3348=DIRECTION('ref_axis',(0.632455532033728,0.316227766016831,-0.707106781186504));
#3349=DIRECTION('center_axis',(0.,-1.,0.));
#3350=DIRECTION('ref_axis',(1.,0.,0.));
#3351=DIRECTION('',(0.447213595499965,-0.894427190999913,0.));
#3352=DIRECTION('center_axis',(0.447213595499949,-0.894427190999921,-5.21267013805204E-15));
#3353=DIRECTION('ref_axis',(0.894427190999921,0.447213595499949,0.));
#3354=DIRECTION('center_axis',(0.894427190999913,0.447213595499965,0.));
#3355=DIRECTION('ref_axis',(-0.447213595499965,0.894427190999913,0.));
#3356=DIRECTION('center_axis',(0.,0.,1.));
#3357=DIRECTION('ref_axis',(0.,-1.,0.));
#3358=DIRECTION('center_axis',(0.447213595499965,-0.894427190999913,0.));
#3359=DIRECTION('ref_axis',(0.632455532033648,0.316227766016865,0.707106781186561));
#3360=DIRECTION('center_axis',(0.,-1.,0.));
#3361=DIRECTION('ref_axis',(1.,0.,-2.44343912721187E-16));
#3362=DIRECTION('',(-0.447213595499965,0.894427190999913,0.));
#3363=DIRECTION('center_axis',(-2.42830932770161E-16,4.85661865540313E-16,
-1.));
#3364=DIRECTION('ref_axis',(0.850650808352077,-0.525731112119074,0.));
#3365=DIRECTION('',(2.42830932770161E-16,-4.85661865540313E-16,1.));
#3366=DIRECTION('center_axis',(0.894427190999913,0.447213595499965,0.));
#3367=DIRECTION('ref_axis',(0.,0.,-1.));
#3368=DIRECTION('',(0.,0.,1.));
#3369=DIRECTION('',(-0.408248290463869,0.816496580927723,0.408248290463863));
#3370=DIRECTION('',(0.,0.,-1.));
#3371=DIRECTION('',(0.408248290463869,-0.816496580927723,0.408248290463863));
#3372=DIRECTION('',(0.,0.,1.));
#3373=DIRECTION('center_axis',(0.,0.44721359549996,-0.894427190999915));
#3374=DIRECTION('ref_axis',(-1.,0.,0.));
#3375=DIRECTION('',(1.,0.,0.));
#3376=DIRECTION('',(-1.,0.,0.));
#3377=DIRECTION('center_axis',(0.,0.44721359549996,0.894427190999915));
#3378=DIRECTION('ref_axis',(1.,0.,0.));
#3379=DIRECTION('',(1.,0.,0.));
#3380=DIRECTION('',(-1.,0.,0.));
#3381=DIRECTION('center_axis',(0.,1.,0.));
#3382=DIRECTION('ref_axis',(0.,0.,1.));
#3383=DIRECTION('center_axis',(0.,1.,0.));
#3384=DIRECTION('ref_axis',(-1.,0.,0.));
#3385=DIRECTION('',(-1.,0.,0.));
#3386=DIRECTION('',(0.,0.,1.));
#3387=DIRECTION('center_axis',(0.,1.,0.));
#3388=DIRECTION('ref_axis',(0.707106781186535,0.,0.70710678118656));
#3389=DIRECTION('',(-1.,0.,0.));
#3390=DIRECTION('',(0.,0.,1.));
#3391=DIRECTION('',(1.,0.,0.));
#3392=DIRECTION('',(0.,0.,1.));
#3393=DIRECTION('center_axis',(0.,1.,0.));
#3394=DIRECTION('ref_axis',(0.707106781186554,0.,0.707106781186541));
#3395=DIRECTION('',(-1.,0.,0.));
#3396=DIRECTION('',(0.,0.,1.));
#3397=DIRECTION('',(1.,0.,0.));
#3398=DIRECTION('center_axis',(0.,1.,0.));
#3399=DIRECTION('ref_axis',(0.707106781186554,0.,-0.707106781186541));
#3400=DIRECTION('',(0.,0.,1.));
#3401=DIRECTION('center_axis',(0.,1.,0.));
#3402=DIRECTION('ref_axis',(0.707106781186552,0.,0.707106781186543));
#3403=DIRECTION('',(-1.,0.,0.));
#3404=DIRECTION('',(0.,0.,1.));
#3405=DIRECTION('',(1.,0.,0.));
#3406=DIRECTION('center_axis',(0.,-1.,0.));
#3407=DIRECTION('ref_axis',(0.707106781186551,0.,0.707106781186544));
#3408=DIRECTION('',(0.,0.,-1.));
#3409=DIRECTION('center_axis',(0.,1.,0.));
#3410=DIRECTION('ref_axis',(-1.,0.,-6.51583767256501E-16));
#3411=DIRECTION('',(0.,0.,-1.));
#3412=DIRECTION('',(-1.,0.,0.));
#3413=DIRECTION('',(0.,0.,-1.));
#3414=DIRECTION('center_axis',(0.,-1.,0.));
#3415=DIRECTION('ref_axis',(1.,0.,-2.44343912721187E-16));
#3416=DIRECTION('',(-1.,0.,0.));
#3417=DIRECTION('center_axis',(0.,1.,0.));
#3418=DIRECTION('ref_axis',(-1.,0.,1.62895941814125E-16));
#3419=DIRECTION('',(1.,0.,0.));
#3420=DIRECTION('center_axis',(0.,-1.,0.));
#3421=DIRECTION('ref_axis',(1.,0.,0.));
#3422=DIRECTION('',(0.,0.,-1.));
#3423=DIRECTION('',(1.,0.,0.));
#3424=DIRECTION('',(0.,0.,-1.));
#3425=DIRECTION('center_axis',(0.,1.,0.));
#3426=DIRECTION('ref_axis',(-1.,0.,0.));
#3427=DIRECTION('center_axis',(0.,1.,0.));
#3428=DIRECTION('ref_axis',(-1.,0.,0.));
#3429=DIRECTION('center_axis',(0.,0.64764842009554,0.76193931775946));
#3430=DIRECTION('ref_axis',(1.,0.,0.));
#3431=DIRECTION('',(0.,0.76193931775946,-0.64764842009554));
#3432=DIRECTION('',(1.,0.,0.));
#3433=DIRECTION('',(0.,-0.76193931775946,0.64764842009554));
#3434=DIRECTION('center_axis',(-1.,0.,0.));
#3435=DIRECTION('ref_axis',(0.,0.,1.));
#3436=DIRECTION('',(0.,0.,-1.));
#3437=DIRECTION('',(0.,-1.,0.));
#3438=DIRECTION('center_axis',(0.,1.,0.));
#3439=DIRECTION('ref_axis',(0.707106781186551,0.,0.707106781186544));
#3440=DIRECTION('',(0.,-1.,0.));
#3441=DIRECTION('center_axis',(0.,1.,0.));
#3442=DIRECTION('ref_axis',(0.707106781186551,0.,0.707106781186544));
#3443=DIRECTION('',(0.,1.,0.));
#3444=DIRECTION('center_axis',(0.,1.,0.));
#3445=DIRECTION('ref_axis',(-1.,0.,0.));
#3446=DIRECTION('',(0.,0.,1.));
#3447=DIRECTION('',(-1.,0.,0.));
#3448=DIRECTION('',(0.,0.,-1.));
#3449=DIRECTION('',(1.,0.,0.));
#3450=DIRECTION('center_axis',(0.,-1.,0.));
#3451=DIRECTION('ref_axis',(0.707106781186552,0.,0.707106781186543));
#3452=DIRECTION('',(0.,0.,-1.));
#3453=DIRECTION('center_axis',(0.,-1.,0.));
#3454=DIRECTION('ref_axis',(0.707106781186554,0.,-0.707106781186541));
#3455=DIRECTION('',(1.,0.,0.));
#3456=DIRECTION('',(0.,0.,1.));
#3457=DIRECTION('',(-1.,0.,0.));
#3458=DIRECTION('center_axis',(0.,-1.,0.));
#3459=DIRECTION('ref_axis',(0.707106781186554,0.,0.707106781186541));
#3460=DIRECTION('',(0.,0.,1.));
#3461=DIRECTION('',(-1.,0.,0.));
#3462=DIRECTION('',(0.,0.,-1.));
#3463=DIRECTION('',(1.,0.,0.));
#3464=DIRECTION('center_axis',(0.,-1.,0.));
#3465=DIRECTION('ref_axis',(0.707106781186535,0.,0.70710678118656));
#3466=DIRECTION('center_axis',(0.,1.,0.));
#3467=DIRECTION('ref_axis',(-1.,0.,0.));
#3468=DIRECTION('center_axis',(0.,1.,0.));
#3469=DIRECTION('ref_axis',(-1.,0.,0.));
#3470=DIRECTION('center_axis',(0.,0.,1.));
#3471=DIRECTION('ref_axis',(1.,0.,0.));
#3472=DIRECTION('',(0.,1.,0.));
#3473=DIRECTION('center_axis',(0.,1.,0.));
#3474=DIRECTION('ref_axis',(0.707106781186535,0.,0.70710678118656));
#3475=DIRECTION('',(0.,1.,0.));
#3476=DIRECTION('center_axis',(0.,0.,-1.));
#3477=DIRECTION('ref_axis',(-1.,0.,0.));
#3478=DIRECTION('',(0.,1.,0.));
#3479=DIRECTION('center_axis',(0.,1.,0.));
#3480=DIRECTION('ref_axis',(0.707106781186554,0.,0.707106781186541));
#3481=DIRECTION('',(0.,1.,0.));
#3482=DIRECTION('',(0.,-1.,0.));
#3483=DIRECTION('center_axis',(0.,0.,-1.));
#3484=DIRECTION('ref_axis',(-1.,0.,0.));
#3485=DIRECTION('',(0.,1.,0.));
#3486=DIRECTION('center_axis',(0.,1.,0.));
#3487=DIRECTION('ref_axis',(0.707106781186554,0.,-0.707106781186541));
#3488=DIRECTION('',(0.,1.,0.));
#3489=DIRECTION('',(0.,-1.,0.));
#3490=DIRECTION('center_axis',(-1.,0.,0.));
#3491=DIRECTION('ref_axis',(0.,0.,1.));
#3492=DIRECTION('',(0.,-1.,0.));
#3493=DIRECTION('center_axis',(0.,1.,0.));
#3494=DIRECTION('ref_axis',(0.707106781186552,0.,0.707106781186543));
#3495=DIRECTION('',(0.,1.,0.));
#3496=DIRECTION('center_axis',(0.,0.,-1.));
#3497=DIRECTION('ref_axis',(-1.,0.,0.));
#3498=DIRECTION('',(0.,1.,0.));
#3499=DIRECTION('center_axis',(0.,1.,0.));
#3500=DIRECTION('ref_axis',(-1.,0.,0.));
#3501=DIRECTION('',(0.,-1.,0.));
#3502=DIRECTION('center_axis',(0.,1.,0.));
#3503=DIRECTION('ref_axis',(-1.,0.,0.));
#3504=DIRECTION('',(0.,-1.,0.));
#3505=DIRECTION('center_axis',(0.,0.,1.));
#3506=DIRECTION('ref_axis',(1.,0.,0.));
#3507=DIRECTION('',(0.,1.,0.));
#3508=DIRECTION('',(0.,1.,0.));
#3509=DIRECTION('center_axis',(-1.,0.,0.));
#3510=DIRECTION('ref_axis',(0.,0.,1.));
#3511=DIRECTION('center_axis',(1.,0.,0.));
#3512=DIRECTION('ref_axis',(0.,0.,-1.));
#3513=DIRECTION('center_axis',(-1.,0.,0.));
#3514=DIRECTION('ref_axis',(0.,0.,1.));
#3515=DIRECTION('center_axis',(0.,0.,1.));
#3516=DIRECTION('ref_axis',(1.,0.,0.));
#3517=DIRECTION('',(0.,1.,0.));
#3518=DIRECTION('center_axis',(-1.,0.,0.));
#3519=DIRECTION('ref_axis',(0.,0.,1.));
#3520=DIRECTION('center_axis',(-1.,0.,0.));
#3521=DIRECTION('ref_axis',(0.,0.,1.));
#3522=DIRECTION('center_axis',(0.44721359549996,0.894427190999915,0.));
#3523=DIRECTION('ref_axis',(-0.632455532033728,0.316227766016831,0.707106781186504));
#3524=DIRECTION('',(0.44721359549996,0.894427190999915,0.));
#3525=DIRECTION('center_axis',(-0.447213595499958,-0.894427190999916,-1.303167534513E-14));
#3526=DIRECTION('ref_axis',(0.,-1.45698559662094E-14,1.));
#3527=DIRECTION('',(-0.44721359549996,-0.894427190999915,0.));
#3528=DIRECTION('center_axis',(0.,0.,-1.));
#3529=DIRECTION('ref_axis',(0.,-1.,0.));
#3530=DIRECTION('center_axis',(-0.894427190999915,0.44721359549996,0.));
#3531=DIRECTION('ref_axis',(0.44721359549996,0.894427190999915,0.));
#3532=DIRECTION('center_axis',(0.707106781186548,-0.707106781186548,0.));
#3533=DIRECTION('ref_axis',(0.707106781186548,0.707106781186548,0.));
#3534=DIRECTION('center_axis',(-2.42830932770158E-16,-4.85661865540313E-16,
1.));
#3535=DIRECTION('ref_axis',(-0.850650808352038,-0.525731112119137,0.));
#3536=DIRECTION('center_axis',(0.,0.,-1.));
#3537=DIRECTION('ref_axis',(0.,-1.,0.));
#3538=DIRECTION('',(2.42830932770158E-16,4.85661865540313E-16,-1.));
#3539=DIRECTION('',(-2.42830932770158E-16,-4.85661865540313E-16,1.));
#3540=DIRECTION('center_axis',(0.447213595499972,0.894427190999909,0.));
#3541=DIRECTION('ref_axis',(0.,0.,-1.));
#3542=DIRECTION('center_axis',(-0.894427190999915,0.44721359549996,0.));
#3543=DIRECTION('ref_axis',(0.44721359549996,0.894427190999915,0.));
#3544=DIRECTION('center_axis',(0.707106781186548,-0.707106781186548,0.));
#3545=DIRECTION('ref_axis',(0.707106781186548,0.707106781186548,0.));
#3546=DIRECTION('center_axis',(-0.44721359549996,-0.894427190999915,0.));
#3547=DIRECTION('ref_axis',(-0.632455532033649,0.316227766016858,-0.707106781186563));
#3548=DIRECTION('',(0.44721359549996,0.894427190999915,0.));
#3549=DIRECTION('',(-0.44721359549996,-0.894427190999915,0.));
#3550=DIRECTION('center_axis',(1.,0.,0.));
#3551=DIRECTION('ref_axis',(0.,0.707106781186548,0.707106781186548));
#3552=DIRECTION('',(1.,0.,0.));
#3553=DIRECTION('center_axis',(-0.707106781186548,-0.707106781186548,0.));
#3554=DIRECTION('ref_axis',(-0.707106781186548,0.707106781186548,0.));
#3555=DIRECTION('',(-1.,0.,0.));
#3556=DIRECTION('center_axis',(0.,1.,4.85661865540313E-16));
#3557=DIRECTION('ref_axis',(0.,-4.85661865540313E-16,1.));
#3558=DIRECTION('',(-1.,0.,0.));
#3559=DIRECTION('',(-2.42830932770161E-16,4.85661865540313E-16,-1.));
#3560=DIRECTION('center_axis',(1.,0.,0.));
#3561=DIRECTION('ref_axis',(0.,0.707106781186548,-0.707106781186548));
#3562=DIRECTION('',(1.,0.,0.));
#3563=DIRECTION('center_axis',(-0.707106781186548,-0.707106781186548,0.));
#3564=DIRECTION('ref_axis',(-0.707106781186548,0.707106781186548,0.));
#3565=DIRECTION('center_axis',(0.,0.,-1.));
#3566=DIRECTION('ref_axis',(0.,1.,0.));
#3567=DIRECTION('',(0.447213595499965,-0.894427190999913,0.));
#3568=DIRECTION('center_axis',(0.,0.,1.));
#3569=DIRECTION('ref_axis',(0.,-1.,0.));
#3570=DIRECTION('',(-0.447213595499965,0.894427190999913,0.));
#3571=DIRECTION('center_axis',(-0.894427190999915,0.44721359549996,0.));
#3572=DIRECTION('ref_axis',(0.,0.,1.));
#3573=DIRECTION('',(0.408248290463864,0.816496580927725,-0.408248290463864));
#3574=DIRECTION('',(0.,0.,-1.));
#3575=DIRECTION('',(-0.408248290463864,-0.816496580927725,-0.408248290463864));
#3576=DIRECTION('center_axis',(0.894427190999913,0.447213595499965,0.));
#3577=DIRECTION('ref_axis',(-0.447213595499965,0.894427190999913,0.));
#3578=DIRECTION('center_axis',(0.447213595499956,-0.894427190999917,0.));
#3579=DIRECTION('ref_axis',(0.,0.,-1.));
#3580=DIRECTION('center_axis',(0.,0.,-1.));
#3581=DIRECTION('ref_axis',(0.894427190999921,0.447213595499949,0.));
#3582=DIRECTION('center_axis',(-0.447213595499965,0.894427190999913,0.));
#3583=DIRECTION('ref_axis',(0.632455532033728,0.316227766016831,-0.707106781186504));
#3584=DIRECTION('',(0.447213595499965,-0.894427190999913,0.));
#3585=DIRECTION('center_axis',(0.447213595499949,-0.894427190999921,-5.21267013805204E-15));
#3586=DIRECTION('ref_axis',(0.894427190999921,0.447213595499949,0.));
#3587=DIRECTION('center_axis',(0.894427190999913,0.447213595499965,0.));
#3588=DIRECTION('ref_axis',(-0.447213595499965,0.894427190999913,0.));
#3589=DIRECTION('center_axis',(0.,0.,1.));
#3590=DIRECTION('ref_axis',(0.,-1.,0.));
#3591=DIRECTION('center_axis',(0.447213595499965,-0.894427190999913,0.));
#3592=DIRECTION('ref_axis',(0.632455532033648,0.316227766016865,0.707106781186561));
#3593=DIRECTION('',(-0.447213595499965,0.894427190999913,0.));
#3594=DIRECTION('center_axis',(-2.42830932770161E-16,4.85661865540313E-16,
-1.));
#3595=DIRECTION('ref_axis',(0.850650808352077,-0.525731112119074,0.));
#3596=DIRECTION('',(2.42830932770161E-16,-4.85661865540313E-16,1.));
#3597=DIRECTION('center_axis',(0.894427190999913,0.447213595499965,0.));
#3598=DIRECTION('ref_axis',(0.,0.,-1.));
#3599=DIRECTION('',(-0.408248290463869,0.816496580927723,0.408248290463863));
#3600=DIRECTION('',(0.,0.,-1.));
#3601=DIRECTION('',(0.408248290463869,-0.816496580927723,0.408248290463863));
#3602=DIRECTION('center_axis',(0.,0.44721359549996,-0.894427190999915));
#3603=DIRECTION('ref_axis',(-1.,0.,0.));
#3604=DIRECTION('',(-1.,0.,0.));
#3605=DIRECTION('center_axis',(0.,0.44721359549996,0.894427190999915));
#3606=DIRECTION('ref_axis',(1.,0.,0.));
#3607=DIRECTION('',(1.,0.,0.));
#3608=DIRECTION('center_axis',(0.,1.,0.));
#3609=DIRECTION('ref_axis',(0.,0.,1.));
#3610=CARTESIAN_POINT('',(0.,0.,0.));
#3611=CARTESIAN_POINT('Origin',(7.20000716513182,0.321042572472503,-1.12672815193829));
#3612=CARTESIAN_POINT('',(7.18848587889557,0.298,-1.11172815193829));
#3613=CARTESIAN_POINT('',(7.17171536906432,0.298,-1.12672815193829));
#3614=CARTESIAN_POINT('Origin',(7.18848587889557,0.298,-1.12672815193829));
#3615=CARTESIAN_POINT('',(7.23019847732077,0.381425196850393,-1.11172815193829));
#3616=CARTESIAN_POINT('',(7.20000716513182,0.321042572472503,-1.11172815193829));
#3617=CARTESIAN_POINT('',(7.21678206945577,0.388133400782893,-1.12672815193829));
#3618=CARTESIAN_POINT('Origin',(7.23019847732077,0.381425196850394,-1.12672815193829));
#3619=CARTESIAN_POINT('',(7.18659075726682,0.327750776405003,-1.12672815193829));
#3620=CARTESIAN_POINT('Ctrl Pts',(7.23019847732077,0.381425196850394,-1.11172815193829));
#3621=CARTESIAN_POINT('Ctrl Pts',(7.23356446944961,0.38479118897924,-1.11172815193829));
#3622=CARTESIAN_POINT('Ctrl Pts',(7.23915355888329,0.390380278412918,-1.10976020872462));
#3623=CARTESIAN_POINT('Ctrl Pts',(7.24417175519229,0.395398474721915,-1.10345166905972));
#3624=CARTESIAN_POINT('Ctrl Pts',(7.24519847732077,0.396425196850394,-1.09897214669085));
#3625=CARTESIAN_POINT('Ctrl Pts',(7.24519847732077,0.396425196850394,-1.09672815193829));
#3626=CARTESIAN_POINT('Ctrl Pts',(7.22819138739761,0.382428741811971,-1.11172815193829));
#3627=CARTESIAN_POINT('Ctrl Pts',(7.23142892530912,0.385858413863664,-1.111502338177));
#3628=CARTESIAN_POINT('Ctrl Pts',(7.23674562530003,0.391286185266812,-1.10907014938563));
#3629=CARTESIAN_POINT('Ctrl Pts',(7.24136957538452,0.395613986171163,-1.10280676720446));
#3630=CARTESIAN_POINT('Ctrl Pts',(7.24229212884106,0.396425196850394,-1.0987537429173));
#3631=CARTESIAN_POINT('Ctrl Pts',(7.24229212884106,0.396425196850394,-1.09672815193829));
#3632=CARTESIAN_POINT('Ctrl Pts',(7.22418502267062,0.384431924175467,-1.11275503770372));
#3633=CARTESIAN_POINT('Ctrl Pts',(7.22716721775132,0.388219721149828,-1.11221276433715));
#3634=CARTESIAN_POINT('Ctrl Pts',(7.2319465280809,0.393878292726524,-1.10896607852098));
#3635=CARTESIAN_POINT('Ctrl Pts',(7.2357878928946,0.397599539788244,-1.10230177591694));
#3636=CARTESIAN_POINT('Ctrl Pts',(7.23650590773978,0.398162451670066,-1.09858050064701));
#3637=CARTESIAN_POINT('Ctrl Pts',(7.23650590773978,0.398162451670066,-1.09672815193829));
#3638=CARTESIAN_POINT('Ctrl Pts',(7.21854273366673,0.387253068677415,-1.11777330024977));
#3639=CARTESIAN_POINT('Ctrl Pts',(7.22133858522573,0.392260372280447,-1.1172061894902));
#3640=CARTESIAN_POINT('Ctrl Pts',(7.22573041739234,0.39994679521791,-1.11321777296608));
#3641=CARTESIAN_POINT('Ctrl Pts',(7.22906200344369,0.405395526089596,-1.1044122001713));
#3642=CARTESIAN_POINT('Ctrl Pts',(7.22964647695264,0.406288172989058,-1.09928381267867));
#3643=CARTESIAN_POINT('Ctrl Pts',(7.22964647695264,0.406288172989058,-1.09672815193829));
#3644=CARTESIAN_POINT('Ctrl Pts',(7.21678206945577,0.388133400782893,-1.12336215980944));
#3645=CARTESIAN_POINT('Ctrl Pts',(7.21984175892618,0.394262256437149,-1.12314574252041));
#3646=CARTESIAN_POINT('Ctrl Pts',(7.22482474296369,0.404209574434665,-1.11918024573982));
#3647=CARTESIAN_POINT('Ctrl Pts',(7.22900765978804,0.412601036591517,-1.10799498453782));
#3648=CARTESIAN_POINT('Ctrl Pts',(7.22983243162569,0.414234125122735,-1.10048434233225));
#3649=CARTESIAN_POINT('Ctrl Pts',(7.22983243162569,0.414234125122735,-1.09672815193829));
#3650=CARTESIAN_POINT('Ctrl Pts',(7.21678206945577,0.388133400782893,-1.12672815193829));
#3651=CARTESIAN_POINT('Ctrl Pts',(7.22014806158461,0.394865385040585,-1.12672815193829));
#3652=CARTESIAN_POINT('Ctrl Pts',(7.22573715101829,0.406043563907941,-1.12279226551095));
#3653=CARTESIAN_POINT('Ctrl Pts',(7.23075534732729,0.416079956525936,-1.11017518618115));
#3654=CARTESIAN_POINT('Ctrl Pts',(7.23178206945577,0.418133400782893,-1.10121614144342));
#3655=CARTESIAN_POINT('Ctrl Pts',(7.23178206945577,0.418133400782893,-1.09672815193829));
#3656=CARTESIAN_POINT('',(7.24519847732077,0.396425196850394,-1.09672815193829));
#3657=CARTESIAN_POINT('',(7.23178206945577,0.418133400782893,-1.09672815193829));
#3658=CARTESIAN_POINT('Origin',(7.24519847732077,0.411425196850394,-1.09672815193829));
#3659=CARTESIAN_POINT('Origin',(7.21678206945577,0.388133400782893,-1.09672815193829));
#3660=CARTESIAN_POINT('Origin',(7.23019847732077,0.381425196850393,-1.09672815193829));
#3661=CARTESIAN_POINT('Origin',(7.24519847732077,0.411425196850393,-0.492453519796257));
#3662=CARTESIAN_POINT('',(7.24519847732077,0.396425196850393,-0.76672815193829));
#3663=CARTESIAN_POINT('',(7.23178206945577,0.418133400782893,-0.76672815193829));
#3664=CARTESIAN_POINT('Origin',(7.24519847732077,0.411425196850393,-0.76672815193829));
#3665=CARTESIAN_POINT('',(7.23178206945577,0.418133400782893,-0.492453519796257));
#3666=CARTESIAN_POINT('',(7.24519847732077,0.396425196850393,-0.492453519796257));
#3667=CARTESIAN_POINT('Ctrl Pts',(7.24519847732077,0.396425196850393,-0.76672815193829));
#3668=CARTESIAN_POINT('Ctrl Pts',(7.24519847732077,0.396425196850393,-0.763362159809444));
#3669=CARTESIAN_POINT('Ctrl Pts',(7.24323056814782,0.394457287677441,-0.757773055973743));
#3670=CARTESIAN_POINT('Ctrl Pts',(7.23692201119785,0.388148730727474,-0.752754863779629));
#3671=CARTESIAN_POINT('Ctrl Pts',(7.23244247207333,0.383669191602957,-0.75172815193829));
#3672=CARTESIAN_POINT('Ctrl Pts',(7.23019847732077,0.381425196850393,-0.75172815193829));
#3673=CARTESIAN_POINT('Ctrl Pts',(7.24229212884106,0.396425196850393,-0.76672815193829));
#3674=CARTESIAN_POINT('Ctrl Pts',(7.24229212884106,0.396425196850393,-0.763689765469772));
#3675=CARTESIAN_POINT('Ctrl Pts',(7.24052831788459,0.394892072692504,-0.758565466512061));
#3676=CARTESIAN_POINT('Ctrl Pts',(7.23463256875465,0.389159688986165,-0.75324315085958));
#3677=CARTESIAN_POINT('Ctrl Pts',(7.23034974600528,0.384715189846433,-0.751878694445815));
#3678=CARTESIAN_POINT('Ctrl Pts',(7.22819138739761,0.38242874181197,-0.75172815193829));
#3679=CARTESIAN_POINT('Ctrl Pts',(7.23650588422387,0.398162446862814,-0.76672815193829));
#3680=CARTESIAN_POINT('Ctrl Pts',(7.23650588422387,0.398162446862814,-0.763949628875214));
#3681=CARTESIAN_POINT('Ctrl Pts',(7.23514370435189,0.397132336039099,-0.759127615751102));
#3682=CARTESIAN_POINT('Ctrl Pts',(7.23006746141195,0.391716314968299,-0.752980046855435));
#3683=CARTESIAN_POINT('Ctrl Pts',(7.22617314552665,0.386957125757262,-0.751062786559921));
#3684=CARTESIAN_POINT('Ctrl Pts',(7.22418501547285,0.384431927774355,-0.750701270982206));
#3685=CARTESIAN_POINT('Ctrl Pts',(7.22964643089667,0.406288171309172,-0.766728151938291));
#3686=CARTESIAN_POINT('Ctrl Pts',(7.22964643089667,0.406288171309172,-0.762894660827726));
#3687=CARTESIAN_POINT('Ctrl Pts',(7.22854435223495,0.404624549024089,-0.756289708789801));
#3688=CARTESIAN_POINT('Ctrl Pts',(7.22401722334144,0.396977276525237,-0.748369155522587));
#3689=CARTESIAN_POINT('Ctrl Pts',(7.22040662058295,0.390591278140994,-0.746061084242493));
#3690=CARTESIAN_POINT('Ctrl Pts',(7.21854271954361,0.387253075738973,-0.745683010402775));
#3691=CARTESIAN_POINT('Ctrl Pts',(7.22983243162569,0.414234125122735,-0.76672815193829));
#3692=CARTESIAN_POINT('Ctrl Pts',(7.22983243162569,0.414234125122735,-0.761093866347357));
#3693=CARTESIAN_POINT('Ctrl Pts',(7.2282643719326,0.411121012040382,-0.751642223873501));
#3694=CARTESIAN_POINT('Ctrl Pts',(7.2228545474319,0.400274344704325,-0.742393710926725));
#3695=CARTESIAN_POINT('Ctrl Pts',(7.21882186243604,0.392219304552397,-0.740238422259824));
#3696=CARTESIAN_POINT('Ctrl Pts',(7.21678206945577,0.388133400782892,-0.740094144067137));
#3697=CARTESIAN_POINT('Ctrl Pts',(7.23178206945577,0.418133400782893,-0.76672815193829));
#3698=CARTESIAN_POINT('Ctrl Pts',(7.23178206945577,0.418133400782893,-0.759996167680598));
#3699=CARTESIAN_POINT('Ctrl Pts',(7.22981416028282,0.414197582436988,-0.748817960009195));
#3700=CARTESIAN_POINT('Ctrl Pts',(7.22350560333285,0.401580468537053,-0.738781575620967));
#3701=CARTESIAN_POINT('Ctrl Pts',(7.21902606420833,0.392621390288021,-0.73672815193829));
#3702=CARTESIAN_POINT('Ctrl Pts',(7.21678206945577,0.388133400782892,-0.73672815193829));
#3703=CARTESIAN_POINT('',(7.23019847732077,0.381425196850393,-0.75172815193829));
#3704=CARTESIAN_POINT('',(7.21678206945577,0.388133400782893,-0.73672815193829));
#3705=CARTESIAN_POINT('Origin',(7.23019847732077,0.381425196850393,-0.73672815193829));
#3706=CARTESIAN_POINT('Origin',(7.21678206945577,0.388133400782893,-0.76672815193829));
#3707=CARTESIAN_POINT('Origin',(7.23019847732077,0.381425196850393,-0.76672815193829));
#3708=CARTESIAN_POINT('Origin',(7.2196922045019,0.360412651212661,-0.73672815193829));
#3709=CARTESIAN_POINT('',(7.17171536906432,0.298,-0.73672815193829));
#3710=CARTESIAN_POINT('',(7.18848587889557,0.298,-0.75172815193829));
#3711=CARTESIAN_POINT('Origin',(7.18848587889557,0.298,-0.73672815193829));
#3712=CARTESIAN_POINT('',(7.2062757966369,0.367120855145161,-0.73672815193829));
#3713=CARTESIAN_POINT('',(7.2196922045019,0.360412651212661,-0.75172815193829));
#3714=CARTESIAN_POINT('Origin',(7.17109231007683,0.381425196850393,-0.76672815193829));
#3715=CARTESIAN_POINT('',(7.59760920182038,0.396425196850393,-0.76672815193829));
#3716=CARTESIAN_POINT('',(7.17109231007683,0.396425196850393,-0.76672815193829));
#3717=CARTESIAN_POINT('',(7.61260920182038,0.381425196850393,-0.75172815193829));
#3718=CARTESIAN_POINT('Origin',(7.61260920182038,0.381425196850393,-0.76672815193829));
#3719=CARTESIAN_POINT('',(7.17109231007683,0.381425196850393,-0.75172815193829));
#3720=CARTESIAN_POINT('Origin',(7.17109231007683,0.396425196850394,-1.11172815193829));
#3721=CARTESIAN_POINT('',(7.59760920182038,0.396425196850394,-1.09672815193829));
#3722=CARTESIAN_POINT('',(7.17109231007683,0.396425196850394,-1.09672815193829));
#3723=CARTESIAN_POINT('',(7.59760920182038,0.396425196850393,-0.44324092137106));
#3724=CARTESIAN_POINT('Origin',(7.17109231007683,0.381425196850393,-1.09672815193829));
#3725=CARTESIAN_POINT('',(7.61260920182038,0.381425196850394,-1.11172815193829));
#3726=CARTESIAN_POINT('',(7.17109231007683,0.381425196850393,-1.11172815193829));
#3727=CARTESIAN_POINT('Origin',(7.61260920182038,0.381425196850393,-1.09672815193829));
#3728=CARTESIAN_POINT('Origin',(7.17109231007683,0.298,-1.11172815193829));
#3729=CARTESIAN_POINT('',(7.65432180024558,0.298,-1.11172815193829));
#3730=CARTESIAN_POINT('',(7.42596392185677,0.298,-1.11172815193829));
#3731=CARTESIAN_POINT('',(7.58267590221183,0.441291796067502,-1.11172815193829));
#3732=CARTESIAN_POINT('Origin',(7.17109231007683,0.396425196850393,-0.75172815193829));
#3733=CARTESIAN_POINT('',(7.65432180024558,0.298,-0.75172815193829));
#3734=CARTESIAN_POINT('',(7.56299086284175,0.480661874807659,-0.75172815193829));
#3735=CARTESIAN_POINT('',(7.42596392185677,0.298,-0.75172815193829));
#3736=CARTESIAN_POINT('Origin',(7.20159075726682,0.357750776405003,0.126821112345778));
#3737=CARTESIAN_POINT('',(7.17171536906432,0.298,-0.634877758237503));
#3738=CARTESIAN_POINT('',(7.17171536906432,0.298,-1.79811149788088));
#3739=CARTESIAN_POINT('',(7.26171536906432,0.478,-0.724877758237503));
#3740=CARTESIAN_POINT('',(7.15437592099946,0.263321103870278,-0.617538310172641));
#3741=CARTESIAN_POINT('',(7.26171536906432,0.478,-1.13857854563908));
#3742=CARTESIAN_POINT('',(7.26171536906432,0.478,-0.402453519796256));
#3743=CARTESIAN_POINT('',(7.17171536906432,0.298,-1.22857854563908));
#3744=CARTESIAN_POINT('',(7.35163413171347,0.657837525298302,-1.04865978298993));
#3745=CARTESIAN_POINT('',(7.17171536906432,0.298,-1.79811149788088));
#3746=CARTESIAN_POINT('Ctrl Pts',(7.61260920182038,0.381425196850393,-0.75172815193829));
#3747=CARTESIAN_POINT('Ctrl Pts',(7.60924320969154,0.38479118897924,-0.75172815193829));
#3748=CARTESIAN_POINT('Ctrl Pts',(7.60365412189967,0.390380276771106,-0.753696099030511));
#3749=CARTESIAN_POINT('Ctrl Pts',(7.59863592512131,0.395398473549472,-0.76000463672847));
#3750=CARTESIAN_POINT('Ctrl Pts',(7.59760920182038,0.396425196850393,-0.764484157185726));
#3751=CARTESIAN_POINT('Ctrl Pts',(7.59760920182038,0.396425196850393,-0.76672815193829));
#3752=CARTESIAN_POINT('Ctrl Pts',(7.61461629174354,0.382428741811971,-0.75172815193829));
#3753=CARTESIAN_POINT('Ctrl Pts',(7.61137875383203,0.385858413863664,-0.751953965699577));
#3754=CARTESIAN_POINT('Ctrl Pts',(7.60606205565035,0.391286182584372,-0.754386160499102));
#3755=CARTESIAN_POINT('Ctrl Pts',(7.60143810486503,0.395613984874857,-0.760649539728076));
#3756=CARTESIAN_POINT('Ctrl Pts',(7.60051555030009,0.396425196850393,-0.764702560959278));
#3757=CARTESIAN_POINT('Ctrl Pts',(7.60051555030009,0.396425196850393,-0.76672815193829));
#3758=CARTESIAN_POINT('Ctrl Pts',(7.61862265565221,0.384431923766307,-0.750701265626294));
#3759=CARTESIAN_POINT('Ctrl Pts',(7.61564046057151,0.388219720740668,-0.751243538992867));
#3760=CARTESIAN_POINT('Ctrl Pts',(7.61086115120091,0.393878289024671,-0.754490232973253));
#3761=CARTESIAN_POINT('Ctrl Pts',(7.60701978539949,0.397599539177168,-0.761154531440625));
#3762=CARTESIAN_POINT('Ctrl Pts',(7.60630176872784,0.398162452215977,-0.764875803229573));
#3763=CARTESIAN_POINT('Ctrl Pts',(7.60630176872784,0.398162452215977,-0.766728151938291));
#3764=CARTESIAN_POINT('Ctrl Pts',(7.62426494386958,0.387253067874992,-0.745683002856675));
#3765=CARTESIAN_POINT('Ctrl Pts',(7.62146909231058,0.392260371478024,-0.746250113616251));
#3766=CARTESIAN_POINT('Ctrl Pts',(7.61707726015696,0.399946790379724,-0.750238539162782));
#3767=CARTESIAN_POINT('Ctrl Pts',(7.61374567238894,0.405395524762339,-0.759044106996179));
#3768=CARTESIAN_POINT('Ctrl Pts',(7.61316119695505,0.40628817318042,-0.764172491197914));
#3769=CARTESIAN_POINT('Ctrl Pts',(7.61316119695505,0.40628817318042,-0.76672815193829));
#3770=CARTESIAN_POINT('Ctrl Pts',(7.62602560968538,0.388133400782893,-0.740094144067137));
#3771=CARTESIAN_POINT('Ctrl Pts',(7.62296592021497,0.394262256437149,-0.740310561356168));
#3772=CARTESIAN_POINT('Ctrl Pts',(7.61798293842145,0.40420957205169,-0.744276069819355));
#3773=CARTESIAN_POINT('Ctrl Pts',(7.61380002165061,0.412601035437978,-0.755461325809108));
#3774=CARTESIAN_POINT('Ctrl Pts',(7.61297524751546,0.414234125122734,-0.762971961544335));
#3775=CARTESIAN_POINT('Ctrl Pts',(7.61297524751546,0.414234125122734,-0.76672815193829));
#3776=CARTESIAN_POINT('Ctrl Pts',(7.62602560968538,0.388133400782893,-0.73672815193829));
#3777=CARTESIAN_POINT('Ctrl Pts',(7.62265961755654,0.394865385040585,-0.73672815193829));
#3778=CARTESIAN_POINT('Ctrl Pts',(7.61707052976467,0.406043560624318,-0.740664046122732));
#3779=CARTESIAN_POINT('Ctrl Pts',(7.61205233298631,0.416079954181049,-0.753281121518649));
#3780=CARTESIAN_POINT('Ctrl Pts',(7.61102560968538,0.418133400782892,-0.762240162433162));
#3781=CARTESIAN_POINT('Ctrl Pts',(7.61102560968538,0.418133400782892,-0.76672815193829));
#3782=CARTESIAN_POINT('',(7.61102560968538,0.418133400782893,-0.76672815193829));
#3783=CARTESIAN_POINT('',(7.62602560968538,0.388133400782893,-0.73672815193829));
#3784=CARTESIAN_POINT('Origin',(7.62602560968538,0.388133400782893,-0.76672815193829));
#3785=CARTESIAN_POINT('Origin',(7.61260920182038,0.381425196850393,-0.73672815193829));
#3786=CARTESIAN_POINT('Origin',(7.59760920182038,0.411425196850393,-0.76672815193829));
#3787=CARTESIAN_POINT('Origin',(7.56299086284175,0.480661874807659,-0.73672815193829));
#3788=CARTESIAN_POINT('',(7.67109231007683,0.298,-0.73672815193829));
#3789=CARTESIAN_POINT('Origin',(7.65432180024558,0.298,-0.73672815193829));
#3790=CARTESIAN_POINT('',(7.57640727070675,0.487370078740158,-0.73672815193829));
#3791=CARTESIAN_POINT('Ctrl Pts',(7.59760920182038,0.396425196850394,-1.09672815193829));
#3792=CARTESIAN_POINT('Ctrl Pts',(7.59760920182038,0.396425196850394,-1.10009414406714));
#3793=CARTESIAN_POINT('Ctrl Pts',(7.59957718127402,0.394457217396756,-1.10568321815338));
#3794=CARTESIAN_POINT('Ctrl Pts',(7.6058857025802,0.388148696090583,-1.11070141885218));
#3795=CARTESIAN_POINT('Ctrl Pts',(7.61036520706782,0.383669191602958,-1.11172815193829));
#3796=CARTESIAN_POINT('Ctrl Pts',(7.61260920182038,0.381425196850394,-1.11172815193829));
#3797=CARTESIAN_POINT('Ctrl Pts',(7.60051555030009,0.396425196850394,-1.09672815193829));
#3798=CARTESIAN_POINT('Ctrl Pts',(7.60051555030009,0.396425196850394,-1.09976653840681));
#3799=CARTESIAN_POINT('Ctrl Pts',(7.60227941662171,0.394892050211737,-1.1048908595247));
#3800=CARTESIAN_POINT('Ctrl Pts',(7.6081751377798,0.389159678759643,-1.11021315007874));
#3801=CARTESIAN_POINT('Ctrl Pts',(7.61245793313587,0.384715189846433,-1.11157760943077));
#3802=CARTESIAN_POINT('Ctrl Pts',(7.61461629174354,0.382428741811971,-1.11172815193829));
#3803=CARTESIAN_POINT('Ctrl Pts',(7.60630174646718,0.398162456756453,-1.09672815193829));
#3804=CARTESIAN_POINT('Ctrl Pts',(7.60630174646718,0.398162456756453,-1.09950667500137));
#3805=CARTESIAN_POINT('Ctrl Pts',(7.60766398017119,0.397132401707842,-1.10432883825425));
#3806=CARTESIAN_POINT('Ctrl Pts',(7.61274020548956,0.391716345973544,-1.11047631554404));
#3807=CARTESIAN_POINT('Ctrl Pts',(7.6166345187848,0.386957118342412,-1.11239352722173));
#3808=CARTESIAN_POINT('Ctrl Pts',(7.61862264883861,0.384431920359505,-1.11275504279945));
#3809=CARTESIAN_POINT('Ctrl Pts',(7.61316115340059,0.406288174776732,-1.09672815193829));
#3810=CARTESIAN_POINT('Ctrl Pts',(7.61316115340059,0.406288174776732,-1.10056164304886));
#3811=CARTESIAN_POINT('Ctrl Pts',(7.61426326514957,0.40462458539444,-1.10716679250936));
#3812=CARTESIAN_POINT('Ctrl Pts',(7.61879040098446,0.396977287835537,-1.11508723035053));
#3813=CARTESIAN_POINT('Ctrl Pts',(7.62240102947425,0.390591263599015,-1.11739523359074));
#3814=CARTESIAN_POINT('Ctrl Pts',(7.62426493051359,0.387253061196994,-1.11777330743046));
#3815=CARTESIAN_POINT('Ctrl Pts',(7.61297524751546,0.414234125122734,-1.09672815193829));
#3816=CARTESIAN_POINT('Ctrl Pts',(7.61297524751546,0.414234125122734,-1.10236243752922));
#3817=CARTESIAN_POINT('Ctrl Pts',(7.61454340237051,0.41112096128366,-1.11181405163041));
#3818=CARTESIAN_POINT('Ctrl Pts',(7.61995317158616,0.400274326117436,-1.12106255610189));
#3819=CARTESIAN_POINT('Ctrl Pts',(7.62398581670511,0.392219304552397,-1.12321788161676));
#3820=CARTESIAN_POINT('Ctrl Pts',(7.62602560968538,0.388133400782893,-1.12336215980944));
#3821=CARTESIAN_POINT('Ctrl Pts',(7.61102560968538,0.418133400782893,-1.09672815193829));
#3822=CARTESIAN_POINT('Ctrl Pts',(7.61102560968538,0.418133400782893,-1.10346013619598));
#3823=CARTESIAN_POINT('Ctrl Pts',(7.61299358913902,0.414197441875617,-1.11463828436848));
#3824=CARTESIAN_POINT('Ctrl Pts',(7.6193021104452,0.401580399263271,-1.12467468576606));
#3825=CARTESIAN_POINT('Ctrl Pts',(7.62378161493282,0.392621390288021,-1.12672815193829));
#3826=CARTESIAN_POINT('Ctrl Pts',(7.62602560968538,0.388133400782893,-1.12672815193829));
#3827=CARTESIAN_POINT('',(7.62602560968538,0.388133400782893,-1.12672815193829));
#3828=CARTESIAN_POINT('Origin',(7.61260920182038,0.381425196850394,-1.12672815193829));
#3829=CARTESIAN_POINT('',(7.61102560968538,0.418133400782893,-1.09672815193829));
#3830=CARTESIAN_POINT('Origin',(7.62602560968538,0.388133400782893,-1.09672815193829));
#3831=CARTESIAN_POINT('Origin',(7.59760920182038,0.411425196850394,-1.09672815193829));
#3832=CARTESIAN_POINT('Origin',(7.58267590221183,0.441291796067502,-1.12672815193829));
#3833=CARTESIAN_POINT('',(7.67109231007683,0.298,-1.12672815193829));
#3834=CARTESIAN_POINT('Origin',(7.65432180024558,0.298,-1.12672815193829));
#3835=CARTESIAN_POINT('',(7.59609231007683,0.448000000000001,-1.12672815193829));
#3836=CARTESIAN_POINT('Origin',(7.59760920182038,0.411425196850393,-0.44324092137106));
#3837=CARTESIAN_POINT('',(7.61102560968538,0.418133400782893,-0.44324092137106));
#3838=CARTESIAN_POINT('Origin',(7.62109231007683,0.398,0.225246309196171));
#3839=CARTESIAN_POINT('',(7.67109231007683,0.298,-1.22857854563908));
#3840=CARTESIAN_POINT('',(7.67109231007683,0.298,-1.74889889945568));
#3841=CARTESIAN_POINT('',(7.58109231007683,0.478,-1.13857854563908));
#3842=CARTESIAN_POINT('',(7.67109231007683,0.298,-1.22857854563908));
#3843=CARTESIAN_POINT('',(7.58109231007683,0.478,-0.724877758237503));
#3844=CARTESIAN_POINT('',(7.58109231007683,0.478,-0.35324092137106));
#3845=CARTESIAN_POINT('',(7.67109231007683,0.298,-0.634877758237503));
#3846=CARTESIAN_POINT('',(7.57109231007683,0.498,-0.734877758237503));
#3847=CARTESIAN_POINT('',(7.67109231007683,0.298,-1.74889889945568));
#3848=CARTESIAN_POINT('Origin',(7.57596392185677,0.398,-1.17857854563908));
#3849=CARTESIAN_POINT('',(7.62839972774673,0.298,-1.22857854563908));
#3850=CARTESIAN_POINT('',(7.4485281159668,0.478,-1.13857854563908));
#3851=CARTESIAN_POINT('Origin',(7.32596392185677,0.398,-0.684877758237502));
#3852=CARTESIAN_POINT('',(7.3235281159668,0.478,-0.724877758237503));
#3853=CARTESIAN_POINT('',(7.50339972774673,0.298,-0.634877758237502));
#3854=CARTESIAN_POINT('Origin',(7.32109231007683,0.478,-0.931728151938291));
#3855=CARTESIAN_POINT('Origin',(7.20000716513182,0.321042572472503,-2.89172815193829));
#3856=CARTESIAN_POINT('',(7.18848587889557,0.298,-2.87672815193829));
#3857=CARTESIAN_POINT('',(7.17171536906432,0.298,-2.89172815193829));
#3858=CARTESIAN_POINT('Origin',(7.18848587889557,0.298,-2.89172815193829));
#3859=CARTESIAN_POINT('',(7.23019847732077,0.381425196850393,-2.87672815193829));
#3860=CARTESIAN_POINT('',(7.20000716513182,0.321042572472503,-2.87672815193829));
#3861=CARTESIAN_POINT('',(7.21678206945577,0.388133400782893,-2.89172815193829));
#3862=CARTESIAN_POINT('Origin',(7.23019847732077,0.381425196850394,-2.89172815193829));
#3863=CARTESIAN_POINT('',(7.18659075726682,0.327750776405003,-2.89172815193829));
#3864=CARTESIAN_POINT('Ctrl Pts',(7.23019847732077,0.381425196850394,-2.87672815193829));
#3865=CARTESIAN_POINT('Ctrl Pts',(7.23356446944961,0.38479118897924,-2.87672815193829));
#3866=CARTESIAN_POINT('Ctrl Pts',(7.23915349739293,0.390380216922555,-2.87476006374231));
#3867=CARTESIAN_POINT('Ctrl Pts',(7.24417171131909,0.395398430848722,-2.86845159726101));
#3868=CARTESIAN_POINT('Ctrl Pts',(7.24519847732077,0.396425196850394,-2.86397214669085));
#3869=CARTESIAN_POINT('Ctrl Pts',(7.24519847732077,0.396425196850394,-2.86172815193829));
#3870=CARTESIAN_POINT('Ctrl Pts',(7.22819138739761,0.382428741811971,-2.87672815193829));
#3871=CARTESIAN_POINT('Ctrl Pts',(7.23142892530912,0.385858413863664,-2.876502338177));
#3872=CARTESIAN_POINT('Ctrl Pts',(7.2367455575991,0.391286085004222,-2.87406992476686));
#3873=CARTESIAN_POINT('Ctrl Pts',(7.24136953385113,0.395613937471238,-2.86780665246729));
#3874=CARTESIAN_POINT('Ctrl Pts',(7.24229212884106,0.396425196850394,-2.8637537429173));
#3875=CARTESIAN_POINT('Ctrl Pts',(7.24229212884106,0.396425196850394,-2.86172815193829));
#3876=CARTESIAN_POINT('Ctrl Pts',(7.22418505301299,0.384431909004283,-2.8777550579405));
#3877=CARTESIAN_POINT('Ctrl Pts',(7.22716724809369,0.388219705978643,-2.87721278457393));
#3878=CARTESIAN_POINT('Ctrl Pts',(7.23194652217061,0.393878154755037,-2.87396579313474));
#3879=CARTESIAN_POINT('Ctrl Pts',(7.23578792371013,0.397599516229421,-2.86730164453628));
#3880=CARTESIAN_POINT('Ctrl Pts',(7.23650600687035,0.398162471826944,-2.86358050064701));
#3881=CARTESIAN_POINT('Ctrl Pts',(7.23650600687035,0.398162471826944,-2.86172815193829));
#3882=CARTESIAN_POINT('Ctrl Pts',(7.21854279306168,0.387253038979937,-2.88277332877414));
#3883=CARTESIAN_POINT('Ctrl Pts',(7.22133864462069,0.392260342582969,-2.88220621801456));
#3884=CARTESIAN_POINT('Ctrl Pts',(7.22573047559809,0.399946615098791,-2.87821746368721));
#3885=CARTESIAN_POINT('Ctrl Pts',(7.2290621251539,0.405395475956595,-2.86941207546036));
#3886=CARTESIAN_POINT('Ctrl Pts',(7.22964667064257,0.406288180135251,-2.86428381267867));
#3887=CARTESIAN_POINT('Ctrl Pts',(7.22964667064257,0.406288180135251,-2.86172815193829));
#3888=CARTESIAN_POINT('Ctrl Pts',(7.21678206945577,0.388133400782893,-2.88836215980944));
#3889=CARTESIAN_POINT('Ctrl Pts',(7.21984175892618,0.394262256437149,-2.88814574252041));
#3890=CARTESIAN_POINT('Ctrl Pts',(7.2248246586934,0.404209485364686,-2.88417980880571));
#3891=CARTESIAN_POINT('Ctrl Pts',(7.22900757403033,0.41260099325604,-2.87299474183558));
#3892=CARTESIAN_POINT('Ctrl Pts',(7.22983243162569,0.414234125122735,-2.86548434233225));
#3893=CARTESIAN_POINT('Ctrl Pts',(7.22983243162569,0.414234125122735,-2.86172815193829));
#3894=CARTESIAN_POINT('Ctrl Pts',(7.21678206945577,0.388133400782893,-2.89172815193829));
#3895=CARTESIAN_POINT('Ctrl Pts',(7.22014806158461,0.394865385040585,-2.89172815193829));
#3896=CARTESIAN_POINT('Ctrl Pts',(7.22573708952793,0.406043440927215,-2.88779197554633));
#3897=CARTESIAN_POINT('Ctrl Pts',(7.2307553034541,0.416079868779551,-2.87517504258374));
#3898=CARTESIAN_POINT('Ctrl Pts',(7.23178206945577,0.418133400782893,-2.86621614144342));
#3899=CARTESIAN_POINT('Ctrl Pts',(7.23178206945577,0.418133400782893,-2.86172815193829));
#3900=CARTESIAN_POINT('',(7.24519847732077,0.396425196850394,-2.86172815193829));
#3901=CARTESIAN_POINT('',(7.23178206945577,0.418133400782893,-2.86172815193829));
#3902=CARTESIAN_POINT('Origin',(7.24519847732077,0.411425196850394,-2.86172815193829));
#3903=CARTESIAN_POINT('Origin',(7.21678206945577,0.388133400782893,-2.86172815193829));
#3904=CARTESIAN_POINT('Origin',(7.23019847732077,0.381425196850393,-2.86172815193829));
#3905=CARTESIAN_POINT('Origin',(7.24519847732077,0.411425196850393,-2.25745351979626));
#3906=CARTESIAN_POINT('',(7.24519847732077,0.396425196850393,-2.53172815193829));
#3907=CARTESIAN_POINT('',(7.23178206945577,0.418133400782893,-2.53172815193829));
#3908=CARTESIAN_POINT('Origin',(7.24519847732077,0.411425196850393,-2.53172815193829));
#3909=CARTESIAN_POINT('',(7.23178206945577,0.418133400782893,-2.25745351979626));
#3910=CARTESIAN_POINT('',(7.24519847732077,0.396425196850393,-2.25745351979626));
#3911=CARTESIAN_POINT('Ctrl Pts',(7.24519847732077,0.396425196850393,-2.53172815193829));
#3912=CARTESIAN_POINT('Ctrl Pts',(7.24519847732077,0.396425196850393,-2.52836215980944));
#3913=CARTESIAN_POINT('Ctrl Pts',(7.2432304134416,0.394457132971226,-2.52277312153596));
#3914=CARTESIAN_POINT('Ctrl Pts',(7.23692193473431,0.388148654263932,-2.51775491057481));
#3915=CARTESIAN_POINT('Ctrl Pts',(7.23244247207333,0.383669191602957,-2.51672815193829));
#3916=CARTESIAN_POINT('Ctrl Pts',(7.23019847732077,0.381425196850393,-2.51672815193829));
#3917=CARTESIAN_POINT('Ctrl Pts',(7.24229212884106,0.396425196850393,-2.53172815193829));
#3918=CARTESIAN_POINT('Ctrl Pts',(7.24229212884106,0.396425196850393,-2.52868976546977));
#3919=CARTESIAN_POINT('Ctrl Pts',(7.24052819601016,0.394892023216269,-2.52356541789143));
#3920=CARTESIAN_POINT('Ctrl Pts',(7.2346325082836,0.389159666396843,-2.5182431571265));
#3921=CARTESIAN_POINT('Ctrl Pts',(7.23034974600528,0.384715189846433,-2.51687869444581));
#3922=CARTESIAN_POINT('Ctrl Pts',(7.22819138739761,0.38242874181197,-2.51672815193829));
#3923=CARTESIAN_POINT('Ctrl Pts',(7.23650599035931,0.398162468481636,-2.53172815193829));
#3924=CARTESIAN_POINT('Ctrl Pts',(7.23650599035931,0.398162468481636,-2.52894962887521));
#3925=CARTESIAN_POINT('Ctrl Pts',(7.23514369205674,0.397132480573223,-2.52412728594779));
#3926=CARTESIAN_POINT('Ctrl Pts',(7.23006748787777,0.391716383462071,-2.51797991771996));
#3927=CARTESIAN_POINT('Ctrl Pts',(7.22617317801297,0.386957109514101,-2.5160627648803));
#3928=CARTESIAN_POINT('Ctrl Pts',(7.22418504795917,0.384431911531194,-2.51570124930259));
#3929=CARTESIAN_POINT('Ctrl Pts',(7.22964663843269,0.406288178937804,-2.53172815193829));
#3930=CARTESIAN_POINT('Ctrl Pts',(7.22964663843269,0.406288178937804,-2.52789466082773));
#3931=CARTESIAN_POINT('Ctrl Pts',(7.22854448710433,0.404624629231608,-2.52128927510728));
#3932=CARTESIAN_POINT('Ctrl Pts',(7.22401734320949,0.396977301787493,-2.51336897470611));
#3933=CARTESIAN_POINT('Ctrl Pts',(7.2204066842239,0.390591246320517,-2.51106105368875));
#3934=CARTESIAN_POINT('Ctrl Pts',(7.21854278318456,0.387253043918496,-2.51068297984903));
#3935=CARTESIAN_POINT('Ctrl Pts',(7.22983243162569,0.414234125122735,-2.53172815193829));
#3936=CARTESIAN_POINT('Ctrl Pts',(7.22983243162569,0.414234125122735,-2.52609386634736));
#3937=CARTESIAN_POINT('Ctrl Pts',(7.22826416253712,0.41112090038561,-2.5166422865927));
#3938=CARTESIAN_POINT('Ctrl Pts',(7.22285445928941,0.400274303570567,-2.50739379190925));
#3939=CARTESIAN_POINT('Ctrl Pts',(7.21882186243604,0.392219304552397,-2.50523842225982));
#3940=CARTESIAN_POINT('Ctrl Pts',(7.21678206945577,0.388133400782892,-2.50509414406714));
#3941=CARTESIAN_POINT('Ctrl Pts',(7.23178206945577,0.418133400782893,-2.53172815193829));
#3942=CARTESIAN_POINT('Ctrl Pts',(7.23178206945577,0.418133400782893,-2.5249961676806));
#3943=CARTESIAN_POINT('Ctrl Pts',(7.2298140055766,0.414197273024559,-2.51381809113363));
#3944=CARTESIAN_POINT('Ctrl Pts',(7.22350552686931,0.401580315609971,-2.50378166921132));
#3945=CARTESIAN_POINT('Ctrl Pts',(7.21902606420833,0.392621390288021,-2.50172815193829));
#3946=CARTESIAN_POINT('Ctrl Pts',(7.21678206945577,0.388133400782892,-2.50172815193829));
#3947=CARTESIAN_POINT('',(7.23019847732077,0.381425196850393,-2.51672815193829));
#3948=CARTESIAN_POINT('',(7.21678206945577,0.388133400782893,-2.50172815193829));
#3949=CARTESIAN_POINT('Origin',(7.23019847732077,0.381425196850393,-2.50172815193829));
#3950=CARTESIAN_POINT('Origin',(7.21678206945577,0.388133400782893,-2.53172815193829));
#3951=CARTESIAN_POINT('Origin',(7.23019847732077,0.381425196850393,-2.53172815193829));
#3952=CARTESIAN_POINT('Origin',(7.2196922045019,0.360412651212661,-2.50172815193829));
#3953=CARTESIAN_POINT('',(7.17171536906432,0.298,-2.50172815193829));
#3954=CARTESIAN_POINT('',(7.18848587889557,0.298,-2.51672815193829));
#3955=CARTESIAN_POINT('Origin',(7.18848587889557,0.298,-2.50172815193829));
#3956=CARTESIAN_POINT('',(7.2062757966369,0.367120855145161,-2.50172815193829));
#3957=CARTESIAN_POINT('',(7.2196922045019,0.360412651212661,-2.51672815193829));
#3958=CARTESIAN_POINT('Origin',(7.17109231007683,0.381425196850393,-2.53172815193829));
#3959=CARTESIAN_POINT('',(7.59760920182038,0.396425196850393,-2.53172815193829));
#3960=CARTESIAN_POINT('',(7.17109231007683,0.396425196850393,-2.53172815193829));
#3961=CARTESIAN_POINT('',(7.61260920182038,0.381425196850393,-2.51672815193829));
#3962=CARTESIAN_POINT('Origin',(7.61260920182038,0.381425196850393,-2.53172815193829));
#3963=CARTESIAN_POINT('',(7.17109231007683,0.381425196850393,-2.51672815193829));
#3964=CARTESIAN_POINT('Origin',(7.17109231007683,0.396425196850394,-2.87672815193829));
#3965=CARTESIAN_POINT('',(7.59760920182038,0.396425196850394,-2.86172815193829));
#3966=CARTESIAN_POINT('',(7.17109231007683,0.396425196850394,-2.86172815193829));
#3967=CARTESIAN_POINT('',(7.59760920182038,0.396425196850393,-2.20824092137106));
#3968=CARTESIAN_POINT('Origin',(7.17109231007683,0.381425196850393,-2.86172815193829));
#3969=CARTESIAN_POINT('',(7.61260920182038,0.381425196850394,-2.87672815193829));
#3970=CARTESIAN_POINT('',(7.17109231007683,0.381425196850393,-2.87672815193829));
#3971=CARTESIAN_POINT('Origin',(7.61260920182038,0.381425196850393,-2.86172815193829));
#3972=CARTESIAN_POINT('Origin',(7.17109231007683,0.298,-2.87672815193829));
#3973=CARTESIAN_POINT('',(7.65432180024558,0.298,-2.87672815193829));
#3974=CARTESIAN_POINT('',(7.42596392185677,0.298,-2.87672815193829));
#3975=CARTESIAN_POINT('',(7.58267590221183,0.441291796067502,-2.87672815193829));
#3976=CARTESIAN_POINT('Origin',(7.17109231007683,0.396425196850393,-2.51672815193829));
#3977=CARTESIAN_POINT('',(7.65432180024558,0.298,-2.51672815193829));
#3978=CARTESIAN_POINT('',(7.56299086284175,0.480661874807659,-2.51672815193829));
#3979=CARTESIAN_POINT('',(7.42596392185677,0.298,-2.51672815193829));
#3980=CARTESIAN_POINT('Origin',(7.20159075726682,0.357750776405003,-1.63817888765422));
#3981=CARTESIAN_POINT('',(7.17171536906432,0.298,-2.3998777582375));
#3982=CARTESIAN_POINT('',(7.17171536906432,0.298,-2.68061149788088));
#3983=CARTESIAN_POINT('',(7.26171536906432,0.478,-2.4898777582375));
#3984=CARTESIAN_POINT('',(7.15437592099946,0.263321103870278,-2.38253831017264));
#3985=CARTESIAN_POINT('',(7.26171536906432,0.478,-2.90357854563908));
#3986=CARTESIAN_POINT('',(7.26171536906432,0.478,-2.16745351979626));
#3987=CARTESIAN_POINT('',(7.17171536906432,0.298,-2.99357854563908));
#3988=CARTESIAN_POINT('',(7.35163413171347,0.657837525298302,-2.81365978298993));
#3989=CARTESIAN_POINT('',(7.17171536906432,0.298,-2.68061149788088));
#3990=CARTESIAN_POINT('Ctrl Pts',(7.61260920182038,0.381425196850393,-2.51672815193829));
#3991=CARTESIAN_POINT('Ctrl Pts',(7.60924320969154,0.38479118897924,-2.51672815193829));
#3992=CARTESIAN_POINT('Ctrl Pts',(7.60365418293284,0.390380215737939,-2.5186962429218));
#3993=CARTESIAN_POINT('Ctrl Pts',(7.59863596866652,0.395398430004258,-2.52500470800282));
#3994=CARTESIAN_POINT('Ctrl Pts',(7.59760920182038,0.396425196850393,-2.52948415718573));
#3995=CARTESIAN_POINT('Ctrl Pts',(7.59760920182038,0.396425196850393,-2.53172815193829));
#3996=CARTESIAN_POINT('Ctrl Pts',(7.61461629174354,0.382428741811971,-2.51672815193829));
#3997=CARTESIAN_POINT('Ctrl Pts',(7.61137875383203,0.385858413863664,-2.51695396569958));
#3998=CARTESIAN_POINT('Ctrl Pts',(7.60606212284513,0.391286083076672,-2.51938638342901));
#3999=CARTESIAN_POINT('Ctrl Pts',(7.60143814609058,0.395613936530058,-2.52564965362533));
#4000=CARTESIAN_POINT('Ctrl Pts',(7.60051555030009,0.396425196850393,-2.52970256095928));
#4001=CARTESIAN_POINT('Ctrl Pts',(7.60051555030009,0.396425196850393,-2.53172815193829));
#4002=CARTESIAN_POINT('Ctrl Pts',(7.61862262554973,0.384431908715065,-2.51570124555087));
#4003=CARTESIAN_POINT('Ctrl Pts',(7.61564043046903,0.388219705689426,-2.51624351891744));
#4004=CARTESIAN_POINT('Ctrl Pts',(7.61086115709727,0.393878152110383,-2.51949051624155));
#4005=CARTESIAN_POINT('Ctrl Pts',(7.6070197548555,0.397599515762229,-2.52615466189142));
#4006=CARTESIAN_POINT('Ctrl Pts',(7.60630167038103,0.398162472209528,-2.52987580322957));
#4007=CARTESIAN_POINT('Ctrl Pts',(7.60630167038103,0.398162472209528,-2.53172815193829));
#4008=CARTESIAN_POINT('Ctrl Pts',(7.62426488494938,0.387253038414893,-2.51068297455928));
#4009=CARTESIAN_POINT('Ctrl Pts',(7.62146903339038,0.392260342017925,-2.51125008531886));
#4010=CARTESIAN_POINT('Ctrl Pts',(7.61707720244992,0.399946611650316,-2.51523884615188));
#4011=CARTESIAN_POINT('Ctrl Pts',(7.61374555168633,0.40539547498238,-2.52404423084778));
#4012=CARTESIAN_POINT('Ctrl Pts',(7.61316100481329,0.406288180272485,-2.52917249119791));
#4013=CARTESIAN_POINT('Ctrl Pts',(7.61316100481329,0.406288180272485,-2.53172815193829));
#4014=CARTESIAN_POINT('Ctrl Pts',(7.62602560968538,0.388133400782893,-2.50509414406714));
#4015=CARTESIAN_POINT('Ctrl Pts',(7.62296592021497,0.394262256437149,-2.50531056135617));
#4016=CARTESIAN_POINT('Ctrl Pts',(7.61798302207573,0.404209483652302,-2.50927650347629));
#4017=CARTESIAN_POINT('Ctrl Pts',(7.6138001067572,0.412600992418551,-2.52046156672401));
#4018=CARTESIAN_POINT('Ctrl Pts',(7.61297524751546,0.414234125122734,-2.52797196154433));
#4019=CARTESIAN_POINT('Ctrl Pts',(7.61297524751546,0.414234125122734,-2.53172815193829));
#4020=CARTESIAN_POINT('Ctrl Pts',(7.62602560968538,0.388133400782893,-2.50172815193829));
#4021=CARTESIAN_POINT('Ctrl Pts',(7.62265961755654,0.394865385040585,-2.50172815193829));
#4022=CARTESIAN_POINT('Ctrl Pts',(7.61707059079784,0.406043438557984,-2.50566433390531));
#4023=CARTESIAN_POINT('Ctrl Pts',(7.61205237653152,0.416079867090621,-2.51828126406734));
#4024=CARTESIAN_POINT('Ctrl Pts',(7.61102560968538,0.418133400782892,-2.52724016243316));
#4025=CARTESIAN_POINT('Ctrl Pts',(7.61102560968538,0.418133400782892,-2.53172815193829));
#4026=CARTESIAN_POINT('',(7.61102560968538,0.418133400782893,-2.53172815193829));
#4027=CARTESIAN_POINT('',(7.62602560968538,0.388133400782893,-2.50172815193829));
#4028=CARTESIAN_POINT('Origin',(7.62602560968538,0.388133400782893,-2.53172815193829));
#4029=CARTESIAN_POINT('Origin',(7.61260920182038,0.381425196850393,-2.50172815193829));
#4030=CARTESIAN_POINT('Origin',(7.59760920182038,0.411425196850393,-2.53172815193829));
#4031=CARTESIAN_POINT('Origin',(7.56299086284175,0.480661874807659,-2.50172815193829));
#4032=CARTESIAN_POINT('',(7.67109231007683,0.298,-2.50172815193829));
#4033=CARTESIAN_POINT('Origin',(7.65432180024558,0.298,-2.50172815193829));
#4034=CARTESIAN_POINT('',(7.57640727070675,0.487370078740158,-2.50172815193829));
#4035=CARTESIAN_POINT('Ctrl Pts',(7.59760920182038,0.396425196850394,-2.86172815193829));
#4036=CARTESIAN_POINT('Ctrl Pts',(7.59760920182038,0.396425196850394,-2.86509414406714));
#4037=CARTESIAN_POINT('Ctrl Pts',(7.59957731619846,0.394457082472315,-2.87068316088039));
#4038=CARTESIAN_POINT('Ctrl Pts',(7.6058857695375,0.388148629133276,-2.87570137800355));
#4039=CARTESIAN_POINT('Ctrl Pts',(7.61036520706782,0.383669191602958,-2.87672815193829));
#4040=CARTESIAN_POINT('Ctrl Pts',(7.61260920182038,0.381425196850394,-2.87672815193829));
#4041=CARTESIAN_POINT('Ctrl Pts',(7.60051555030009,0.396425196850394,-2.86172815193829));
#4042=CARTESIAN_POINT('Ctrl Pts',(7.60051555030009,0.396425196850394,-2.86476653840681));
#4043=CARTESIAN_POINT('Ctrl Pts',(7.60227952291399,0.394892007074042,-2.86989090173048));
#4044=CARTESIAN_POINT('Ctrl Pts',(7.60817519073076,0.389159658962024,-2.87521314486212));
#4045=CARTESIAN_POINT('Ctrl Pts',(7.61245793313587,0.384715189846433,-2.87657760943077));
#4046=CARTESIAN_POINT('Ctrl Pts',(7.61461629174354,0.382428741811971,-2.87672815193829));
#4047=CARTESIAN_POINT('Ctrl Pts',(7.60630165454494,0.398162475413109,-2.86172815193829));
#4048=CARTESIAN_POINT('Ctrl Pts',(7.60630165454494,0.398162475413109,-2.86450667500137));
#4049=CARTESIAN_POINT('Ctrl Pts',(7.60766399145133,0.397132527736716,-2.86932912505607));
#4050=CARTESIAN_POINT('Ctrl Pts',(7.61274018300073,0.391716406010602,-2.87547642855196));
#4051=CARTESIAN_POINT('Ctrl Pts',(7.61663449064868,0.38695710427435,-2.87739354597519));
#4052=CARTESIAN_POINT('Ctrl Pts',(7.61862262070248,0.384431906291443,-2.8777550615529));
#4053=CARTESIAN_POINT('Ctrl Pts',(7.61316097394121,0.406288181423963,-2.86172815193829));
#4054=CARTESIAN_POINT('Ctrl Pts',(7.61316097394121,0.406288181423963,-2.86556164304886));
#4055=CARTESIAN_POINT('Ctrl Pts',(7.61426314885709,0.404624655528465,-2.87216716962604));
#4056=CARTESIAN_POINT('Ctrl Pts',(7.61879029743076,0.39697731032019,-2.88008738844223));
#4057=CARTESIAN_POINT('Ctrl Pts',(7.62240097444317,0.390591236083478,-2.88239526002831));
#4058=CARTESIAN_POINT('Ctrl Pts',(7.62426487548251,0.387253033681457,-2.88277333386803));
#4059=CARTESIAN_POINT('Ctrl Pts',(7.61297524751546,0.414234125122734,-2.86172815193829));
#4060=CARTESIAN_POINT('Ctrl Pts',(7.61297524751546,0.414234125122734,-2.86736243752922));
#4061=CARTESIAN_POINT('Ctrl Pts',(7.61454358489101,0.411120863997595,-2.87681399660444));
#4062=CARTESIAN_POINT('Ctrl Pts',(7.61995324890784,0.400274289971815,-2.88606248563479));
#4063=CARTESIAN_POINT('Ctrl Pts',(7.62398581670511,0.392219304552397,-2.88821788161676));
#4064=CARTESIAN_POINT('Ctrl Pts',(7.62602560968538,0.388133400782893,-2.88836215980944));
#4065=CARTESIAN_POINT('Ctrl Pts',(7.61102560968538,0.418133400782893,-2.86172815193829));
#4066=CARTESIAN_POINT('Ctrl Pts',(7.61102560968538,0.418133400782893,-2.86846013619598));
#4067=CARTESIAN_POINT('Ctrl Pts',(7.61299372406346,0.414197172026735,-2.8796381698225));
#4068=CARTESIAN_POINT('Ctrl Pts',(7.6193021774025,0.401580265348658,-2.88967460406882));
#4069=CARTESIAN_POINT('Ctrl Pts',(7.62378161493282,0.392621390288021,-2.89172815193829));
#4070=CARTESIAN_POINT('Ctrl Pts',(7.62602560968538,0.388133400782893,-2.89172815193829));
#4071=CARTESIAN_POINT('',(7.62602560968538,0.388133400782893,-2.89172815193829));
#4072=CARTESIAN_POINT('Origin',(7.61260920182038,0.381425196850394,-2.89172815193829));
#4073=CARTESIAN_POINT('',(7.61102560968538,0.418133400782893,-2.86172815193829));
#4074=CARTESIAN_POINT('Origin',(7.62602560968538,0.388133400782893,-2.86172815193829));
#4075=CARTESIAN_POINT('Origin',(7.59760920182038,0.411425196850394,-2.86172815193829));
#4076=CARTESIAN_POINT('Origin',(7.58267590221183,0.441291796067502,-2.89172815193829));
#4077=CARTESIAN_POINT('',(7.67109231007683,0.298,-2.89172815193829));
#4078=CARTESIAN_POINT('Origin',(7.65432180024558,0.298,-2.89172815193829));
#4079=CARTESIAN_POINT('',(7.59609231007683,0.448000000000001,-2.89172815193829));
#4080=CARTESIAN_POINT('Origin',(7.59760920182038,0.411425196850393,-2.20824092137106));
#4081=CARTESIAN_POINT('',(7.61102560968538,0.418133400782893,-2.20824092137106));
#4082=CARTESIAN_POINT('Origin',(7.62109231007683,0.398,-1.53975369080383));
#4083=CARTESIAN_POINT('',(7.67109231007683,0.298,-2.99357854563908));
#4084=CARTESIAN_POINT('',(7.67109231007683,0.298,-2.63139889945568));
#4085=CARTESIAN_POINT('',(7.58109231007683,0.478,-2.90357854563908));
#4086=CARTESIAN_POINT('',(7.67109231007683,0.298,-2.99357854563908));
#4087=CARTESIAN_POINT('',(7.58109231007683,0.478,-2.4898777582375));
#4088=CARTESIAN_POINT('',(7.58109231007683,0.478,-2.11824092137106));
#4089=CARTESIAN_POINT('',(7.67109231007683,0.298,-2.3998777582375));
#4090=CARTESIAN_POINT('',(7.57109231007683,0.498,-2.4998777582375));
#4091=CARTESIAN_POINT('',(7.67109231007683,0.298,-2.63139889945568));
#4092=CARTESIAN_POINT('Origin',(7.57596392185677,0.398,-2.94357854563908));
#4093=CARTESIAN_POINT('',(7.62839972774673,0.298,-2.99357854563908));
#4094=CARTESIAN_POINT('',(7.4485281159668,0.478,-2.90357854563908));
#4095=CARTESIAN_POINT('Origin',(7.32596392185677,0.398,-2.4498777582375));
#4096=CARTESIAN_POINT('',(7.3235281159668,0.478,-2.4898777582375));
#4097=CARTESIAN_POINT('',(7.50339972774673,0.298,-2.3998777582375));
#4098=CARTESIAN_POINT('Origin',(7.32109231007683,0.478,-2.69672815193829));
#4099=CARTESIAN_POINT('Origin',(8.07986497536353,0.321042572472503,-2.06228674957158));
#4100=CARTESIAN_POINT('',(8.06486497536353,0.298,-2.07380803580783));
#4101=CARTESIAN_POINT('',(8.07986497536353,0.298,-2.09057854563908));
#4102=CARTESIAN_POINT('Origin',(8.07986497536353,0.298,-2.07380803580783));
#4103=CARTESIAN_POINT('',(8.06486497536353,0.381425196850393,-2.03209543738264));
#4104=CARTESIAN_POINT('',(8.06486497536353,0.321042572472503,-2.06228674957158));
#4105=CARTESIAN_POINT('',(8.07986497536353,0.388133400782893,-2.04551184524764));
#4106=CARTESIAN_POINT('Origin',(8.07986497536353,0.381425196850394,-2.03209543738264));
#4107=CARTESIAN_POINT('',(8.07986497536353,0.327750776405003,-2.07570315743658));
#4108=CARTESIAN_POINT('Ctrl Pts',(8.06486497536353,0.381425196850394,-2.03209543738264));
#4109=CARTESIAN_POINT('Ctrl Pts',(8.06486497536353,0.38479118897924,-2.02872944525379));
#4110=CARTESIAN_POINT('Ctrl Pts',(8.06289688742241,0.390380217030855,-2.02314041720217));
#4111=CARTESIAN_POINT('Ctrl Pts',(8.05658842081308,0.395398430925927,-2.0181222033071));
#4112=CARTESIAN_POINT('Ctrl Pts',(8.0521089701161,0.396425196850394,-2.01709543738264));
#4113=CARTESIAN_POINT('Ctrl Pts',(8.04986497536353,0.396425196850394,-2.01709543738264));
#4114=CARTESIAN_POINT('Ctrl Pts',(8.06486497536353,0.382428741811971,-2.03410252730579));
#4115=CARTESIAN_POINT('Ctrl Pts',(8.06463916160225,0.385858413863664,-2.03086498939428));
#4116=CARTESIAN_POINT('Ctrl Pts',(8.062206748587,0.39128608518045,-2.02554835698518));
#4117=CARTESIAN_POINT('Ctrl Pts',(8.05594347609512,0.395613937557277,-2.02092438077909));
#4118=CARTESIAN_POINT('Ctrl Pts',(8.05189056634255,0.396425196850394,-2.02000178586234));
#4119=CARTESIAN_POINT('Ctrl Pts',(8.04986497536353,0.396425196850394,-2.02000178586234));
#4120=CARTESIAN_POINT('Ctrl Pts',(8.06589188133052,0.38443190903073,-2.03810886174331));
#4121=CARTESIAN_POINT('Ctrl Pts',(8.06534960796395,0.38821970600509,-2.03512666666261));
#4122=CARTESIAN_POINT('Ctrl Pts',(8.06210261706278,0.393878154996842,-2.03034739252123));
#4123=CARTESIAN_POINT('Ctrl Pts',(8.05543846819471,0.397599516272108,-2.02650599104592));
#4124=CARTESIAN_POINT('Ctrl Pts',(8.05171732407225,0.398162471791957,-2.02578790800585));
#4125=CARTESIAN_POINT('Ctrl Pts',(8.04986497536353,0.398162471791957,-2.02578790800585));
#4126=CARTESIAN_POINT('Ctrl Pts',(8.07091015214971,0.387253039031608,-2.04375112174507));
#4127=CARTESIAN_POINT('Ctrl Pts',(8.07034304139014,0.39226034263464,-2.04095527018606));
#4128=CARTESIAN_POINT('Ctrl Pts',(8.06635428765755,0.399946615414098,-2.0365634392053));
#4129=CARTESIAN_POINT('Ctrl Pts',(8.05754889910785,0.405395476045645,-2.03323178975994));
#4130=CARTESIAN_POINT('Ctrl Pts',(8.05242063610391,0.406288180122704,-2.03264724439783));
#4131=CARTESIAN_POINT('Ctrl Pts',(8.04986497536353,0.406288180122704,-2.03264724439783));
#4132=CARTESIAN_POINT('Ctrl Pts',(8.07649898323469,0.388133400782893,-2.04551184524763));
#4133=CARTESIAN_POINT('Ctrl Pts',(8.07628256594566,0.394262256437149,-2.04245215577722));
#4134=CARTESIAN_POINT('Ctrl Pts',(8.07231663299942,0.404209485521243,-2.03746925586118));
#4135=CARTESIAN_POINT('Ctrl Pts',(8.06113156568895,0.4126009933326,-2.03328634052255));
#4136=CARTESIAN_POINT('Ctrl Pts',(8.05362116575749,0.414234125122735,-2.03246148307771));
#4137=CARTESIAN_POINT('Ctrl Pts',(8.04986497536353,0.414234125122735,-2.03246148307771));
#4138=CARTESIAN_POINT('Ctrl Pts',(8.07986497536353,0.388133400782893,-2.04551184524763));
#4139=CARTESIAN_POINT('Ctrl Pts',(8.07986497536353,0.394865385040585,-2.04214585311879));
#4140=CARTESIAN_POINT('Ctrl Pts',(8.07592879948128,0.406043441143816,-2.03655682506717));
#4141=CARTESIAN_POINT('Ctrl Pts',(8.06331186626262,0.416079868933959,-2.0315386111721));
#4142=CARTESIAN_POINT('Ctrl Pts',(8.05435296486866,0.418133400782893,-2.03051184524763));
#4143=CARTESIAN_POINT('Ctrl Pts',(8.04986497536353,0.418133400782893,-2.03051184524763));
#4144=CARTESIAN_POINT('',(8.04986497536353,0.396425196850394,-2.01709543738264));
#4145=CARTESIAN_POINT('',(8.04986497536353,0.418133400782893,-2.03051184524764));
#4146=CARTESIAN_POINT('Origin',(8.04986497536353,0.411425196850394,-2.01709543738264));
#4147=CARTESIAN_POINT('Origin',(8.04986497536353,0.388133400782893,-2.04551184524764));
#4148=CARTESIAN_POINT('Origin',(8.04986497536353,0.381425196850393,-2.03209543738264));
#4149=CARTESIAN_POINT('Origin',(7.4455903432215,0.411425196850393,-2.01709543738264));
#4150=CARTESIAN_POINT('',(7.71986497536353,0.396425196850393,-2.01709543738264));
#4151=CARTESIAN_POINT('',(7.71986497536353,0.418133400782893,-2.03051184524764));
#4152=CARTESIAN_POINT('Origin',(7.71986497536353,0.411425196850393,-2.01709543738264));
#4153=CARTESIAN_POINT('',(7.4455903432215,0.418133400782893,-2.03051184524764));
#4154=CARTESIAN_POINT('',(7.4455903432215,0.396425196850393,-2.01709543738264));
#4155=CARTESIAN_POINT('Ctrl Pts',(7.71986497536353,0.396425196850393,-2.01709543738264));
#4156=CARTESIAN_POINT('Ctrl Pts',(7.71649898323469,0.396425196850393,-2.01709543738264));
#4157=CARTESIAN_POINT('Ctrl Pts',(7.71090994454866,0.39445713394268,-2.01906350029035));
#4158=CARTESIAN_POINT('Ctrl Pts',(7.70589173370587,0.388148654746556,-2.02537197948647));
#4159=CARTESIAN_POINT('Ctrl Pts',(7.70486497536353,0.383669191602957,-2.02985144263007));
#4160=CARTESIAN_POINT('Ctrl Pts',(7.70486497536353,0.381425196850393,-2.03209543738264));
#4161=CARTESIAN_POINT('Ctrl Pts',(7.71986497536353,0.396425196850393,-2.02000178586234));
#4162=CARTESIAN_POINT('Ctrl Pts',(7.71682658889502,0.396425196850393,-2.02000178586234));
#4163=CARTESIAN_POINT('Ctrl Pts',(7.71170224162016,0.394892023526836,-2.02176571792794));
#4164=CARTESIAN_POINT('Ctrl Pts',(7.70637998051468,0.389159666539575,-2.02766140603814));
#4165=CARTESIAN_POINT('Ctrl Pts',(7.70501551787106,0.384715189846433,-2.03194416869812));
#4166=CARTESIAN_POINT('Ctrl Pts',(7.70486497536353,0.38242874181197,-2.03410252730579));
#4167=CARTESIAN_POINT('Ctrl Pts',(7.71986497536353,0.398162468347697,-2.02578792500467));
#4168=CARTESIAN_POINT('Ctrl Pts',(7.71708645230045,0.398162468347697,-2.02578792500467));
#4169=CARTESIAN_POINT('Ctrl Pts',(7.71226411143637,0.397132479665865,-2.02715022256435));
#4170=CARTESIAN_POINT('Ctrl Pts',(7.70611674195961,0.391716383029212,-2.03222642698639));
#4171=CARTESIAN_POINT('Ctrl Pts',(7.70419958844027,0.386957109615198,-2.03612073689263));
#4172=CARTESIAN_POINT('Ctrl Pts',(7.70383807286255,0.384431911632291,-2.03810886694643));
#4173=CARTESIAN_POINT('Ctrl Pts',(7.71986497536354,0.406288178889956,-2.03264727755979));
#4174=CARTESIAN_POINT('Ctrl Pts',(7.71603148425297,0.406288178889956,-2.03264727755979));
#4175=CARTESIAN_POINT('Ctrl Pts',(7.70942610124557,0.404624628726286,-2.03374942843376));
#4176=CARTESIAN_POINT('Ctrl Pts',(7.70150579927039,0.396977301624714,-2.03827657223756));
#4177=CARTESIAN_POINT('Ctrl Pts',(7.69919787730393,0.390591246518165,-2.0418872308748));
#4178=CARTESIAN_POINT('Ctrl Pts',(7.69881980346422,0.387253044116143,-2.04375113191414));
#4179=CARTESIAN_POINT('Ctrl Pts',(7.71986497536353,0.414234125122734,-2.03246148307771));
#4180=CARTESIAN_POINT('Ctrl Pts',(7.7142306897726,0.414234125122734,-2.03246148307771));
#4181=CARTESIAN_POINT('Ctrl Pts',(7.70477910962111,0.411120901085887,-2.03402975085234));
#4182=CARTESIAN_POINT('Ctrl Pts',(7.69553061482744,0.400274303831348,-2.03943945485639));
#4183=CARTESIAN_POINT('Ctrl Pts',(7.69337524568507,0.392219304552397,-2.04347205226736));
#4184=CARTESIAN_POINT('Ctrl Pts',(7.69323096749238,0.388133400782892,-2.04551184524763));
#4185=CARTESIAN_POINT('Ctrl Pts',(7.71986497536353,0.418133400782893,-2.03051184524763));
#4186=CARTESIAN_POINT('Ctrl Pts',(7.71313299110584,0.418133400782893,-2.03051184524763));
#4187=CARTESIAN_POINT('Ctrl Pts',(7.70195491373378,0.414197274967466,-2.03247990815535));
#4188=CARTESIAN_POINT('Ctrl Pts',(7.6919184920482,0.401580316575219,-2.03878838735147));
#4189=CARTESIAN_POINT('Ctrl Pts',(7.68986497536353,0.392621390288021,-2.04326785049507));
#4190=CARTESIAN_POINT('Ctrl Pts',(7.68986497536353,0.388133400782892,-2.04551184524763));
#4191=CARTESIAN_POINT('',(7.70486497536353,0.381425196850393,-2.03209543738264));
#4192=CARTESIAN_POINT('',(7.68986497536353,0.388133400782893,-2.04551184524764));
#4193=CARTESIAN_POINT('Origin',(7.68986497536353,0.381425196850393,-2.03209543738264));
#4194=CARTESIAN_POINT('Origin',(7.71986497536353,0.388133400782893,-2.04551184524764));
#4195=CARTESIAN_POINT('Origin',(7.71986497536353,0.381425196850393,-2.03209543738264));
#4196=CARTESIAN_POINT('Origin',(7.68986497536353,0.360412651212661,-2.0426017102015));
#4197=CARTESIAN_POINT('',(7.68986497536353,0.298,-2.09057854563908));
#4198=CARTESIAN_POINT('',(7.70486497536353,0.298,-2.07380803580783));
#4199=CARTESIAN_POINT('Origin',(7.68986497536353,0.298,-2.07380803580783));
#4200=CARTESIAN_POINT('',(7.68986497536353,0.367120855145161,-2.0560181180665));
#4201=CARTESIAN_POINT('',(7.70486497536353,0.360412651212661,-2.0426017102015));
#4202=CARTESIAN_POINT('Origin',(7.71986497536353,0.381425196850393,-2.09120160462657));
#4203=CARTESIAN_POINT('',(7.71986497536353,0.396425196850393,-1.66468471288302));
#4204=CARTESIAN_POINT('',(7.71986497536353,0.396425196850393,-2.09120160462657));
#4205=CARTESIAN_POINT('',(7.70486497536353,0.381425196850393,-1.64968471288302));
#4206=CARTESIAN_POINT('Origin',(7.71986497536353,0.381425196850393,-1.64968471288302));
#4207=CARTESIAN_POINT('',(7.70486497536353,0.381425196850393,-2.09120160462657));
#4208=CARTESIAN_POINT('Origin',(8.06486497536353,0.396425196850394,-2.09120160462657));
#4209=CARTESIAN_POINT('',(8.04986497536353,0.396425196850394,-1.66468471288302));
#4210=CARTESIAN_POINT('',(8.04986497536353,0.396425196850394,-2.09120160462657));
#4211=CARTESIAN_POINT('',(7.3963777447963,0.396425196850393,-1.66468471288302));
#4212=CARTESIAN_POINT('Origin',(8.04986497536353,0.381425196850393,-2.09120160462657));
#4213=CARTESIAN_POINT('',(8.06486497536353,0.381425196850394,-1.64968471288302));
#4214=CARTESIAN_POINT('',(8.06486497536353,0.381425196850393,-2.09120160462657));
#4215=CARTESIAN_POINT('Origin',(8.04986497536353,0.381425196850393,-1.64968471288302));
#4216=CARTESIAN_POINT('Origin',(8.06486497536353,0.298,-2.09120160462657));
#4217=CARTESIAN_POINT('',(8.06486497536353,0.298,-1.60797211445782));
#4218=CARTESIAN_POINT('',(8.06486497536353,0.298,-2.90712285636706));
#4219=CARTESIAN_POINT('',(8.06486497536353,0.441291796067502,-1.67961801249157));
#4220=CARTESIAN_POINT('Origin',(7.70486497536353,0.396425196850393,-2.09120160462657));
#4221=CARTESIAN_POINT('',(7.70486497536353,0.298,-1.60797211445782));
#4222=CARTESIAN_POINT('',(7.70486497536353,0.480661874807659,-1.69930305186165));
#4223=CARTESIAN_POINT('',(7.70486497536353,0.298,-2.90712285636706));
#4224=CARTESIAN_POINT('Origin',(6.82631571107947,0.357750776405003,-2.06070315743658));
#4225=CARTESIAN_POINT('',(7.58801458166275,0.298,-2.09057854563908));
#4226=CARTESIAN_POINT('',(7.25357562235808,0.298,-2.09057854563908));
#4227=CARTESIAN_POINT('',(7.67801458166275,0.478,-2.00057854563908));
#4228=CARTESIAN_POINT('',(7.57067513359788,0.263321103870278,-2.10791799370394));
#4229=CARTESIAN_POINT('',(8.09171536906432,0.478,-2.00057854563908));
#4230=CARTESIAN_POINT('',(7.3555903432215,0.478,-2.00057854563908));
#4231=CARTESIAN_POINT('',(8.18171536906432,0.298,-2.09057854563908));
#4232=CARTESIAN_POINT('',(8.00179660641517,0.657837525298302,-1.91065978298993));
#4233=CARTESIAN_POINT('',(7.25357562235808,0.298,-2.09057854563908));
#4234=CARTESIAN_POINT('Ctrl Pts',(7.70486497536353,0.381425196850393,-1.64968471288302));
#4235=CARTESIAN_POINT('Ctrl Pts',(7.70486497536353,0.38479118897924,-1.65305070501187));
#4236=CARTESIAN_POINT('Ctrl Pts',(7.70683300920422,0.390380240004246,-1.65863975603687));
#4237=CARTESIAN_POINT('Ctrl Pts',(7.71314150304106,0.395398447308368,-1.66365796334099));
#4238=CARTESIAN_POINT('Ctrl Pts',(7.71762098061097,0.396425196850393,-1.66468471288302));
#4239=CARTESIAN_POINT('Ctrl Pts',(7.71986497536353,0.396425196850393,-1.66468471288302));
#4240=CARTESIAN_POINT('Ctrl Pts',(7.70486497536353,0.382428741811971,-1.64767762295987));
#4241=CARTESIAN_POINT('Ctrl Pts',(7.70509078912482,0.385858413863664,-1.65091516087137));
#4242=CARTESIAN_POINT('Ctrl Pts',(7.70752311831579,0.39128612259164,-1.65623181856001));
#4243=CARTESIAN_POINT('Ctrl Pts',(7.71378643169798,0.395613955787489,-1.66085578500879));
#4244=CARTESIAN_POINT('Ctrl Pts',(7.71783938438452,0.396425196850393,-1.66177836440331));
#4245=CARTESIAN_POINT('Ctrl Pts',(7.71986497536353,0.396425196850393,-1.66177836440331));
#4246=CARTESIAN_POINT('Ctrl Pts',(7.70383807690179,0.384431914662467,-1.64367127725887));
#4247=CARTESIAN_POINT('Ctrl Pts',(7.70438035026836,0.388219711636828,-1.64665347233957));
#4248=CARTESIAN_POINT('Ctrl Pts',(7.70762722702089,0.393878206384852,-1.65143276010545));
#4249=CARTESIAN_POINT('Ctrl Pts',(7.71429143320821,0.397599525232988,-1.65527414792278));
#4250=CARTESIAN_POINT('Ctrl Pts',(7.71801262665482,0.398162464329602,-1.65599220546149));
#4251=CARTESIAN_POINT('Ctrl Pts',(7.71986497536354,0.398162464329602,-1.65599220546149));
#4252=CARTESIAN_POINT('Ctrl Pts',(7.69881980915854,0.38725305004254,-1.63802900649873));
#4253=CARTESIAN_POINT('Ctrl Pts',(7.69938691991812,0.392260353645572,-1.64082485805773));
#4254=CARTESIAN_POINT('Ctrl Pts',(7.70337554747,0.399946682451559,-1.64521668964978));
#4255=CARTESIAN_POINT('Ctrl Pts',(7.71218100468042,0.405395494876055,-1.64854831555593));
#4256=CARTESIAN_POINT('Ctrl Pts',(7.71730931462316,0.406288177457921,-1.64913283405325));
#4257=CARTESIAN_POINT('Ctrl Pts',(7.71986497536353,0.406288177457921,-1.64913283405325));
#4258=CARTESIAN_POINT('Ctrl Pts',(7.69323096749238,0.388133400782893,-1.63626830501802));
#4259=CARTESIAN_POINT('Ctrl Pts',(7.69344738478141,0.394262256437149,-1.63932799448843));
#4260=CARTESIAN_POINT('Ctrl Pts',(7.69741315462962,0.404209518756261,-1.6443109259424));
#4261=CARTESIAN_POINT('Ctrl Pts',(7.70859829427463,0.412601009554487,-1.6484938417144));
#4262=CARTESIAN_POINT('Ctrl Pts',(7.71610878496958,0.414234125122734,-1.64931866718794));
#4263=CARTESIAN_POINT('Ctrl Pts',(7.71986497536353,0.414234125122734,-1.64931866718794));
#4264=CARTESIAN_POINT('Ctrl Pts',(7.68986497536353,0.388133400782893,-1.63626830501802));
#4265=CARTESIAN_POINT('Ctrl Pts',(7.68986497536353,0.394865385040585,-1.63963429714687));
#4266=CARTESIAN_POINT('Ctrl Pts',(7.69380104304491,0.406043487090597,-1.64522334817187));
#4267=CARTESIAN_POINT('Ctrl Pts',(7.70641803071859,0.416079901698843,-1.650241555476));
#4268=CARTESIAN_POINT('Ctrl Pts',(7.71537698585841,0.418133400782893,-1.65126830501802));
#4269=CARTESIAN_POINT('Ctrl Pts',(7.71986497536353,0.418133400782893,-1.65126830501802));
#4270=CARTESIAN_POINT('',(7.71986497536353,0.418133400782893,-1.65126830501802));
#4271=CARTESIAN_POINT('',(7.68986497536353,0.388133400782893,-1.63626830501802));
#4272=CARTESIAN_POINT('Origin',(7.71986497536353,0.388133400782893,-1.63626830501802));
#4273=CARTESIAN_POINT('Origin',(7.68986497536353,0.381425196850393,-1.64968471288302));
#4274=CARTESIAN_POINT('Origin',(7.71986497536353,0.411425196850393,-1.66468471288302));
#4275=CARTESIAN_POINT('Origin',(7.68986497536353,0.480661874807659,-1.69930305186165));
#4276=CARTESIAN_POINT('',(7.68986497536353,0.298,-1.59120160462657));
#4277=CARTESIAN_POINT('Origin',(7.68986497536353,0.298,-1.60797211445782));
#4278=CARTESIAN_POINT('',(7.68986497536353,0.487370078740158,-1.68588664399665));
#4279=CARTESIAN_POINT('Ctrl Pts',(8.04986497536353,0.396425196850394,-1.66468471288302));
#4280=CARTESIAN_POINT('Ctrl Pts',(8.05323096749238,0.396425196850394,-1.66468471288302));
#4281=CARTESIAN_POINT('Ctrl Pts',(8.0588200074465,0.394457136928889,-1.66271665296151));
#4282=CARTESIAN_POINT('Ctrl Pts',(8.06383821792548,0.388148656229929,-1.65640817226256));
#4283=CARTESIAN_POINT('Ctrl Pts',(8.06486497536353,0.383669191602958,-1.65192870763558));
#4284=CARTESIAN_POINT('Ctrl Pts',(8.06486497536353,0.381425196850394,-1.64968471288302));
#4285=CARTESIAN_POINT('Ctrl Pts',(8.04986497536353,0.396425196850394,-1.66177836440331));
#4286=CARTESIAN_POINT('Ctrl Pts',(8.05290336183205,0.396425196850394,-1.66177836440331));
#4287=CARTESIAN_POINT('Ctrl Pts',(8.05802770817384,0.394892024481514,-1.66001443469023));
#4288=CARTESIAN_POINT('Ctrl Pts',(8.06334997032652,0.389159666978261,-1.65411874540058));
#4289=CARTESIAN_POINT('Ctrl Pts',(8.06471443285601,0.384715189846433,-1.64983598156754));
#4290=CARTESIAN_POINT('Ctrl Pts',(8.06486497536353,0.382428741811971,-1.64767762295987));
#4291=CARTESIAN_POINT('Ctrl Pts',(8.04986497536353,0.398162467935834,-1.65599222322993));
#4292=CARTESIAN_POINT('Ctrl Pts',(8.05264349842661,0.398162467935834,-1.65599222322993));
#4293=CARTESIAN_POINT('Ctrl Pts',(8.05746583294749,0.397132476876667,-1.65462992795393));
#4294=CARTESIAN_POINT('Ctrl Pts',(8.06361320626426,0.39171638169884,-1.64955372278469));
#4295=CARTESIAN_POINT('Ctrl Pts',(8.06553036187256,0.386957109926037,-1.64565941275135));
#4296=CARTESIAN_POINT('Ctrl Pts',(8.06589187745027,0.38443191194313,-1.64367128269755));
#4297=CARTESIAN_POINT('Ctrl Pts',(8.04986497536354,0.406288178742867,-1.64913286874219));
#4298=CARTESIAN_POINT('Ctrl Pts',(8.0536984664741,0.406288178742867,-1.64913286874219));
#4299=CARTESIAN_POINT('Ctrl Pts',(8.0603038411409,0.404624627173077,-1.64803071926515));
#4300=CARTESIAN_POINT('Ctrl Pts',(8.06822414795562,0.396977301124663,-1.64350357574146));
#4301=CARTESIAN_POINT('Ctrl Pts',(8.07053207283912,0.390591247125894,-1.6398929181754));
#4302=CARTESIAN_POINT('Ctrl Pts',(8.07091014667884,0.387253044723873,-1.63802901713606));
#4303=CARTESIAN_POINT('Ctrl Pts',(8.04986497536353,0.414234125122735,-1.64931866718794));
#4304=CARTESIAN_POINT('Ctrl Pts',(8.05549926095447,0.414234125122735,-1.64931866718794));
#4305=CARTESIAN_POINT('Ctrl Pts',(8.06495084232555,0.411120903238577,-1.64775040345241));
#4306=CARTESIAN_POINT('Ctrl Pts',(8.07419933745838,0.400274304632786,-1.64234069712298));
#4307=CARTESIAN_POINT('Ctrl Pts',(8.076354705042,0.392219304552397,-1.6383080979983));
#4308=CARTESIAN_POINT('Ctrl Pts',(8.07649898323469,0.388133400782893,-1.63626830501802));
#4309=CARTESIAN_POINT('Ctrl Pts',(8.04986497536353,0.418133400782893,-1.65126830501802));
#4310=CARTESIAN_POINT('Ctrl Pts',(8.05659695962123,0.418133400782893,-1.65126830501802));
#4311=CARTESIAN_POINT('Ctrl Pts',(8.06777503952947,0.414197280939883,-1.64930024509652));
#4312=CARTESIAN_POINT('Ctrl Pts',(8.07781146048742,0.401580319541965,-1.64299176439756));
#4313=CARTESIAN_POINT('Ctrl Pts',(8.07986497536353,0.392621390288021,-1.63851229977059));
#4314=CARTESIAN_POINT('Ctrl Pts',(8.07986497536353,0.388133400782893,-1.63626830501802));
#4315=CARTESIAN_POINT('',(8.07986497536353,0.388133400782893,-1.63626830501802));
#4316=CARTESIAN_POINT('Origin',(8.07986497536353,0.381425196850394,-1.64968471288302));
#4317=CARTESIAN_POINT('',(8.04986497536353,0.418133400782893,-1.65126830501802));
#4318=CARTESIAN_POINT('Origin',(8.04986497536353,0.388133400782893,-1.63626830501802));
#4319=CARTESIAN_POINT('Origin',(8.04986497536353,0.411425196850394,-1.66468471288302));
#4320=CARTESIAN_POINT('Origin',(8.07986497536353,0.441291796067502,-1.67961801249157));
#4321=CARTESIAN_POINT('',(8.07986497536353,0.298,-1.59120160462657));
#4322=CARTESIAN_POINT('Origin',(8.07986497536353,0.298,-1.60797211445782));
#4323=CARTESIAN_POINT('',(8.07986497536353,0.448000000000001,-1.66620160462657));
#4324=CARTESIAN_POINT('Origin',(7.3963777447963,0.411425196850393,-1.66468471288302));
#4325=CARTESIAN_POINT('',(7.3963777447963,0.418133400782893,-1.65126830501802));
#4326=CARTESIAN_POINT('Origin',(6.72789051422907,0.398,-1.64120160462657));
#4327=CARTESIAN_POINT('',(8.18171536906432,0.298,-1.59120160462657));
#4328=CARTESIAN_POINT('',(7.20436302393289,0.298,-1.59120160462657));
#4329=CARTESIAN_POINT('',(8.09171536906432,0.478,-1.68120160462657));
#4330=CARTESIAN_POINT('',(8.18171536906432,0.298,-1.59120160462657));
#4331=CARTESIAN_POINT('',(7.67801458166275,0.478,-1.68120160462657));
#4332=CARTESIAN_POINT('',(7.3063777447963,0.478,-1.68120160462657));
#4333=CARTESIAN_POINT('',(7.58801458166275,0.298,-1.59120160462657));
#4334=CARTESIAN_POINT('',(7.68801458166275,0.498,-1.69120160462658));
#4335=CARTESIAN_POINT('',(7.20436302393289,0.298,-1.59120160462657));
#4336=CARTESIAN_POINT('Origin',(8.13171536906432,0.398,-1.68632999284664));
#4337=CARTESIAN_POINT('',(8.18171536906432,0.298,-2.70468705047709));
#4338=CARTESIAN_POINT('',(8.09171536906432,0.478,-1.81376579873661));
#4339=CARTESIAN_POINT('Origin',(7.63801458166275,0.398,-1.93632999284664));
#4340=CARTESIAN_POINT('',(7.67801458166275,0.478,-1.93876579873661));
#4341=CARTESIAN_POINT('',(7.58801458166275,0.298,-2.82968705047709));
#4342=CARTESIAN_POINT('Origin',(7.88486497536353,0.478,-1.94120160462658));
#4343=CARTESIAN_POINT('Origin',(8.07986497536353,0.321042572472503,-3.91228674957158));
#4344=CARTESIAN_POINT('',(8.06486497536353,0.298,-3.92380803580783));
#4345=CARTESIAN_POINT('',(8.07986497536353,0.298,-3.94057854563908));
#4346=CARTESIAN_POINT('Origin',(8.07986497536353,0.298,-3.92380803580783));
#4347=CARTESIAN_POINT('',(8.06486497536353,0.381425196850393,-3.88209543738264));
#4348=CARTESIAN_POINT('',(8.06486497536353,0.321042572472503,-3.91228674957158));
#4349=CARTESIAN_POINT('',(8.07986497536353,0.388133400782893,-3.89551184524764));
#4350=CARTESIAN_POINT('Origin',(8.07986497536353,0.381425196850394,-3.88209543738264));
#4351=CARTESIAN_POINT('',(8.07986497536353,0.327750776405003,-3.92570315743658));
#4352=CARTESIAN_POINT('Ctrl Pts',(8.06486497536353,0.381425196850394,-3.88209543738264));
#4353=CARTESIAN_POINT('Ctrl Pts',(8.06486497536353,0.38479118897924,-3.87872944525379));
#4354=CARTESIAN_POINT('Ctrl Pts',(8.06289677631114,0.390380169744748,-3.87314046448828));
#4355=CARTESIAN_POINT('Ctrl Pts',(8.05658836532342,0.395398397239025,-3.868122236994));
#4356=CARTESIAN_POINT('Ctrl Pts',(8.0521089701161,0.396425196850394,-3.86709543738264));
#4357=CARTESIAN_POINT('Ctrl Pts',(8.04986497536353,0.396425196850394,-3.86709543738264));
#4358=CARTESIAN_POINT('Ctrl Pts',(8.06486497536353,0.382428741811971,-3.88410252730579));
#4359=CARTESIAN_POINT('Ctrl Pts',(8.06463916160225,0.385858413863664,-3.88086498939429));
#4360=CARTESIAN_POINT('Ctrl Pts',(8.06220657640203,0.391286008352835,-3.87554840896588));
#4361=CARTESIAN_POINT('Ctrl Pts',(8.05594338747797,0.395613899903874,-3.87092441274665));
#4362=CARTESIAN_POINT('Ctrl Pts',(8.05189056634255,0.396425196850394,-3.87000178586235));
#4363=CARTESIAN_POINT('Ctrl Pts',(8.04986497536353,0.396425196850394,-3.87000178586235));
#4364=CARTESIAN_POINT('Ctrl Pts',(8.06589189657382,0.384431897573852,-3.88810883882955));
#4365=CARTESIAN_POINT('Ctrl Pts',(8.06534962320725,0.388219694548213,-3.88512664374885));
#4366=CARTESIAN_POINT('Ctrl Pts',(8.06210239747932,0.393878049811116,-3.88034739795025));
#4367=CARTESIAN_POINT('Ctrl Pts',(8.05543836579035,0.397599497245589,-3.87650596859312));
#4368=CARTESIAN_POINT('Ctrl Pts',(8.05171732407225,0.398162486900316,-3.87578783314632));
#4369=CARTESIAN_POINT('Ctrl Pts',(8.04986497536354,0.398162486900316,-3.87578783314632));
#4370=CARTESIAN_POINT('Ctrl Pts',(8.0709101736487,0.387253016679042,-3.89375107703993));
#4371=CARTESIAN_POINT('Ctrl Pts',(8.07034306288913,0.392260320282074,-3.89095522548093));
#4372=CARTESIAN_POINT('Ctrl Pts',(8.0663540495286,0.399946478373648,-3.88656339637829));
#4373=CARTESIAN_POINT('Ctrl Pts',(8.05754880122087,0.405395436919944,-3.88323169916417));
#4374=CARTESIAN_POINT('Ctrl Pts',(8.05242063610391,0.406288185587141,-3.88264709861121));
#4375=CARTESIAN_POINT('Ctrl Pts',(8.04986497536353,0.406288185587141,-3.88264709861121));
#4376=CARTESIAN_POINT('Ctrl Pts',(8.07649898323469,0.388133400782893,-3.89551184524764));
#4377=CARTESIAN_POINT('Ctrl Pts',(8.07628256594566,0.394262256437149,-3.89245215577722));
#4378=CARTESIAN_POINT('Ctrl Pts',(8.07231629782645,0.404209417269257,-3.88746932097297));
#4379=CARTESIAN_POINT('Ctrl Pts',(8.06113137854889,0.412600959828044,-3.88328640607711));
#4380=CARTESIAN_POINT('Ctrl Pts',(8.05362116575749,0.414234125122734,-3.88246148307771));
#4381=CARTESIAN_POINT('Ctrl Pts',(8.04986497536353,0.414234125122734,-3.88246148307771));
#4382=CARTESIAN_POINT('Ctrl Pts',(8.07986497536353,0.388133400782893,-3.89551184524764));
#4383=CARTESIAN_POINT('Ctrl Pts',(8.07986497536353,0.394865385040585,-3.89214585311879));
#4384=CARTESIAN_POINT('Ctrl Pts',(8.07592857725873,0.406043346571602,-3.88655687235328));
#4385=CARTESIAN_POINT('Ctrl Pts',(8.06331175528331,0.416079801560156,-3.881538644859));
#4386=CARTESIAN_POINT('Ctrl Pts',(8.05435296486866,0.418133400782893,-3.88051184524764));
#4387=CARTESIAN_POINT('Ctrl Pts',(8.04986497536353,0.418133400782893,-3.88051184524764));
#4388=CARTESIAN_POINT('',(8.04986497536353,0.396425196850394,-3.86709543738264));
#4389=CARTESIAN_POINT('',(8.04986497536353,0.418133400782893,-3.88051184524764));
#4390=CARTESIAN_POINT('Origin',(8.04986497536353,0.411425196850394,-3.86709543738264));
#4391=CARTESIAN_POINT('Origin',(8.04986497536353,0.388133400782893,-3.89551184524764));
#4392=CARTESIAN_POINT('Origin',(8.04986497536353,0.381425196850393,-3.88209543738264));
#4393=CARTESIAN_POINT('Origin',(7.4455903432215,0.411425196850393,-3.86709543738264));
#4394=CARTESIAN_POINT('',(7.71986497536353,0.396425196850393,-3.86709543738264));
#4395=CARTESIAN_POINT('',(7.71986497536353,0.418133400782893,-3.88051184524764));
#4396=CARTESIAN_POINT('Origin',(7.71986497536353,0.411425196850393,-3.86709543738264));
#4397=CARTESIAN_POINT('',(7.4455903432215,0.418133400782893,-3.88051184524764));
#4398=CARTESIAN_POINT('',(7.4455903432215,0.396425196850393,-3.86709543738264));
#4399=CARTESIAN_POINT('Ctrl Pts',(7.71986497536353,0.396425196850393,-3.86709543738264));
#4400=CARTESIAN_POINT('Ctrl Pts',(7.71649898323469,0.396425196850393,-3.86709543738264));
#4401=CARTESIAN_POINT('Ctrl Pts',(7.71090999457397,0.394457016327432,-3.8690636179056));
#4402=CARTESIAN_POINT('Ctrl Pts',(7.70589176935336,0.388148596091527,-3.8753720381415));
#4403=CARTESIAN_POINT('Ctrl Pts',(7.70486497536353,0.383669191602957,-3.87985144263007));
#4404=CARTESIAN_POINT('Ctrl Pts',(7.70486497536353,0.381425196850393,-3.88209543738264));
#4405=CARTESIAN_POINT('Ctrl Pts',(7.71986497536353,0.396425196850393,-3.87000178586235));
#4406=CARTESIAN_POINT('Ctrl Pts',(7.71682658889502,0.396425196850393,-3.87000178586235));
#4407=CARTESIAN_POINT('Ctrl Pts',(7.71170220503893,0.394891985936117,-3.87176581058582));
#4408=CARTESIAN_POINT('Ctrl Pts',(7.7063799847978,0.389159649179095,-3.87766145242131));
#4409=CARTESIAN_POINT('Ctrl Pts',(7.70501551787106,0.384715189846433,-3.88194416869812));
#4410=CARTESIAN_POINT('Ctrl Pts',(7.70486497536353,0.38242874181197,-3.88410252730579));
#4411=CARTESIAN_POINT('Ctrl Pts',(7.71986497536353,0.398162484400888,-3.87578784556359));
#4412=CARTESIAN_POINT('Ctrl Pts',(7.71708645230045,0.398162484400888,-3.87578784556359));
#4413=CARTESIAN_POINT('Ctrl Pts',(7.71226386231255,0.39713258950272,-3.87715023299382));
#4414=CARTESIAN_POINT('Ctrl Pts',(7.70611664304373,0.391716435684561,-3.88222640801737));
#4415=CARTESIAN_POINT('Ctrl Pts',(7.70419957225716,0.386957097457171,-3.88612071257658));
#4416=CARTESIAN_POINT('Ctrl Pts',(7.70383805667944,0.384431899474264,-3.88810884263038));
#4417=CARTESIAN_POINT('Ctrl Pts',(7.71986497536353,0.40628818467674,-3.88264712276522));
#4418=CARTESIAN_POINT('Ctrl Pts',(7.71603148425297,0.40628818467674,-3.88264712276522));
#4419=CARTESIAN_POINT('Ctrl Pts',(7.70942577369368,0.404624690057704,-3.88374932847882));
#4420=CARTESIAN_POINT('Ctrl Pts',(7.7015056610441,0.396977321705233,-3.88827648302329));
#4421=CARTESIAN_POINT('Ctrl Pts',(7.69919785448177,0.390591222784441,-3.89188718340735));
#4422=CARTESIAN_POINT('Ctrl Pts',(7.69881978064205,0.387253020382419,-3.89375108444669));
#4423=CARTESIAN_POINT('Ctrl Pts',(7.71986497536353,0.414234125122734,-3.88246148307771));
#4424=CARTESIAN_POINT('Ctrl Pts',(7.7142306897726,0.414234125122734,-3.88246148307771));
#4425=CARTESIAN_POINT('Ctrl Pts',(7.70477915793443,0.411120816377879,-3.88402990985121));
#4426=CARTESIAN_POINT('Ctrl Pts',(7.69553067608414,0.400274272034599,-3.88943952273593));
#4427=CARTESIAN_POINT('Ctrl Pts',(7.69337524568507,0.392219304552397,-3.89347205226736));
#4428=CARTESIAN_POINT('Ctrl Pts',(7.69323096749238,0.388133400782892,-3.89551184524764));
#4429=CARTESIAN_POINT('Ctrl Pts',(7.71986497536353,0.418133400782893,-3.88051184524764));
#4430=CARTESIAN_POINT('Ctrl Pts',(7.71313299110584,0.418133400782893,-3.88051184524764));
#4431=CARTESIAN_POINT('Ctrl Pts',(7.70195501378441,0.414197039736971,-3.88248002577059));
#4432=CARTESIAN_POINT('Ctrl Pts',(7.69191856334318,0.401580199265159,-3.8887884460065));
#4433=CARTESIAN_POINT('Ctrl Pts',(7.68986497536353,0.392621390288021,-3.89326785049507));
#4434=CARTESIAN_POINT('Ctrl Pts',(7.68986497536353,0.388133400782892,-3.89551184524764));
#4435=CARTESIAN_POINT('',(7.70486497536353,0.381425196850393,-3.88209543738264));
#4436=CARTESIAN_POINT('',(7.68986497536353,0.388133400782893,-3.89551184524764));
#4437=CARTESIAN_POINT('Origin',(7.68986497536353,0.381425196850393,-3.88209543738264));
#4438=CARTESIAN_POINT('Origin',(7.71986497536353,0.388133400782893,-3.89551184524764));
#4439=CARTESIAN_POINT('Origin',(7.71986497536353,0.381425196850393,-3.88209543738264));
#4440=CARTESIAN_POINT('Origin',(7.68986497536353,0.360412651212661,-3.8926017102015));
#4441=CARTESIAN_POINT('',(7.68986497536353,0.298,-3.94057854563908));
#4442=CARTESIAN_POINT('',(7.70486497536353,0.298,-3.92380803580783));
#4443=CARTESIAN_POINT('Origin',(7.68986497536353,0.298,-3.92380803580783));
#4444=CARTESIAN_POINT('',(7.68986497536353,0.367120855145161,-3.9060181180665));
#4445=CARTESIAN_POINT('',(7.70486497536353,0.360412651212661,-3.8926017102015));
#4446=CARTESIAN_POINT('Origin',(7.71986497536353,0.381425196850393,-3.94120160462657));
#4447=CARTESIAN_POINT('',(7.71986497536353,0.396425196850393,-3.51468471288302));
#4448=CARTESIAN_POINT('',(7.71986497536353,0.396425196850393,-3.94120160462657));
#4449=CARTESIAN_POINT('',(7.70486497536353,0.381425196850393,-3.49968471288302));
#4450=CARTESIAN_POINT('Origin',(7.71986497536353,0.381425196850393,-3.49968471288302));
#4451=CARTESIAN_POINT('',(7.70486497536353,0.381425196850393,-3.94120160462657));
#4452=CARTESIAN_POINT('Origin',(8.06486497536353,0.396425196850394,-3.94120160462657));
#4453=CARTESIAN_POINT('',(8.04986497536353,0.396425196850394,-3.51468471288302));
#4454=CARTESIAN_POINT('',(8.04986497536353,0.396425196850394,-3.94120160462657));
#4455=CARTESIAN_POINT('',(7.3963777447963,0.396425196850393,-3.51468471288302));
#4456=CARTESIAN_POINT('Origin',(8.04986497536353,0.381425196850393,-3.94120160462657));
#4457=CARTESIAN_POINT('',(8.06486497536353,0.381425196850394,-3.49968471288302));
#4458=CARTESIAN_POINT('',(8.06486497536353,0.381425196850393,-3.94120160462657));
#4459=CARTESIAN_POINT('Origin',(8.04986497536353,0.381425196850393,-3.49968471288302));
#4460=CARTESIAN_POINT('Origin',(8.06486497536353,0.298,-3.94120160462657));
#4461=CARTESIAN_POINT('',(8.06486497536353,0.298,-3.45797211445782));
#4462=CARTESIAN_POINT('',(8.06486497536353,0.298,-3.83212285636706));
#4463=CARTESIAN_POINT('',(8.06486497536353,0.441291796067502,-3.52961801249157));
#4464=CARTESIAN_POINT('Origin',(7.70486497536353,0.396425196850393,-3.94120160462657));
#4465=CARTESIAN_POINT('',(7.70486497536353,0.298,-3.45797211445782));
#4466=CARTESIAN_POINT('',(7.70486497536353,0.480661874807659,-3.54930305186165));
#4467=CARTESIAN_POINT('',(7.70486497536353,0.298,-3.83212285636706));
#4468=CARTESIAN_POINT('Origin',(6.82631571107946,0.357750776405003,-3.91070315743658));
#4469=CARTESIAN_POINT('',(7.58801458166274,0.298,-3.94057854563908));
#4470=CARTESIAN_POINT('',(7.25357562235808,0.298,-3.94057854563909));
#4471=CARTESIAN_POINT('',(7.67801458166274,0.478,-3.85057854563908));
#4472=CARTESIAN_POINT('',(7.57067513359788,0.263321103870278,-3.95791799370394));
#4473=CARTESIAN_POINT('',(8.09171536906432,0.478,-3.85057854563908));
#4474=CARTESIAN_POINT('',(7.3555903432215,0.478,-3.85057854563909));
#4475=CARTESIAN_POINT('',(8.18171536906432,0.298,-3.94057854563908));
#4476=CARTESIAN_POINT('',(8.00179660641517,0.657837525298302,-3.76065978298993));
#4477=CARTESIAN_POINT('',(7.25357562235808,0.298,-3.94057854563909));
#4478=CARTESIAN_POINT('Ctrl Pts',(7.70486497536353,0.381425196850393,-3.49968471288302));
#4479=CARTESIAN_POINT('Ctrl Pts',(7.70486497536353,0.384791188979239,-3.50305070501187));
#4480=CARTESIAN_POINT('Ctrl Pts',(7.70683313456894,0.390380186718444,-3.50863970275107));
#4481=CARTESIAN_POINT('Ctrl Pts',(7.71314156545816,0.395398409326135,-3.51365792535876));
#4482=CARTESIAN_POINT('Ctrl Pts',(7.71762098061097,0.396425196850393,-3.51468471288302));
#4483=CARTESIAN_POINT('Ctrl Pts',(7.71986497536353,0.396425196850393,-3.51468471288302));
#4484=CARTESIAN_POINT('Ctrl Pts',(7.70486497536353,0.382428741811971,-3.49767762295987));
#4485=CARTESIAN_POINT('Ctrl Pts',(7.70509078912482,0.385858413863664,-3.50091516087137));
#4486=CARTESIAN_POINT('Ctrl Pts',(7.70752331257152,0.391286035903816,-3.50623175995067));
#4487=CARTESIAN_POINT('Ctrl Pts',(7.7137865314017,0.395613913439727,-3.51085574899678));
#4488=CARTESIAN_POINT('Ctrl Pts',(7.71783938438452,0.396425196850393,-3.51177836440331));
#4489=CARTESIAN_POINT('Ctrl Pts',(7.71986497536353,0.396425196850393,-3.51177836440331));
#4490=CARTESIAN_POINT('Ctrl Pts',(7.70383805959357,0.384431901665666,-3.49367130325247));
#4491=CARTESIAN_POINT('Ctrl Pts',(7.70438033296014,0.388219698640026,-3.49665349833318));
#4492=CARTESIAN_POINT('Ctrl Pts',(7.70762747441416,0.393878087478713,-3.50143275435176));
#4493=CARTESIAN_POINT('Ctrl Pts',(7.7142915480432,0.397599504164131,-3.5052741737356));
#4494=CARTESIAN_POINT('Ctrl Pts',(7.71801262665482,0.39816248151547,-3.50599229038345));
#4495=CARTESIAN_POINT('Ctrl Pts',(7.71986497536353,0.39816248151547,-3.50599229038345));
#4496=CARTESIAN_POINT('Ctrl Pts',(7.69881978475262,0.387253024654998,-3.48802905727381));
#4497=CARTESIAN_POINT('Ctrl Pts',(7.6993868955122,0.392260328258029,-3.49082490883282));
#4498=CARTESIAN_POINT('Ctrl Pts',(7.70337581569068,0.399946527421326,-3.49521673870483));
#4499=CARTESIAN_POINT('Ctrl Pts',(7.71218111417418,0.405395451020408,-3.49854841887593));
#4500=CARTESIAN_POINT('Ctrl Pts',(7.71730931462316,0.4062881836289,-3.49913299963404));
#4501=CARTESIAN_POINT('Ctrl Pts',(7.71986497536353,0.4062881836289,-3.49913299963404));
#4502=CARTESIAN_POINT('Ctrl Pts',(7.69323096749238,0.388133400782894,-3.48626830501802));
#4503=CARTESIAN_POINT('Ctrl Pts',(7.69344738478141,0.39426225643715,-3.48932799448843));
#4504=CARTESIAN_POINT('Ctrl Pts',(7.69741353266901,0.404209441745038,-3.49431085269518));
#4505=CARTESIAN_POINT('Ctrl Pts',(7.70859850495373,0.41260097187233,-3.49849376768135));
#4506=CARTESIAN_POINT('Ctrl Pts',(7.71610878496958,0.414234125122735,-3.49931866718794));
#4507=CARTESIAN_POINT('Ctrl Pts',(7.71986497536353,0.414234125122735,-3.49931866718794));
#4508=CARTESIAN_POINT('Ctrl Pts',(7.68986497536353,0.388133400782894,-3.48626830501802));
#4509=CARTESIAN_POINT('Ctrl Pts',(7.68986497536353,0.394865385040587,-3.48963429714687));
#4510=CARTESIAN_POINT('Ctrl Pts',(7.69380129377434,0.406043380518996,-3.49522329488607));
#4511=CARTESIAN_POINT('Ctrl Pts',(7.70641815555279,0.416079825734378,-3.50024151749376));
#4512=CARTESIAN_POINT('Ctrl Pts',(7.7153769858584,0.418133400782893,-3.50126830501802));
#4513=CARTESIAN_POINT('Ctrl Pts',(7.71986497536353,0.418133400782893,-3.50126830501802));
#4514=CARTESIAN_POINT('',(7.71986497536353,0.418133400782893,-3.50126830501802));
#4515=CARTESIAN_POINT('',(7.68986497536353,0.388133400782893,-3.48626830501802));
#4516=CARTESIAN_POINT('Origin',(7.71986497536353,0.388133400782893,-3.48626830501802));
#4517=CARTESIAN_POINT('Origin',(7.68986497536353,0.381425196850393,-3.49968471288302));
#4518=CARTESIAN_POINT('Origin',(7.71986497536353,0.411425196850393,-3.51468471288302));
#4519=CARTESIAN_POINT('Origin',(7.68986497536353,0.480661874807659,-3.54930305186165));
#4520=CARTESIAN_POINT('',(7.68986497536353,0.298,-3.44120160462657));
#4521=CARTESIAN_POINT('Origin',(7.68986497536353,0.298,-3.45797211445782));
#4522=CARTESIAN_POINT('',(7.68986497536353,0.487370078740158,-3.53588664399665));
#4523=CARTESIAN_POINT('Ctrl Pts',(8.04986497536353,0.396425196850394,-3.51468471288302));
#4524=CARTESIAN_POINT('Ctrl Pts',(8.05323096749238,0.396425196850394,-3.51468471288302));
#4525=CARTESIAN_POINT('Ctrl Pts',(8.05881995709015,0.394457018527234,-3.51271653455986));
#4526=CARTESIAN_POINT('Ctrl Pts',(8.063838182041,0.388148597192663,-3.50640811322529));
#4527=CARTESIAN_POINT('Ctrl Pts',(8.06486497536353,0.383669191602958,-3.50192870763558));
#4528=CARTESIAN_POINT('Ctrl Pts',(8.06486497536353,0.381425196850394,-3.49968471288302));
#4529=CARTESIAN_POINT('Ctrl Pts',(8.04986497536353,0.396425196850394,-3.51177836440331));
#4530=CARTESIAN_POINT('Ctrl Pts',(8.05290336183205,0.396425196850394,-3.51177836440331));
#4531=CARTESIAN_POINT('Ctrl Pts',(8.05802774500693,0.394891986639007,-3.51001434141288));
#4532=CARTESIAN_POINT('Ctrl Pts',(8.06334996600561,0.389159649505255,-3.50411869871507));
#4533=CARTESIAN_POINT('Ctrl Pts',(8.06471443285601,0.384715189846433,-3.49983598156754));
#4534=CARTESIAN_POINT('Ctrl Pts',(8.06486497536353,0.382428741811971,-3.49767762295987));
#4535=CARTESIAN_POINT('Ctrl Pts',(8.04986497536353,0.398162484103627,-3.50599230322613));
#4536=CARTESIAN_POINT('Ctrl Pts',(8.05264349842661,0.398162484103627,-3.50599230322613));
#4537=CARTESIAN_POINT('Ctrl Pts',(8.05746608376768,0.397132587448723,-3.50462991747545));
#4538=CARTESIAN_POINT('Ctrl Pts',(8.06361330582754,0.391716434695168,-3.49955374190259));
#4539=CARTESIAN_POINT('Ctrl Pts',(8.06553037816958,0.386957097683057,-3.49565943723731));
#4540=CARTESIAN_POINT('Ctrl Pts',(8.0658918937473,0.38443189970015,-3.49367130718351));
#4541=CARTESIAN_POINT('Ctrl Pts',(8.04986497536353,0.406288184568634,-3.49913302462871));
#4542=CARTESIAN_POINT('Ctrl Pts',(8.0536984664741,0.406288184568634,-3.49913302462871));
#4543=CARTESIAN_POINT('Ctrl Pts',(8.06030417092397,0.404624688907816,-3.49803081993758));
#4544=CARTESIAN_POINT('Ctrl Pts',(8.0682242870918,0.396977321322828,-3.49350366558884));
#4545=CARTESIAN_POINT('Ctrl Pts',(8.07053209582165,0.390591223224743,-3.4898929659777));
#4546=CARTESIAN_POINT('Ctrl Pts',(8.07091016966136,0.387253020822722,-3.48802906493836));
#4547=CARTESIAN_POINT('Ctrl Pts',(8.04986497536353,0.414234125122735,-3.49931866718794));
#4548=CARTESIAN_POINT('Ctrl Pts',(8.05549926095447,0.414234125122735,-3.49931866718794));
#4549=CARTESIAN_POINT('Ctrl Pts',(8.06495079370118,0.411120817960818,-3.49775024338675));
#4550=CARTESIAN_POINT('Ctrl Pts',(8.0741992757862,0.400274272633404,-3.49234062880609));
#4551=CARTESIAN_POINT('Ctrl Pts',(8.076354705042,0.392219304552396,-3.4883080979983));
#4552=CARTESIAN_POINT('Ctrl Pts',(8.07649898323469,0.388133400782892,-3.48626830501802));
#4553=CARTESIAN_POINT('Ctrl Pts',(8.04986497536353,0.418133400782893,-3.50126830501802));
#4554=CARTESIAN_POINT('Ctrl Pts',(8.05659695962122,0.418133400782893,-3.50126830501802));
#4555=CARTESIAN_POINT('Ctrl Pts',(8.06777493881677,0.414197044136572,-3.49930012669486));
#4556=CARTESIAN_POINT('Ctrl Pts',(8.07781138871846,0.401580201467431,-3.49299170536029));
#4557=CARTESIAN_POINT('Ctrl Pts',(8.07986497536353,0.39262139028802,-3.48851229977059));
#4558=CARTESIAN_POINT('Ctrl Pts',(8.07986497536353,0.388133400782892,-3.48626830501802));
#4559=CARTESIAN_POINT('',(8.07986497536353,0.388133400782893,-3.48626830501802));
#4560=CARTESIAN_POINT('Origin',(8.07986497536353,0.381425196850394,-3.49968471288302));
#4561=CARTESIAN_POINT('',(8.04986497536353,0.418133400782893,-3.50126830501802));
#4562=CARTESIAN_POINT('Origin',(8.04986497536353,0.388133400782893,-3.48626830501802));
#4563=CARTESIAN_POINT('Origin',(8.04986497536353,0.411425196850394,-3.51468471288302));
#4564=CARTESIAN_POINT('Origin',(8.07986497536353,0.441291796067502,-3.52961801249157));
#4565=CARTESIAN_POINT('',(8.07986497536353,0.298,-3.44120160462657));
#4566=CARTESIAN_POINT('Origin',(8.07986497536353,0.298,-3.45797211445782));
#4567=CARTESIAN_POINT('',(8.07986497536353,0.448000000000001,-3.51620160462658));
#4568=CARTESIAN_POINT('Origin',(7.3963777447963,0.411425196850393,-3.51468471288302));
#4569=CARTESIAN_POINT('',(7.3963777447963,0.418133400782893,-3.50126830501802));
#4570=CARTESIAN_POINT('Origin',(6.72789051422907,0.398,-3.49120160462658));
#4571=CARTESIAN_POINT('',(8.18171536906432,0.298,-3.44120160462657));
#4572=CARTESIAN_POINT('',(7.20436302393289,0.298,-3.44120160462658));
#4573=CARTESIAN_POINT('',(8.09171536906432,0.478,-3.53120160462658));
#4574=CARTESIAN_POINT('',(8.18171536906432,0.298,-3.44120160462657));
#4575=CARTESIAN_POINT('',(7.67801458166274,0.478,-3.53120160462658));
#4576=CARTESIAN_POINT('',(7.3063777447963,0.478,-3.53120160462658));
#4577=CARTESIAN_POINT('',(7.58801458166274,0.298,-3.44120160462657));
#4578=CARTESIAN_POINT('',(7.68801458166274,0.498,-3.54120160462658));
#4579=CARTESIAN_POINT('',(7.20436302393289,0.298,-3.44120160462658));
#4580=CARTESIAN_POINT('Origin',(8.13171536906432,0.398,-3.53632999284664));
#4581=CARTESIAN_POINT('',(8.18171536906432,0.298,-3.62968705047709));
#4582=CARTESIAN_POINT('',(8.09171536906432,0.478,-3.66376579873661));
#4583=CARTESIAN_POINT('Origin',(7.63801458166275,0.398,-3.78632999284664));
#4584=CARTESIAN_POINT('',(7.67801458166274,0.478,-3.78876579873661));
#4585=CARTESIAN_POINT('',(7.58801458166274,0.298,-3.75468705047709));
#4586=CARTESIAN_POINT('Origin',(7.88486497536353,0.478,-3.79120160462658));
#4587=CARTESIAN_POINT('Origin',(7.20000716513182,0.321042572472503,-4.69672815193829));
#4588=CARTESIAN_POINT('',(7.18848587889557,0.298,-4.68172815193829));
#4589=CARTESIAN_POINT('',(7.17171536906432,0.298,-4.69672815193829));
#4590=CARTESIAN_POINT('Origin',(7.18848587889557,0.298,-4.69672815193829));
#4591=CARTESIAN_POINT('',(7.23019847732077,0.381425196850393,-4.68172815193829));
#4592=CARTESIAN_POINT('',(7.20000716513182,0.321042572472503,-4.68172815193829));
#4593=CARTESIAN_POINT('',(7.21678206945577,0.388133400782893,-4.69672815193829));
#4594=CARTESIAN_POINT('Origin',(7.23019847732077,0.381425196850394,-4.69672815193829));
#4595=CARTESIAN_POINT('',(7.18659075726682,0.327750776405003,-4.69672815193829));
#4596=CARTESIAN_POINT('Ctrl Pts',(7.23019847732077,0.381425196850394,-4.68172815193829));
#4597=CARTESIAN_POINT('Ctrl Pts',(7.23356446944961,0.38479118897924,-4.68172815193829));
#4598=CARTESIAN_POINT('Ctrl Pts',(7.23915345113028,0.390380170659906,-4.67975995503324));
#4599=CARTESIAN_POINT('Ctrl Pts',(7.24417167836095,0.395398397890574,-4.67345154297433));
#4600=CARTESIAN_POINT('Ctrl Pts',(7.24519847732077,0.396425196850394,-4.66897214669085));
#4601=CARTESIAN_POINT('Ctrl Pts',(7.24519847732077,0.396425196850394,-4.66672815193829));
#4602=CARTESIAN_POINT('Ctrl Pts',(7.22819138739761,0.382428741811971,-4.68172815193829));
#4603=CARTESIAN_POINT('Ctrl Pts',(7.23142892530912,0.385858413863664,-4.681502338177));
#4604=CARTESIAN_POINT('Ctrl Pts',(7.23674550674289,0.391286009837522,-4.67906975630479));
#4605=CARTESIAN_POINT('Ctrl Pts',(7.24136950257567,0.395613900634238,-4.67280656577088));
#4606=CARTESIAN_POINT('Ctrl Pts',(7.24229212884106,0.396425196850394,-4.6687537429173));
#4607=CARTESIAN_POINT('Ctrl Pts',(7.24229212884106,0.396425196850394,-4.66672815193829));
#4608=CARTESIAN_POINT('Ctrl Pts',(7.2241850754338,0.38443189779388,-4.68275507285614));
#4609=CARTESIAN_POINT('Ctrl Pts',(7.2271672705145,0.388219694768241,-4.68221279948957));
#4610=CARTESIAN_POINT('Ctrl Pts',(7.23194651686543,0.393878051839481,-4.67896557830484));
#4611=CARTESIAN_POINT('Ctrl Pts',(7.23578794568583,0.397599497621115,-4.67230154435807));
#4612=CARTESIAN_POINT('Ctrl Pts',(7.23650608011943,0.39816248661107,-4.66858050064701));
#4613=CARTESIAN_POINT('Ctrl Pts',(7.23650608011943,0.39816248661107,-4.66672815193829));
#4614=CARTESIAN_POINT('Ctrl Pts',(7.2185428368061,0.387253017107727,-4.68777334981091));
#4615=CARTESIAN_POINT('Ctrl Pts',(7.22133868836511,0.392260320710759,-4.68720623905134));
#4616=CARTESIAN_POINT('Ctrl Pts',(7.22573051751193,0.39994648101405,-4.68321723071447));
#4617=CARTESIAN_POINT('Ctrl Pts',(7.22906221381008,0.405395437681767,-4.6744119797061));
#4618=CARTESIAN_POINT('Ctrl Pts',(7.22964681329624,0.406288185481656,-4.66928381267867));
#4619=CARTESIAN_POINT('Ctrl Pts',(7.22964681329624,0.406288185481656,-4.66672815193829));
#4620=CARTESIAN_POINT('Ctrl Pts',(7.21678206945577,0.388133400782893,-4.69336215980944));
#4621=CARTESIAN_POINT('Ctrl Pts',(7.21984175892618,0.394262256437149,-4.69314574252041));
#4622=CARTESIAN_POINT('Ctrl Pts',(7.22482459499306,0.404209418588228,-4.68917948088135));
#4623=CARTESIAN_POINT('Ctrl Pts',(7.22900750989185,0.412600960477923,-4.67799455874953));
#4624=CARTESIAN_POINT('Ctrl Pts',(7.22983243162569,0.414234125122735,-4.67048434233225));
#4625=CARTESIAN_POINT('Ctrl Pts',(7.22983243162569,0.414234125122735,-4.66672815193829));
#4626=CARTESIAN_POINT('Ctrl Pts',(7.21678206945577,0.388133400782893,-4.69672815193829));
#4627=CARTESIAN_POINT('Ctrl Pts',(7.22014806158461,0.394865385040585,-4.69672815193829));
#4628=CARTESIAN_POINT('Ctrl Pts',(7.22573704326528,0.406043348401918,-4.69279175812819));
#4629=CARTESIAN_POINT('Ctrl Pts',(7.23075527049595,0.416079802863254,-4.68017493401037));
#4630=CARTESIAN_POINT('Ctrl Pts',(7.23178206945577,0.418133400782893,-4.67121614144342));
#4631=CARTESIAN_POINT('Ctrl Pts',(7.23178206945577,0.418133400782893,-4.66672815193829));
#4632=CARTESIAN_POINT('',(7.24519847732077,0.396425196850394,-4.66672815193829));
#4633=CARTESIAN_POINT('',(7.23178206945577,0.418133400782893,-4.66672815193829));
#4634=CARTESIAN_POINT('Origin',(7.24519847732077,0.411425196850394,-4.66672815193829));
#4635=CARTESIAN_POINT('Origin',(7.21678206945577,0.388133400782893,-4.66672815193829));
#4636=CARTESIAN_POINT('Origin',(7.23019847732077,0.381425196850393,-4.66672815193829));
#4637=CARTESIAN_POINT('Origin',(7.24519847732077,0.411425196850393,-4.06245351979626));
#4638=CARTESIAN_POINT('',(7.24519847732077,0.396425196850393,-4.33672815193829));
#4639=CARTESIAN_POINT('',(7.23178206945577,0.418133400782893,-4.33672815193829));
#4640=CARTESIAN_POINT('Origin',(7.24519847732077,0.411425196850393,-4.33672815193829));
#4641=CARTESIAN_POINT('',(7.23178206945577,0.418133400782893,-4.06245351979626));
#4642=CARTESIAN_POINT('',(7.24519847732077,0.396425196850393,-4.06245351979626));
#4643=CARTESIAN_POINT('Ctrl Pts',(7.24519847732077,0.396425196850393,-4.33672815193829));
#4644=CARTESIAN_POINT('Ctrl Pts',(7.24519847732077,0.396425196850393,-4.33336215980944));
#4645=CARTESIAN_POINT('Ctrl Pts',(7.24323029854135,0.394457018070974,-4.32777317040602));
#4646=CARTESIAN_POINT('Ctrl Pts',(7.23692187743467,0.38814859696429,-4.32275494539923));
#4647=CARTESIAN_POINT('Ctrl Pts',(7.23244247207333,0.383669191602957,-4.32172815193829));
#4648=CARTESIAN_POINT('Ctrl Pts',(7.23019847732077,0.381425196850393,-4.32172815193829));
#4649=CARTESIAN_POINT('Ctrl Pts',(7.24229212884106,0.396425196850393,-4.33672815193829));
#4650=CARTESIAN_POINT('Ctrl Pts',(7.24229212884106,0.396425196850393,-4.33368976546977));
#4651=CARTESIAN_POINT('Ctrl Pts',(7.24052810549117,0.39489198649322,-4.32856538215359));
#4652=CARTESIAN_POINT('Ctrl Pts',(7.23463246297223,0.38915964943761,-4.32324316131206));
#4653=CARTESIAN_POINT('Ctrl Pts',(7.23034974600528,0.384715189846433,-4.32187869444581));
#4654=CARTESIAN_POINT('Ctrl Pts',(7.22819138739761,0.38242874181197,-4.32172815193829));
#4655=CARTESIAN_POINT('Ctrl Pts',(7.23650606797004,0.398162484165291,-4.33672815193829));
#4656=CARTESIAN_POINT('Ctrl Pts',(7.23650606797004,0.398162484165291,-4.33394962887522));
#4657=CARTESIAN_POINT('Ctrl Pts',(7.23514368187099,0.397132587874742,-4.32912704257031));
#4658=CARTESIAN_POINT('Ctrl Pts',(7.23006750641207,0.391716434900362,-4.3229798210894));
#4659=CARTESIAN_POINT('Ctrl Pts',(7.22617320176877,0.386957097636202,-4.32106274906995));
#4660=CARTESIAN_POINT('Ctrl Pts',(7.22418507171497,0.384431899653295,-4.32070123349223));
#4661=CARTESIAN_POINT('Ctrl Pts',(7.22964678966215,0.406288184591057,-4.33672815193829));
#4662=CARTESIAN_POINT('Ctrl Pts',(7.22964678966215,0.406288184591057,-4.33289466082773));
#4663=CARTESIAN_POINT('Ctrl Pts',(7.22854458475894,0.404624689146305,-4.32628895511065));
#4664=CARTESIAN_POINT('Ctrl Pts',(7.22401743036959,0.396977321402122,-4.31836883967261));
#4665=CARTESIAN_POINT('Ctrl Pts',(7.22040673059812,0.39059122313341,-4.3160610313923));
#4666=CARTESIAN_POINT('Ctrl Pts',(7.21854282955878,0.387253020731389,-4.31568295755258));
#4667=CARTESIAN_POINT('Ctrl Pts',(7.22983243162569,0.414234125122735,-4.33672815193829));
#4668=CARTESIAN_POINT('Ctrl Pts',(7.22983243162569,0.414234125122735,-4.33109386634736));
#4669=CARTESIAN_POINT('Ctrl Pts',(7.22826400720801,0.411120817632498,-4.32164233378907));
#4670=CARTESIAN_POINT('Ctrl Pts',(7.22285439297913,0.40027427250922,-4.31239385175275));
#4671=CARTESIAN_POINT('Ctrl Pts',(7.21882186243604,0.392219304552397,-4.31023842225982));
#4672=CARTESIAN_POINT('Ctrl Pts',(7.21678206945577,0.388133400782892,-4.31009414406714));
#4673=CARTESIAN_POINT('Ctrl Pts',(7.23178206945577,0.418133400782893,-4.33672815193829));
#4674=CARTESIAN_POINT('Ctrl Pts',(7.23178206945577,0.418133400782893,-4.3299961676806));
#4675=CARTESIAN_POINT('Ctrl Pts',(7.22981389067635,0.414197043224055,-4.31881818887375));
#4676=CARTESIAN_POINT('Ctrl Pts',(7.22350546956966,0.401580201010685,-4.30878173886016));
#4677=CARTESIAN_POINT('Ctrl Pts',(7.21902606420833,0.392621390288021,-4.30672815193829));
#4678=CARTESIAN_POINT('Ctrl Pts',(7.21678206945577,0.388133400782892,-4.30672815193829));
#4679=CARTESIAN_POINT('',(7.23019847732077,0.381425196850393,-4.32172815193829));
#4680=CARTESIAN_POINT('',(7.21678206945577,0.388133400782893,-4.30672815193829));
#4681=CARTESIAN_POINT('Origin',(7.23019847732077,0.381425196850393,-4.30672815193829));
#4682=CARTESIAN_POINT('Origin',(7.21678206945577,0.388133400782893,-4.33672815193829));
#4683=CARTESIAN_POINT('Origin',(7.23019847732077,0.381425196850393,-4.33672815193829));
#4684=CARTESIAN_POINT('Origin',(7.2196922045019,0.360412651212661,-4.30672815193829));
#4685=CARTESIAN_POINT('',(7.17171536906432,0.298,-4.30672815193829));
#4686=CARTESIAN_POINT('',(7.18848587889557,0.298,-4.32172815193829));
#4687=CARTESIAN_POINT('Origin',(7.18848587889557,0.298,-4.30672815193829));
#4688=CARTESIAN_POINT('',(7.2062757966369,0.367120855145161,-4.30672815193829));
#4689=CARTESIAN_POINT('',(7.2196922045019,0.360412651212661,-4.32172815193829));
#4690=CARTESIAN_POINT('Origin',(7.17109231007683,0.381425196850393,-4.33672815193829));
#4691=CARTESIAN_POINT('',(7.59760920182038,0.396425196850393,-4.33672815193829));
#4692=CARTESIAN_POINT('',(7.17109231007683,0.396425196850393,-4.33672815193829));
#4693=CARTESIAN_POINT('',(7.61260920182038,0.381425196850393,-4.32172815193829));
#4694=CARTESIAN_POINT('Origin',(7.61260920182038,0.381425196850393,-4.33672815193829));
#4695=CARTESIAN_POINT('',(7.17109231007683,0.381425196850393,-4.32172815193829));
#4696=CARTESIAN_POINT('Origin',(7.17109231007683,0.396425196850394,-4.68172815193829));
#4697=CARTESIAN_POINT('',(7.59760920182038,0.396425196850394,-4.66672815193829));
#4698=CARTESIAN_POINT('',(7.17109231007683,0.396425196850394,-4.66672815193829));
#4699=CARTESIAN_POINT('',(7.59760920182038,0.396425196850393,-4.01324092137106));
#4700=CARTESIAN_POINT('Origin',(7.17109231007683,0.381425196850393,-4.66672815193829));
#4701=CARTESIAN_POINT('',(7.61260920182038,0.381425196850394,-4.68172815193829));
#4702=CARTESIAN_POINT('',(7.17109231007683,0.381425196850393,-4.68172815193829));
#4703=CARTESIAN_POINT('Origin',(7.61260920182038,0.381425196850393,-4.66672815193829));
#4704=CARTESIAN_POINT('Origin',(7.17109231007683,0.298,-4.68172815193829));
#4705=CARTESIAN_POINT('',(7.65432180024558,0.298,-4.68172815193829));
#4706=CARTESIAN_POINT('',(7.42596392185677,0.298,-4.68172815193829));
#4707=CARTESIAN_POINT('',(7.58267590221183,0.441291796067502,-4.68172815193829));
#4708=CARTESIAN_POINT('Origin',(7.17109231007683,0.396425196850393,-4.32172815193829));
#4709=CARTESIAN_POINT('',(7.65432180024558,0.298,-4.32172815193829));
#4710=CARTESIAN_POINT('',(7.56299086284175,0.480661874807659,-4.32172815193829));
#4711=CARTESIAN_POINT('',(7.42596392185677,0.298,-4.32172815193829));
#4712=CARTESIAN_POINT('Origin',(7.20159075726682,0.357750776405003,-3.44317888765422));
#4713=CARTESIAN_POINT('',(7.17171536906432,0.298,-4.2048777582375));
#4714=CARTESIAN_POINT('',(7.17171536906432,0.298,-3.58311149788088));
#4715=CARTESIAN_POINT('',(7.26171536906432,0.478,-4.2948777582375));
#4716=CARTESIAN_POINT('',(7.15437592099946,0.263321103870278,-4.18753831017264));
#4717=CARTESIAN_POINT('',(7.26171536906432,0.478,-4.70857854563908));
#4718=CARTESIAN_POINT('',(7.26171536906432,0.478,-3.97245351979626));
#4719=CARTESIAN_POINT('',(7.17171536906432,0.298,-4.79857854563908));
#4720=CARTESIAN_POINT('',(7.35163413171347,0.657837525298302,-4.61865978298993));
#4721=CARTESIAN_POINT('',(7.17171536906432,0.298,-3.58311149788088));
#4722=CARTESIAN_POINT('Ctrl Pts',(7.61260920182038,0.381425196850393,-4.32172815193829));
#4723=CARTESIAN_POINT('Ctrl Pts',(7.60924320969154,0.38479118897924,-4.32172815193829));
#4724=CARTESIAN_POINT('Ctrl Pts',(7.60365422890042,0.390380169770359,-4.3236963509306));
#4725=CARTESIAN_POINT('Ctrl Pts',(7.59863600141352,0.395398397257259,-4.33000476194828));
#4726=CARTESIAN_POINT('Ctrl Pts',(7.59760920182038,0.396425196850393,-4.33448415718573));
#4727=CARTESIAN_POINT('Ctrl Pts',(7.59760920182038,0.396425196850393,-4.33672815193829));
#4728=CARTESIAN_POINT('Ctrl Pts',(7.61461629174354,0.382428741811971,-4.32172815193829));
#4729=CARTESIAN_POINT('Ctrl Pts',(7.61137875383203,0.385858413863664,-4.32195396569958));
#4730=CARTESIAN_POINT('Ctrl Pts',(7.60606217337549,0.391286008394383,-4.32438655080666));
#4731=CARTESIAN_POINT('Ctrl Pts',(7.60143817716707,0.395613899924315,-4.33064973977577));
#4732=CARTESIAN_POINT('Ctrl Pts',(7.60051555030009,0.396425196850393,-4.33470256095928));
#4733=CARTESIAN_POINT('Ctrl Pts',(7.60051555030009,0.396425196850393,-4.33672815193829));
#4734=CARTESIAN_POINT('Ctrl Pts',(7.61862260327961,0.384431897580009,-4.32070123073619));
#4735=CARTESIAN_POINT('Ctrl Pts',(7.61564040819891,0.388219694554369,-4.32124350410276));
#4736=CARTESIAN_POINT('Ctrl Pts',(7.61086116238486,0.393878049867877,-4.32449072970355));
#4737=CARTESIAN_POINT('Ctrl Pts',(7.60701973304274,0.397599497256101,-4.3311547614557));
#4738=CARTESIAN_POINT('Ctrl Pts',(7.60630159762429,0.398162486892223,-4.33487580322957));
#4739=CARTESIAN_POINT('Ctrl Pts',(7.60630159762429,0.398162486892223,-4.33672815193829));
#4740=CARTESIAN_POINT('Ctrl Pts',(7.62426484150167,0.387253016691037,-4.31568295366466));
#4741=CARTESIAN_POINT('Ctrl Pts',(7.62146898994267,0.392260320294069,-4.31625006442424));
#4742=CARTESIAN_POINT('Ctrl Pts',(7.61707716083879,0.399946478447535,-4.32023907764418));
#4743=CARTESIAN_POINT('Ctrl Pts',(7.6137454636503,0.405395436941266,-4.32904432602748));
#4744=CARTESIAN_POINT('Ctrl Pts',(7.61316086312719,0.406288185584189,-4.33417249119791));
#4745=CARTESIAN_POINT('Ctrl Pts',(7.61316086312719,0.406288185584189,-4.33672815193829));
#4746=CARTESIAN_POINT('Ctrl Pts',(7.62602560968538,0.388133400782893,-4.31009414406714));
#4747=CARTESIAN_POINT('Ctrl Pts',(7.62296592021497,0.394262256437149,-4.31031056135617));
#4748=CARTESIAN_POINT('Ctrl Pts',(7.61798308537538,0.404209417306168,-4.31427682929403));
#4749=CARTESIAN_POINT('Ctrl Pts',(7.61380017047945,0.412600959846232,-4.32546174865146));
#4750=CARTESIAN_POINT('Ctrl Pts',(7.61297524751546,0.414234125122734,-4.33297196154433));
#4751=CARTESIAN_POINT('Ctrl Pts',(7.61297524751546,0.414234125122734,-4.33672815193829));
#4752=CARTESIAN_POINT('Ctrl Pts',(7.62602560968538,0.388133400782893,-4.30672815193829));
#4753=CARTESIAN_POINT('Ctrl Pts',(7.62265961755654,0.394865385040585,-4.30672815193829));
#4754=CARTESIAN_POINT('Ctrl Pts',(7.61707063676542,0.406043346622824,-4.3106645499229));
#4755=CARTESIAN_POINT('Ctrl Pts',(7.61205240927852,0.416079801596623,-4.32328137195827));
#4756=CARTESIAN_POINT('Ctrl Pts',(7.61102560968538,0.418133400782892,-4.33224016243316));
#4757=CARTESIAN_POINT('Ctrl Pts',(7.61102560968538,0.418133400782892,-4.33672815193829));
#4758=CARTESIAN_POINT('',(7.61102560968538,0.418133400782893,-4.33672815193829));
#4759=CARTESIAN_POINT('',(7.62602560968538,0.388133400782893,-4.30672815193829));
#4760=CARTESIAN_POINT('Origin',(7.62602560968538,0.388133400782893,-4.33672815193829));
#4761=CARTESIAN_POINT('Origin',(7.61260920182038,0.381425196850393,-4.30672815193829));
#4762=CARTESIAN_POINT('Origin',(7.59760920182038,0.411425196850393,-4.33672815193829));
#4763=CARTESIAN_POINT('Origin',(7.56299086284175,0.480661874807659,-4.30672815193829));
#4764=CARTESIAN_POINT('',(7.67109231007683,0.298,-4.30672815193829));
#4765=CARTESIAN_POINT('Origin',(7.65432180024558,0.298,-4.30672815193829));
#4766=CARTESIAN_POINT('',(7.57640727070675,0.487370078740158,-4.30672815193829));
#4767=CARTESIAN_POINT('Ctrl Pts',(7.59760920182038,0.396425196850394,-4.66672815193829));
#4768=CARTESIAN_POINT('Ctrl Pts',(7.59760920182038,0.396425196850394,-4.67009414406714));
#4769=CARTESIAN_POINT('Ctrl Pts',(7.59957741840738,0.394456980263399,-4.67568311735785));
#4770=CARTESIAN_POINT('Ctrl Pts',(7.60588582065347,0.388148578017309,-4.68070134700583));
#4771=CARTESIAN_POINT('Ctrl Pts',(7.61036520706782,0.383669191602958,-4.68172815193829));
#4772=CARTESIAN_POINT('Ctrl Pts',(7.61260920182038,0.381425196850394,-4.68172815193829));
#4773=CARTESIAN_POINT('Ctrl Pts',(7.60051555030009,0.396425196850394,-4.66672815193829));
#4774=CARTESIAN_POINT('Ctrl Pts',(7.60051555030009,0.396425196850394,-4.66976653840681));
#4775=CARTESIAN_POINT('Ctrl Pts',(7.60227960343549,0.394891974413781,-4.67489093341469));
#4776=CARTESIAN_POINT('Ctrl Pts',(7.60817523115109,0.389159643824128,-4.68021314127248));
#4777=CARTESIAN_POINT('Ctrl Pts',(7.61245793313587,0.384715189846433,-4.68157760943077));
#4778=CARTESIAN_POINT('Ctrl Pts',(7.61461629174354,0.382428741811971,-4.68172815193829));
#4779=CARTESIAN_POINT('Ctrl Pts',(7.60630158585794,0.398162489258212,-4.66672815193829));
#4780=CARTESIAN_POINT('Ctrl Pts',(7.60630158585794,0.398162489258212,-4.66950667500137));
#4781=CARTESIAN_POINT('Ctrl Pts',(7.60766400081573,0.397132623174763,-4.67432934110259));
#4782=CARTESIAN_POINT('Ctrl Pts',(7.61274016683689,0.391716451929403,-4.68047651471305));
#4783=CARTESIAN_POINT('Ctrl Pts',(7.61663446962422,0.38695709376212,-4.68239355995562));
#4784=CARTESIAN_POINT('Ctrl Pts',(7.61862259967802,0.384431895779213,-4.68275507553334));
#4785=CARTESIAN_POINT('Ctrl Pts',(7.61316084024959,0.406288186448314,-4.66672815193829));
#4786=CARTESIAN_POINT('Ctrl Pts',(7.61316084024959,0.406288186448314,-4.67056164304886));
#4787=CARTESIAN_POINT('Ctrl Pts',(7.61426306270837,0.404624708924232,-4.67716745367617));
#4788=CARTESIAN_POINT('Ctrl Pts',(7.61879022043413,0.396977328011131,-4.68508750876906));
#4789=CARTESIAN_POINT('Ctrl Pts',(7.62240093344699,0.390591215585388,-4.6873952797482));
#4790=CARTESIAN_POINT('Ctrl Pts',(7.62426483448633,0.387253013183366,-4.68777335358792));
#4791=CARTESIAN_POINT('Ctrl Pts',(7.61297524751546,0.414234125122734,-4.66672815193829));
#4792=CARTESIAN_POINT('Ctrl Pts',(7.61297524751546,0.414234125122734,-4.67236243752922));
#4793=CARTESIAN_POINT('Ctrl Pts',(7.6145437230094,0.411120790434249,-4.68181395444596));
#4794=CARTESIAN_POINT('Ctrl Pts',(7.61995330813511,0.400274262195666,-4.69106243248742));
#4795=CARTESIAN_POINT('Ctrl Pts',(7.62398581670511,0.392219304552397,-4.69321788161676));
#4796=CARTESIAN_POINT('Ctrl Pts',(7.62602560968538,0.388133400782893,-4.69336215980944));
#4797=CARTESIAN_POINT('Ctrl Pts',(7.61102560968538,0.418133400782893,-4.66672815193829));
#4798=CARTESIAN_POINT('Ctrl Pts',(7.61102560968538,0.418133400782893,-4.67346013619598));
#4799=CARTESIAN_POINT('Ctrl Pts',(7.61299382627238,0.414196967608905,-4.68463808277741));
#4800=CARTESIAN_POINT('Ctrl Pts',(7.61930222851847,0.401580163116724,-4.69467454207336));
#4801=CARTESIAN_POINT('Ctrl Pts',(7.62378161493282,0.392621390288021,-4.69672815193829));
#4802=CARTESIAN_POINT('Ctrl Pts',(7.62602560968538,0.388133400782893,-4.69672815193829));
#4803=CARTESIAN_POINT('',(7.62602560968538,0.388133400782893,-4.69672815193829));
#4804=CARTESIAN_POINT('Origin',(7.61260920182038,0.381425196850394,-4.69672815193829));
#4805=CARTESIAN_POINT('',(7.61102560968538,0.418133400782893,-4.66672815193829));
#4806=CARTESIAN_POINT('Origin',(7.62602560968538,0.388133400782893,-4.66672815193829));
#4807=CARTESIAN_POINT('Origin',(7.59760920182038,0.411425196850394,-4.66672815193829));
#4808=CARTESIAN_POINT('Origin',(7.58267590221183,0.441291796067502,-4.69672815193829));
#4809=CARTESIAN_POINT('',(7.67109231007683,0.298,-4.69672815193829));
#4810=CARTESIAN_POINT('Origin',(7.65432180024558,0.298,-4.69672815193829));
#4811=CARTESIAN_POINT('',(7.59609231007683,0.448000000000001,-4.69672815193829));
#4812=CARTESIAN_POINT('Origin',(7.59760920182038,0.411425196850393,-4.01324092137106));
#4813=CARTESIAN_POINT('',(7.61102560968538,0.418133400782893,-4.01324092137106));
#4814=CARTESIAN_POINT('Origin',(7.62109231007683,0.398,-3.34475369080383));
#4815=CARTESIAN_POINT('',(7.67109231007683,0.298,-4.79857854563908));
#4816=CARTESIAN_POINT('',(7.67109231007683,0.298,-3.53389889945568));
#4817=CARTESIAN_POINT('',(7.58109231007683,0.478,-4.70857854563908));
#4818=CARTESIAN_POINT('',(7.67109231007683,0.298,-4.79857854563908));
#4819=CARTESIAN_POINT('',(7.58109231007683,0.478,-4.2948777582375));
#4820=CARTESIAN_POINT('',(7.58109231007683,0.478,-3.92324092137106));
#4821=CARTESIAN_POINT('',(7.67109231007683,0.298,-4.2048777582375));
#4822=CARTESIAN_POINT('',(7.57109231007683,0.498,-4.3048777582375));
#4823=CARTESIAN_POINT('',(7.67109231007683,0.298,-3.53389889945568));
#4824=CARTESIAN_POINT('Origin',(7.57596392185677,0.398,-4.74857854563908));
#4825=CARTESIAN_POINT('',(7.62839972774673,0.298,-4.79857854563908));
#4826=CARTESIAN_POINT('',(7.4485281159668,0.478,-4.70857854563908));
#4827=CARTESIAN_POINT('Origin',(7.32596392185677,0.398,-4.2548777582375));
#4828=CARTESIAN_POINT('',(7.3235281159668,0.478,-4.2948777582375));
#4829=CARTESIAN_POINT('',(7.50339972774673,0.298,-4.2048777582375));
#4830=CARTESIAN_POINT('Origin',(7.32109231007683,0.478,-4.50172815193829));
#4831=CARTESIAN_POINT('Origin',(7.6808355336367,0.298,-3.72304410810754));
#4832=CARTESIAN_POINT('',(8.19057875719658,0.298,-6.80889521169101));
#4833=CARTESIAN_POINT('',(7.67109231007683,0.298,-6.80889521169101));
#4834=CARTESIAN_POINT('',(7.67839972774673,0.298,-6.80889521169101));
#4835=CARTESIAN_POINT('',(7.67109231007683,0.298,-4.87977528762837));
#4836=CARTESIAN_POINT('',(7.67109231007683,0.298,-0.636575742794774));
#4837=CARTESIAN_POINT('',(7.59109231007683,0.298,-4.79977528762837));
#4838=CARTESIAN_POINT('Origin',(7.59109231007683,0.298,-4.87977528762837));
#4839=CARTESIAN_POINT('',(7.17109231007683,0.298,-4.79977528762837));
#4840=CARTESIAN_POINT('',(7.17109231007683,0.298,-4.79977528762837));
#4841=CARTESIAN_POINT('',(7.17109231007683,0.298,-4.20177528762837));
#4842=CARTESIAN_POINT('',(7.17109231007683,0.298,-4.50677528762837));
#4843=CARTESIAN_POINT('',(7.57109231007683,0.298,-4.20177528762837));
#4844=CARTESIAN_POINT('',(7.67109231007683,0.298,-4.20177528762837));
#4845=CARTESIAN_POINT('',(7.57109231007683,0.298,-3.07677528762837));
#4846=CARTESIAN_POINT('',(7.57109231007683,0.298,-4.25677528762837));
#4847=CARTESIAN_POINT('',(7.49109231007683,0.298,-2.99677528762837));
#4848=CARTESIAN_POINT('Origin',(7.49109231007683,0.298,-3.07677528762837));
#4849=CARTESIAN_POINT('',(7.17109231007683,0.298,-2.99677528762837));
#4850=CARTESIAN_POINT('',(7.67109231007683,0.298,-2.99677528762837));
#4851=CARTESIAN_POINT('',(7.17109231007683,0.298,-2.39677528762837));
#4852=CARTESIAN_POINT('',(7.17109231007683,0.298,-2.94677528762837));
#4853=CARTESIAN_POINT('',(7.49109231007683,0.298,-2.39677528762837));
#4854=CARTESIAN_POINT('',(7.17109231007683,0.298,-2.39677528762837));
#4855=CARTESIAN_POINT('',(7.57109231007683,0.298,-2.31677528762837));
#4856=CARTESIAN_POINT('Origin',(7.49109231007683,0.298,-2.31677528762837));
#4857=CARTESIAN_POINT('',(7.57109231007683,0.298,-1.31157574279477));
#4858=CARTESIAN_POINT('',(7.57109231007683,0.298,-0.636575742794774));
#4859=CARTESIAN_POINT('',(7.49109231007683,0.298,-1.23157574279477));
#4860=CARTESIAN_POINT('Origin',(7.49109231007683,0.298,-1.31157574279477));
#4861=CARTESIAN_POINT('',(7.17109231007683,0.298,-1.23157574279477));
#4862=CARTESIAN_POINT('',(7.17109231007683,0.298,-1.23157574279477));
#4863=CARTESIAN_POINT('',(7.17109231007683,0.298,-0.634575742794774));
#4864=CARTESIAN_POINT('',(7.17109231007683,0.298,-0.636575742794774));
#4865=CARTESIAN_POINT('',(8.11057875719658,0.298,-0.634575742794774));
#4866=CARTESIAN_POINT('',(7.67109231007683,0.298,-0.634575742794774));
#4867=CARTESIAN_POINT('',(8.19057875719658,0.298,-0.714575742794774));
#4868=CARTESIAN_POINT('Origin',(8.11057875719658,0.298,-0.714575742794774));
#4869=CARTESIAN_POINT('',(8.19057875719658,0.298,-13.04374677332));
#4870=CARTESIAN_POINT('',(7.68171536906432,0.298,-6.03872815193829));
#4871=CARTESIAN_POINT('',(7.69848587889557,0.298,-6.02372815193829));
#4872=CARTESIAN_POINT('Origin',(7.69848587889557,0.298,-6.03872815193829));
#4873=CARTESIAN_POINT('',(7.68171536906432,0.298,-6.14057854563908));
#4874=CARTESIAN_POINT('',(7.68171536906432,0.298,-4.25590425551219));
#4875=CARTESIAN_POINT('',(8.18109231007683,0.298,-6.14057854563908));
#4876=CARTESIAN_POINT('',(8.08596392185677,0.298,-6.14057854563908));
#4877=CARTESIAN_POINT('',(8.18109231007683,0.298,-6.03872815193829));
#4878=CARTESIAN_POINT('',(8.18109231007683,0.298,-4.68675369080383));
#4879=CARTESIAN_POINT('',(8.16432180024558,0.298,-6.02372815193829));
#4880=CARTESIAN_POINT('Origin',(8.16432180024558,0.298,-6.03872815193829));
#4881=CARTESIAN_POINT('',(7.88596392185677,0.298,-6.02372815193829));
#4882=CARTESIAN_POINT('',(7.69848587889557,0.298,-5.66372815193829));
#4883=CARTESIAN_POINT('',(7.68171536906432,0.298,-5.64872815193829));
#4884=CARTESIAN_POINT('Origin',(7.69848587889557,0.298,-5.64872815193829));
#4885=CARTESIAN_POINT('',(8.16432180024558,0.298,-5.66372815193829));
#4886=CARTESIAN_POINT('',(7.68109231007683,0.298,-5.66372815193829));
#4887=CARTESIAN_POINT('',(8.18109231007683,0.298,-5.64872815193829));
#4888=CARTESIAN_POINT('Origin',(8.16432180024558,0.298,-5.64872815193829));
#4889=CARTESIAN_POINT('',(8.18109231007683,0.298,-5.5468777582375));
#4890=CARTESIAN_POINT('',(8.18109231007683,0.298,-4.68675369080383));
#4891=CARTESIAN_POINT('',(7.68171536906432,0.298,-5.5468777582375));
#4892=CARTESIAN_POINT('',(7.83596392185677,0.298,-5.5468777582375));
#4893=CARTESIAN_POINT('',(7.68171536906432,0.298,-4.25590425551219));
#4894=CARTESIAN_POINT('',(8.03107875719657,0.298,-0.936575742794775));
#4895=CARTESIAN_POINT('Origin',(7.94057875719658,0.298,-0.936575742794775));
#4896=CARTESIAN_POINT('',(8.02481518017209,0.298,-4.50677528762837));
#4897=CARTESIAN_POINT('Origin',(7.93431518017209,0.298,-4.50677528762837));
#4898=CARTESIAN_POINT('Origin',(7.67596392185677,0.28219429461242,-6.79546036211157));
#4899=CARTESIAN_POINT('',(8.19057875719658,0.0979999999999998,-6.63889521169101));
#4900=CARTESIAN_POINT('',(8.19057875719658,-1.2908815315216,-5.45834590989765));
#4901=CARTESIAN_POINT('',(7.67109231007683,0.0979999999999998,-6.63889521169101));
#4902=CARTESIAN_POINT('',(7.67839972774673,0.0979999999999997,-6.63889521169101));
#4903=CARTESIAN_POINT('',(7.67109231007683,0.23219429461242,-6.75296036211157));
#4904=CARTESIAN_POINT('Origin',(7.67109231007683,0.0979999999999998,-6.8095124734203));
#4905=CARTESIAN_POINT('',(7.67109231007683,0.0979999999999998,-4.87977528762837));
#4906=CARTESIAN_POINT('',(7.67109231007683,0.0979999999999998,-0.636575742794774));
#4907=CARTESIAN_POINT('',(7.67109231007683,0.0979999999999998,-4.87977528762837));
#4908=CARTESIAN_POINT('Origin',(8.11057875719658,0.0979999999999998,-0.714575742794774));
#4909=CARTESIAN_POINT('',(8.11057875719658,0.0979999999999998,-0.634575742794774));
#4910=CARTESIAN_POINT('',(8.11057875719658,0.0979999999999998,-0.634575742794774));
#4911=CARTESIAN_POINT('',(8.19057875719658,0.0979999999999998,-0.714575742794774));
#4912=CARTESIAN_POINT('Origin',(8.11057875719658,0.0979999999999998,-0.714575742794774));
#4913=CARTESIAN_POINT('',(8.19057875719658,0.0979999999999998,-0.714575742794774));
#4914=CARTESIAN_POINT('Origin',(7.6808355336367,0.0979999999999998,-3.72304410810754));
#4915=CARTESIAN_POINT('',(8.19057875719658,0.0979999999999998,-13.04374677332));
#4916=CARTESIAN_POINT('',(7.17109231007683,0.0979999999999998,-0.634575742794774));
#4917=CARTESIAN_POINT('',(7.67109231007683,0.0979999999999998,-0.634575742794774));
#4918=CARTESIAN_POINT('',(7.17109231007683,0.0979999999999998,-1.23157574279477));
#4919=CARTESIAN_POINT('',(7.17109231007683,0.0979999999999998,-0.636575742794774));
#4920=CARTESIAN_POINT('',(7.49109231007683,0.0979999999999998,-1.23157574279477));
#4921=CARTESIAN_POINT('',(7.17109231007683,0.0979999999999998,-1.23157574279477));
#4922=CARTESIAN_POINT('',(7.57109231007683,0.0979999999999998,-1.31157574279477));
#4923=CARTESIAN_POINT('Origin',(7.49109231007683,0.0979999999999998,-1.31157574279477));
#4924=CARTESIAN_POINT('',(7.57109231007683,0.0979999999999998,-2.31677528762837));
#4925=CARTESIAN_POINT('',(7.57109231007683,0.0979999999999998,-0.636575742794774));
#4926=CARTESIAN_POINT('',(7.49109231007683,0.0979999999999998,-2.39677528762837));
#4927=CARTESIAN_POINT('Origin',(7.49109231007683,0.0979999999999998,-2.31677528762837));
#4928=CARTESIAN_POINT('',(7.17109231007683,0.0979999999999998,-2.39677528762837));
#4929=CARTESIAN_POINT('',(7.17109231007683,0.0979999999999998,-2.39677528762837));
#4930=CARTESIAN_POINT('',(7.17109231007683,0.0979999999999998,-2.99677528762837));
#4931=CARTESIAN_POINT('',(7.17109231007683,0.0979999999999998,-2.94677528762837));
#4932=CARTESIAN_POINT('',(7.49109231007683,0.0979999999999998,-2.99677528762837));
#4933=CARTESIAN_POINT('',(7.67109231007683,0.0979999999999998,-2.99677528762837));
#4934=CARTESIAN_POINT('',(7.57109231007683,0.0979999999999998,-3.07677528762837));
#4935=CARTESIAN_POINT('Origin',(7.49109231007683,0.0979999999999998,-3.07677528762837));
#4936=CARTESIAN_POINT('',(7.57109231007683,0.0979999999999998,-4.20177528762837));
#4937=CARTESIAN_POINT('',(7.57109231007683,0.0979999999999998,-4.25677528762837));
#4938=CARTESIAN_POINT('',(7.17109231007683,0.0979999999999998,-4.20177528762837));
#4939=CARTESIAN_POINT('',(7.67109231007683,0.0979999999999998,-4.20177528762837));
#4940=CARTESIAN_POINT('',(7.17109231007683,0.0979999999999998,-4.79977528762837));
#4941=CARTESIAN_POINT('',(7.17109231007683,0.0979999999999998,-4.50677528762837));
#4942=CARTESIAN_POINT('',(7.59109231007683,0.0979999999999998,-4.79977528762837));
#4943=CARTESIAN_POINT('',(7.17109231007683,0.0979999999999998,-4.79977528762837));
#4944=CARTESIAN_POINT('Origin',(7.59109231007683,0.0979999999999998,-4.87977528762837));
#4945=CARTESIAN_POINT('',(8.03107875719657,0.0979999999999998,-0.936575742794775));
#4946=CARTESIAN_POINT('Origin',(7.94057875719658,0.0979999999999998,-0.936575742794775));
#4947=CARTESIAN_POINT('',(8.02481518017209,0.0979999999999998,-4.50677528762837));
#4948=CARTESIAN_POINT('Origin',(7.93431518017209,0.0979999999999998,-4.50677528762837));
#4949=CARTESIAN_POINT('Origin',(7.17109231007683,0.0979999999999998,-0.634575742794774));
#4950=CARTESIAN_POINT('',(7.17109231007683,0.0979999999999998,-0.634575742794774));
#4951=CARTESIAN_POINT('Origin',(7.59109231007683,0.0979999999999998,-4.87977528762837));
#4952=CARTESIAN_POINT('',(7.59109231007683,0.0979999999999998,-4.79977528762837));
#4953=CARTESIAN_POINT('Origin',(7.67109231007683,0.0979999999999998,-4.79977528762837));
#4954=CARTESIAN_POINT('',(7.17109231007683,0.0979999999999998,-4.79977528762837));
#4955=CARTESIAN_POINT('Origin',(7.49109231007683,0.0979999999999998,-3.07677528762837));
#4956=CARTESIAN_POINT('',(7.49109231007683,0.0979999999999998,-2.99677528762837));
#4957=CARTESIAN_POINT('',(7.57109231007683,0.0979999999999998,-3.07677528762837));
#4958=CARTESIAN_POINT('Origin',(7.67109231007683,0.0979999999999998,-2.99677528762837));
#4959=CARTESIAN_POINT('',(7.17109231007683,0.0979999999999998,-2.99677528762837));
#4960=CARTESIAN_POINT('Origin',(7.49109231007683,0.0979999999999998,-2.31677528762837));
#4961=CARTESIAN_POINT('',(7.57109231007683,0.0979999999999998,-2.31677528762837));
#4962=CARTESIAN_POINT('',(7.49109231007683,0.0979999999999998,-2.39677528762837));
#4963=CARTESIAN_POINT('Origin',(7.57109231007683,0.0979999999999998,-2.44677528762837));
#4964=CARTESIAN_POINT('',(7.57109231007683,0.0979999999999998,-1.31157574279477));
#4965=CARTESIAN_POINT('Origin',(7.49109231007683,0.0979999999999998,-1.31157574279477));
#4966=CARTESIAN_POINT('',(7.49109231007683,0.0979999999999998,-1.23157574279477));
#4967=CARTESIAN_POINT('Origin',(7.67109231007683,0.0979999999999998,-1.23157574279477));
#4968=CARTESIAN_POINT('',(7.17109231007683,0.0979999999999998,-1.23157574279477));
#4969=CARTESIAN_POINT('Origin',(7.94057875719658,0.0979999999999998,-0.936575742794775));
#4970=CARTESIAN_POINT('',(8.03107875719657,0.0979999999999998,-0.936575742794775));
#4971=CARTESIAN_POINT('Origin',(7.93431518017209,0.0979999999999998,-4.50677528762837));
#4972=CARTESIAN_POINT('',(8.02481518017209,0.0979999999999998,-4.50677528762837));
#4973=CARTESIAN_POINT('Origin',(7.17109231007683,0.0979999999999998,-4.20177528762837));
#4974=CARTESIAN_POINT('',(7.57109231007683,0.0979999999999998,-4.20177528762837));
#4975=CARTESIAN_POINT('',(7.17109231007683,0.0979999999999998,-4.20177528762837));
#4976=CARTESIAN_POINT('Origin',(7.17109231007683,0.0979999999999998,-4.75677528762837));
#4977=CARTESIAN_POINT('Origin',(8.19057875719658,0.0979999999999998,-0.636575742794774));
#4978=CARTESIAN_POINT('Origin',(7.17109231007683,0.0979999999999998,-1.13657574279477));
#4979=CARTESIAN_POINT('Origin',(7.17109231007683,0.0979999999999998,-2.39677528762837));
#4980=CARTESIAN_POINT('',(7.17109231007683,0.0979999999999998,-2.39677528762837));
#4981=CARTESIAN_POINT('Origin',(7.17109231007683,0.0979999999999998,-2.94677528762837));
#4982=CARTESIAN_POINT('Origin',(7.57109231007683,0.0979999999999998,-4.25677528762837));
#4983=CARTESIAN_POINT('Origin',(7.71000716513182,0.321042572472503,-6.03872815193829));
#4984=CARTESIAN_POINT('',(7.74019847732077,0.381425196850393,-6.02372815193829));
#4985=CARTESIAN_POINT('',(7.71000716513182,0.321042572472503,-6.02372815193829));
#4986=CARTESIAN_POINT('',(7.72678206945577,0.388133400782893,-6.03872815193829));
#4987=CARTESIAN_POINT('Origin',(7.74019847732077,0.381425196850394,-6.03872815193829));
#4988=CARTESIAN_POINT('',(7.69659075726682,0.327750776405003,-6.03872815193829));
#4989=CARTESIAN_POINT('Ctrl Pts',(7.74019847732077,0.381425196850394,-6.02372815193829));
#4990=CARTESIAN_POINT('Ctrl Pts',(7.74356446944961,0.38479118897924,-6.02372815193829));
#4991=CARTESIAN_POINT('Ctrl Pts',(7.749153414966,0.390380134495622,-6.02175987026638));
#4992=CARTESIAN_POINT('Ctrl Pts',(7.7541716526259,0.395398372155526,-6.01545150038276));
#4993=CARTESIAN_POINT('Ctrl Pts',(7.75519847732077,0.396425196850394,-6.01097214669085));
#4994=CARTESIAN_POINT('Ctrl Pts',(7.75519847732077,0.396425196850394,-6.00872815193829));
#4995=CARTESIAN_POINT('Ctrl Pts',(7.73819138739761,0.382428741811971,-6.02372815193829));
#4996=CARTESIAN_POINT('Ctrl Pts',(7.74142892530912,0.385858413863664,-6.023502338177));
#4997=CARTESIAN_POINT('Ctrl Pts',(7.74674546703328,0.391285951232052,-6.02106962492138));
#4998=CARTESIAN_POINT('Ctrl Pts',(7.75136947811125,0.395613871724409,-6.01480649778374));
#4999=CARTESIAN_POINT('Ctrl Pts',(7.75229212884106,0.396425196850394,-6.0107537429173));
#5000=CARTESIAN_POINT('Ctrl Pts',(7.75229212884106,0.396425196850394,-6.00872815193829));
#5001=CARTESIAN_POINT('Ctrl Pts',(7.73418509272241,0.384431889149571,-6.02475508433603));
#5002=CARTESIAN_POINT('Ctrl Pts',(7.73716728780312,0.388219686123931,-6.02421281096946));
#5003=CARTESIAN_POINT('Ctrl Pts',(7.74194651221427,0.393877971901314,-6.02096541029539));
#5004=CARTESIAN_POINT('Ctrl Pts',(7.74578796216047,0.397599482567362,-6.01430146527555));
#5005=CARTESIAN_POINT('Ctrl Pts',(7.74650613660088,0.398162497948365,-6.01058050064701));
#5006=CARTESIAN_POINT('Ctrl Pts',(7.74650613660088,0.398162497948365,-6.00872815193829));
#5007=CARTESIAN_POINT('Ctrl Pts',(7.72854287045539,0.38725300028308,-6.0297733660092));
#5008=CARTESIAN_POINT('Ctrl Pts',(7.7313387220144,0.392260303886112,-6.02920625524963));
#5009=CARTESIAN_POINT('Ctrl Pts',(7.735730549183,0.39994637702126,-6.02521704842335));
#5010=CARTESIAN_POINT('Ctrl Pts',(7.73906228142745,0.405395407441807,-6.01641190373799));
#5011=CARTESIAN_POINT('Ctrl Pts',(7.73964692302951,0.406288189641693,-6.01128381267866));
#5012=CARTESIAN_POINT('Ctrl Pts',(7.73964692302951,0.406288189641693,-6.00872815193829));
#5013=CARTESIAN_POINT('Ctrl Pts',(7.72678206945577,0.388133400782893,-6.03536215980944));
#5014=CARTESIAN_POINT('Ctrl Pts',(7.72984175892618,0.394262256437149,-6.03514574252041));
#5015=CARTESIAN_POINT('Ctrl Pts',(7.73482454502506,0.404209366523919,-6.03117922500181));
#5016=CARTESIAN_POINT('Ctrl Pts',(7.73900745997382,0.412600934754194,-6.01999441534708));
#5017=CARTESIAN_POINT('Ctrl Pts',(7.73983243162569,0.414234125122735,-6.01248434233224));
#5018=CARTESIAN_POINT('Ctrl Pts',(7.73983243162569,0.414234125122735,-6.00872815193829));
#5019=CARTESIAN_POINT('Ctrl Pts',(7.72678206945577,0.388133400782893,-6.03872815193829));
#5020=CARTESIAN_POINT('Ctrl Pts',(7.73014806158462,0.394865385040585,-6.03872815193829));
#5021=CARTESIAN_POINT('Ctrl Pts',(7.735737007101,0.40604327607335,-6.03479158859447));
#5022=CARTESIAN_POINT('Ctrl Pts',(7.7407552447609,0.416079751393159,-6.02217484882723));
#5023=CARTESIAN_POINT('Ctrl Pts',(7.74178206945577,0.418133400782893,-6.01321614144342));
#5024=CARTESIAN_POINT('Ctrl Pts',(7.74178206945577,0.418133400782893,-6.00872815193829));
#5025=CARTESIAN_POINT('',(7.75519847732077,0.396425196850394,-6.00872815193829));
#5026=CARTESIAN_POINT('',(7.74178206945577,0.418133400782893,-6.00872815193829));
#5027=CARTESIAN_POINT('Origin',(7.75519847732077,0.411425196850394,-6.00872815193829));
#5028=CARTESIAN_POINT('Origin',(7.72678206945577,0.388133400782893,-6.00872815193829));
#5029=CARTESIAN_POINT('Origin',(7.74019847732077,0.381425196850393,-6.00872815193829));
#5030=CARTESIAN_POINT('Origin',(7.75519847732077,0.411425196850393,-5.40445351979626));
#5031=CARTESIAN_POINT('',(7.75519847732077,0.396425196850393,-5.67872815193829));
#5032=CARTESIAN_POINT('',(7.74178206945577,0.418133400782893,-5.67872815193829));
#5033=CARTESIAN_POINT('Origin',(7.75519847732077,0.411425196850393,-5.67872815193829));
#5034=CARTESIAN_POINT('',(7.74178206945577,0.418133400782893,-5.40445351979626));
#5035=CARTESIAN_POINT('',(7.75519847732077,0.396425196850393,-5.40445351979626));
#5036=CARTESIAN_POINT('Ctrl Pts',(7.75519847732077,0.396425196850393,-5.67872815193829));
#5037=CARTESIAN_POINT('Ctrl Pts',(7.75519847732077,0.396425196850393,-5.67536215980944));
#5038=CARTESIAN_POINT('Ctrl Pts',(7.75323020959196,0.39445692912158,-5.66977320833911));
#5039=CARTESIAN_POINT('Ctrl Pts',(7.74692183278651,0.388148552316138,-5.66475497239794));
#5040=CARTESIAN_POINT('Ctrl Pts',(7.74244247207333,0.383669191602957,-5.66372815193829));
#5041=CARTESIAN_POINT('Ctrl Pts',(7.74019847732077,0.381425196850393,-5.66372815193829));
#5042=CARTESIAN_POINT('Ctrl Pts',(7.75229212884106,0.396425196850393,-5.67872815193829));
#5043=CARTESIAN_POINT('Ctrl Pts',(7.75229212884106,0.396425196850393,-5.67568976546977));
#5044=CARTESIAN_POINT('Ctrl Pts',(7.75052803541477,0.394891958077307,-5.67056535469915));
#5045=CARTESIAN_POINT('Ctrl Pts',(7.74463242766763,0.389159636205196,-5.6652431642858));
#5046=CARTESIAN_POINT('Ctrl Pts',(7.74034974600528,0.384715189846433,-5.66387869444581));
#5047=CARTESIAN_POINT('Ctrl Pts',(7.73819138739761,0.38242874181197,-5.66372815193829));
#5048=CARTESIAN_POINT('Ctrl Pts',(7.7465061273484,0.398162496094841,-5.67872815193829));
#5049=CARTESIAN_POINT('Ctrl Pts',(7.7465061273484,0.398162496094841,-5.67594962887521));
#5050=CARTESIAN_POINT('Ctrl Pts',(7.74514367337783,0.397132670919446,-5.67112685505714));
#5051=CARTESIAN_POINT('Ctrl Pts',(7.74006752011324,0.391716475044615,-5.66497974587785));
#5052=CARTESIAN_POINT('Ctrl Pts',(7.73617321994408,0.386957088548547,-5.66306273699758));
#5053=CARTESIAN_POINT('Ctrl Pts',(7.73418508989027,0.38443189056564,-5.66270122141986));
#5054=CARTESIAN_POINT('Ctrl Pts',(7.73964690506925,0.406288188958007,-5.67872815193829));
#5055=CARTESIAN_POINT('Ctrl Pts',(7.73964690506925,0.406288188958007,-5.67489466082773));
#5056=CARTESIAN_POINT('Ctrl Pts',(7.73854465892058,0.404624735726821,-5.66828870858807));
#5057=CARTESIAN_POINT('Ctrl Pts',(7.73401749677178,0.396977337071051,-5.66036873472305));
#5058=CARTESIAN_POINT('Ctrl Pts',(7.7304067659873,0.39059120543882,-5.65806101435926));
#5059=CARTESIAN_POINT('Ctrl Pts',(7.72854286494796,0.387253003036799,-5.65768294051954));
#5060=CARTESIAN_POINT('Ctrl Pts',(7.73983243162569,0.414234125122735,-5.67872815193829));
#5061=CARTESIAN_POINT('Ctrl Pts',(7.73983243162569,0.414234125122735,-5.67309386634736));
#5062=CARTESIAN_POINT('Ctrl Pts',(7.73826388706815,0.411120753667866,-5.6636423706753));
#5063=CARTESIAN_POINT('Ctrl Pts',(7.73285434116409,0.400274248172662,-5.65439389790853));
#5064=CARTESIAN_POINT('Ctrl Pts',(7.72882186243604,0.392219304552397,-5.65223842225982));
#5065=CARTESIAN_POINT('Ctrl Pts',(7.72678206945577,0.388133400782892,-5.65209414406714));
#5066=CARTESIAN_POINT('Ctrl Pts',(7.74178206945577,0.418133400782893,-5.67872815193829));
#5067=CARTESIAN_POINT('Ctrl Pts',(7.74178206945577,0.418133400782893,-5.6719961676806));
#5068=CARTESIAN_POINT('Ctrl Pts',(7.73981380172696,0.414196865325267,-5.66081826473993));
#5069=CARTESIAN_POINT('Ctrl Pts',(7.73350542492151,0.401580111714382,-5.6507817928576));
#5070=CARTESIAN_POINT('Ctrl Pts',(7.72902606420833,0.392621390288021,-5.64872815193829));
#5071=CARTESIAN_POINT('Ctrl Pts',(7.72678206945577,0.388133400782892,-5.64872815193829));
#5072=CARTESIAN_POINT('',(7.74019847732077,0.381425196850393,-5.66372815193829));
#5073=CARTESIAN_POINT('',(7.72678206945577,0.388133400782893,-5.64872815193829));
#5074=CARTESIAN_POINT('Origin',(7.74019847732077,0.381425196850393,-5.64872815193829));
#5075=CARTESIAN_POINT('Origin',(7.72678206945577,0.388133400782893,-5.67872815193829));
#5076=CARTESIAN_POINT('Origin',(7.74019847732077,0.381425196850393,-5.67872815193829));
#5077=CARTESIAN_POINT('Origin',(7.7296922045019,0.360412651212661,-5.64872815193829));
#5078=CARTESIAN_POINT('',(7.7162757966369,0.367120855145161,-5.64872815193829));
#5079=CARTESIAN_POINT('',(7.7296922045019,0.360412651212661,-5.66372815193829));
#5080=CARTESIAN_POINT('Origin',(7.68109231007683,0.381425196850393,-5.67872815193829));
#5081=CARTESIAN_POINT('',(8.10760920182038,0.396425196850393,-5.67872815193829));
#5082=CARTESIAN_POINT('',(7.68109231007683,0.396425196850393,-5.67872815193829));
#5083=CARTESIAN_POINT('',(8.12260920182039,0.381425196850393,-5.66372815193829));
#5084=CARTESIAN_POINT('Origin',(8.12260920182039,0.381425196850393,-5.67872815193829));
#5085=CARTESIAN_POINT('',(7.68109231007683,0.381425196850393,-5.66372815193829));
#5086=CARTESIAN_POINT('Origin',(7.68109231007683,0.396425196850394,-6.02372815193829));
#5087=CARTESIAN_POINT('',(8.10760920182038,0.396425196850394,-6.00872815193829));
#5088=CARTESIAN_POINT('',(7.68109231007683,0.396425196850394,-6.00872815193829));
#5089=CARTESIAN_POINT('',(8.10760920182038,0.396425196850393,-5.35524092137106));
#5090=CARTESIAN_POINT('Origin',(7.68109231007683,0.381425196850393,-6.00872815193829));
#5091=CARTESIAN_POINT('',(8.12260920182039,0.381425196850394,-6.02372815193829));
#5092=CARTESIAN_POINT('',(7.68109231007683,0.381425196850393,-6.02372815193829));
#5093=CARTESIAN_POINT('Origin',(8.12260920182039,0.381425196850393,-6.00872815193829));
#5094=CARTESIAN_POINT('Origin',(7.68109231007683,0.298,-6.02372815193829));
#5095=CARTESIAN_POINT('',(8.09267590221183,0.441291796067502,-6.02372815193829));
#5096=CARTESIAN_POINT('Origin',(7.68109231007683,0.396425196850393,-5.66372815193829));
#5097=CARTESIAN_POINT('',(8.07299086284175,0.480661874807659,-5.66372815193829));
#5098=CARTESIAN_POINT('Origin',(7.71159075726682,0.357750776405003,-4.78517888765422));
#5099=CARTESIAN_POINT('',(7.77171536906432,0.478,-5.6368777582375));
#5100=CARTESIAN_POINT('',(7.66437592099946,0.263321103870278,-5.52953831017264));
#5101=CARTESIAN_POINT('',(7.77171536906432,0.478,-6.05057854563908));
#5102=CARTESIAN_POINT('',(7.77171536906432,0.478,-5.31445351979626));
#5103=CARTESIAN_POINT('',(7.86163413171347,0.657837525298302,-5.96065978298993));
#5104=CARTESIAN_POINT('Ctrl Pts',(8.12260920182039,0.381425196850393,-5.66372815193829));
#5105=CARTESIAN_POINT('Ctrl Pts',(8.11924320969154,0.38479118897924,-5.66372815193829));
#5106=CARTESIAN_POINT('Ctrl Pts',(8.11365426486333,0.39038013380744,-5.66569643522148));
#5107=CARTESIAN_POINT('Ctrl Pts',(8.10863602700473,0.395398371666047,-5.67200480430559));
#5108=CARTESIAN_POINT('Ctrl Pts',(8.10760920182038,0.396425196850393,-5.67648415718573));
#5109=CARTESIAN_POINT('Ctrl Pts',(8.10760920182038,0.396425196850393,-5.67872815193829));
#5110=CARTESIAN_POINT('Ctrl Pts',(8.12461629174354,0.382428741811971,-5.66372815193829));
#5111=CARTESIAN_POINT('Ctrl Pts',(8.12137875383203,0.385858413863664,-5.66395396569958));
#5112=CARTESIAN_POINT('Ctrl Pts',(8.11606221286314,0.391285950118109,-5.66638668145279));
#5113=CARTESIAN_POINT('Ctrl Pts',(8.11143820149558,0.395613871173328,-5.67264980738838));
#5114=CARTESIAN_POINT('Ctrl Pts',(8.11051555030009,0.396425196850393,-5.67670256095928));
#5115=CARTESIAN_POINT('Ctrl Pts',(8.11051555030009,0.396425196850393,-5.67872815193829));
#5116=CARTESIAN_POINT('Ctrl Pts',(8.12862258609175,0.384431888986075,-5.6627012193236));
#5117=CARTESIAN_POINT('Ctrl Pts',(8.12564039101104,0.388219685960435,-5.66324349269017));
#5118=CARTESIAN_POINT('Ctrl Pts',(8.12086116701963,0.39387797038442,-5.66649089677892));
#5119=CARTESIAN_POINT('Ctrl Pts',(8.11701971667308,0.397599482276683,-5.67315484011235));
#5120=CARTESIAN_POINT('Ctrl Pts',(8.116301541472,0.398162498162275,-5.67687580322957));
#5121=CARTESIAN_POINT('Ctrl Pts',(8.116301541472,0.398162498162275,-5.67872815193829));
#5122=CARTESIAN_POINT('Ctrl Pts',(8.13426480805001,0.387252999965204,-5.6576829375612));
#5123=CARTESIAN_POINT('Ctrl Pts',(8.131468956491,0.392260303568236,-5.65825004832077));
#5124=CARTESIAN_POINT('Ctrl Pts',(8.12707712936463,0.399946375049208,-5.66223925892357));
#5125=CARTESIAN_POINT('Ctrl Pts',(8.12374539644108,0.405395406863702,-5.67104440159353));
#5126=CARTESIAN_POINT('Ctrl Pts',(8.12316075403839,0.406288189720684,-5.67617249119791));
#5127=CARTESIAN_POINT('Ctrl Pts',(8.12316075403839,0.406288189720684,-5.67872815193829));
#5128=CARTESIAN_POINT('Ctrl Pts',(8.13602560968538,0.388133400782893,-5.65209414406714));
#5129=CARTESIAN_POINT('Ctrl Pts',(8.13296592021497,0.394262256437149,-5.65231056135617));
#5130=CARTESIAN_POINT('Ctrl Pts',(8.12798313506838,0.404209365534303,-5.65627708374012));
#5131=CARTESIAN_POINT('Ctrl Pts',(8.1238002201154,0.412600934263851,-5.66746189126069));
#5132=CARTESIAN_POINT('Ctrl Pts',(8.12297524751546,0.414234125122734,-5.67497196154433));
#5133=CARTESIAN_POINT('Ctrl Pts',(8.12297524751546,0.414234125122734,-5.67872815193829));
#5134=CARTESIAN_POINT('Ctrl Pts',(8.13602560968538,0.388133400782893,-5.64872815193829));
#5135=CARTESIAN_POINT('Ctrl Pts',(8.13265961755654,0.394865385040585,-5.64872815193829));
#5136=CARTESIAN_POINT('Ctrl Pts',(8.12707067272834,0.406043274696987,-5.65266471850467));
#5137=CARTESIAN_POINT('Ctrl Pts',(8.12205243486973,0.416079750414199,-5.6652814566729));
#5138=CARTESIAN_POINT('Ctrl Pts',(8.12102560968538,0.418133400782892,-5.67424016243316));
#5139=CARTESIAN_POINT('Ctrl Pts',(8.12102560968538,0.418133400782892,-5.67872815193829));
#5140=CARTESIAN_POINT('',(8.12102560968538,0.418133400782893,-5.67872815193829));
#5141=CARTESIAN_POINT('',(8.13602560968538,0.388133400782893,-5.64872815193829));
#5142=CARTESIAN_POINT('Origin',(8.13602560968538,0.388133400782893,-5.67872815193829));
#5143=CARTESIAN_POINT('Origin',(8.12260920182039,0.381425196850393,-5.64872815193829));
#5144=CARTESIAN_POINT('Origin',(8.10760920182038,0.411425196850393,-5.67872815193829));
#5145=CARTESIAN_POINT('Origin',(8.07299086284175,0.480661874807659,-5.64872815193829));
#5146=CARTESIAN_POINT('',(8.08640727070675,0.487370078740158,-5.64872815193829));
#5147=CARTESIAN_POINT('Ctrl Pts',(8.10760920182038,0.396425196850394,-6.00872815193829));
#5148=CARTESIAN_POINT('Ctrl Pts',(8.10760920182038,0.396425196850394,-6.01209414406714));
#5149=CARTESIAN_POINT('Ctrl Pts',(8.10957749873281,0.394456899937967,-6.01768308307314));
#5150=CARTESIAN_POINT('Ctrl Pts',(8.11588586105744,0.388148537613338,-6.02270132261317));
#5151=CARTESIAN_POINT('Ctrl Pts',(8.12036520706782,0.383669191602958,-6.02372815193829));
#5152=CARTESIAN_POINT('Ctrl Pts',(8.12260920182039,0.381425196850394,-6.02372815193829));
#5153=CARTESIAN_POINT('Ctrl Pts',(8.11051555030009,0.396425196850394,-6.00872815193829));
#5154=CARTESIAN_POINT('Ctrl Pts',(8.11051555030009,0.396425196850394,-6.01176653840681));
#5155=CARTESIAN_POINT('Ctrl Pts',(8.11227966671822,0.394891948756696,-6.01689095814551));
#5156=CARTESIAN_POINT('Ctrl Pts',(8.11817526309904,0.389159631844434,-6.02221313866481));
#5157=CARTESIAN_POINT('Ctrl Pts',(8.12245793313587,0.384715189846433,-6.02357760943076));
#5158=CARTESIAN_POINT('Ctrl Pts',(8.12461629174354,0.382428741811971,-6.02372815193829));
#5159=CARTESIAN_POINT('Ctrl Pts',(8.11630153244389,0.398162499969303,-6.00872815193829));
#5160=CARTESIAN_POINT('Ctrl Pts',(8.11630153244389,0.398162499969303,-6.01150667500137));
#5161=CARTESIAN_POINT('Ctrl Pts',(8.11766400866431,0.397132698161973,-6.01632951017326));
#5162=CARTESIAN_POINT('Ctrl Pts',(8.12274015465449,0.391716488276088,-6.02247658275014));
#5163=CARTESIAN_POINT('Ctrl Pts',(8.12663445327448,0.38695708558725,-6.02439357080847));
#5164=CARTESIAN_POINT('Ctrl Pts',(8.12862258332828,0.384431887604343,-6.02475508638619));
#5165=CARTESIAN_POINT('Ctrl Pts',(8.12316073652024,0.406288190388718,-6.00872815193829));
#5166=CARTESIAN_POINT('Ctrl Pts',(8.12316073652024,0.406288190388718,-6.01256164304885));
#5167=CARTESIAN_POINT('Ctrl Pts',(8.12426299615787,0.404624751046689,-6.01916767594568));
#5168=CARTESIAN_POINT('Ctrl Pts',(8.12879016078479,0.396977342302255,-6.02708760366306));
#5169=CARTESIAN_POINT('Ctrl Pts',(8.13240090163881,0.390591199681293,-6.02939529506295));
#5170=CARTESIAN_POINT('Ctrl Pts',(8.13426480267814,0.387252997279272,-6.02977336890267));
#5171=CARTESIAN_POINT('Ctrl Pts',(8.12297524751546,0.414234125122734,-6.00872815193829));
#5172=CARTESIAN_POINT('Ctrl Pts',(8.12297524751546,0.414234125122734,-6.01436243752922));
#5173=CARTESIAN_POINT('Ctrl Pts',(8.12454383146994,0.411120732699885,-6.02381392103401));
#5174=CARTESIAN_POINT('Ctrl Pts',(8.12995335506695,0.400274240133821,-6.03306239085672));
#5175=CARTESIAN_POINT('Ctrl Pts',(8.13398581670511,0.392219304552397,-6.03521788161676));
#5176=CARTESIAN_POINT('Ctrl Pts',(8.13602560968538,0.388133400782893,-6.03536215980944));
#5177=CARTESIAN_POINT('Ctrl Pts',(8.12102560968538,0.418133400782893,-6.00872815193829));
#5178=CARTESIAN_POINT('Ctrl Pts',(8.12102560968538,0.418133400782893,-6.01546013619598));
#5179=CARTESIAN_POINT('Ctrl Pts',(8.12299390659781,0.41419680695804,-6.026638014208));
#5180=CARTESIAN_POINT('Ctrl Pts',(8.12930226892244,0.401580082308783,-6.03667449328806));
#5181=CARTESIAN_POINT('Ctrl Pts',(8.13378161493282,0.392621390288021,-6.03872815193829));
#5182=CARTESIAN_POINT('Ctrl Pts',(8.13602560968538,0.388133400782893,-6.03872815193829));
#5183=CARTESIAN_POINT('',(8.13602560968538,0.388133400782893,-6.03872815193829));
#5184=CARTESIAN_POINT('Origin',(8.12260920182039,0.381425196850394,-6.03872815193829));
#5185=CARTESIAN_POINT('',(8.12102560968538,0.418133400782893,-6.00872815193829));
#5186=CARTESIAN_POINT('Origin',(8.13602560968538,0.388133400782893,-6.00872815193829));
#5187=CARTESIAN_POINT('Origin',(8.10760920182038,0.411425196850394,-6.00872815193829));
#5188=CARTESIAN_POINT('Origin',(8.09267590221183,0.441291796067502,-6.03872815193829));
#5189=CARTESIAN_POINT('',(8.10609231007683,0.448000000000001,-6.03872815193829));
#5190=CARTESIAN_POINT('Origin',(8.10760920182038,0.411425196850393,-5.35524092137106));
#5191=CARTESIAN_POINT('',(8.12102560968538,0.418133400782893,-5.35524092137106));
#5192=CARTESIAN_POINT('Origin',(8.13109231007683,0.398,-4.68675369080383));
#5193=CARTESIAN_POINT('',(8.09109231007683,0.478,-6.05057854563908));
#5194=CARTESIAN_POINT('',(8.18109231007683,0.298,-6.14057854563908));
#5195=CARTESIAN_POINT('',(8.09109231007683,0.478,-5.6368777582375));
#5196=CARTESIAN_POINT('',(8.09109231007683,0.478,-5.26524092137106));
#5197=CARTESIAN_POINT('',(8.08109231007683,0.498,-5.6468777582375));
#5198=CARTESIAN_POINT('Origin',(8.08596392185677,0.398,-6.09057854563908));
#5199=CARTESIAN_POINT('',(7.9585281159668,0.478,-6.05057854563908));
#5200=CARTESIAN_POINT('Origin',(7.83596392185677,0.398,-5.5968777582375));
#5201=CARTESIAN_POINT('',(7.8335281159668,0.478,-5.6368777582375));
#5202=CARTESIAN_POINT('Origin',(7.83109231007683,0.478,-5.84372815193829));
#5203=UNCERTAINTY_MEASURE_WITH_UNIT(LENGTH_MEASURE(0.000393700787401575),
#5208,'DISTANCE_ACCURACY_VALUE',
'Maximum model space distance between geometric entities at asserted c
onnectivities');
#5204=UNCERTAINTY_MEASURE_WITH_UNIT(LENGTH_MEASURE(0.000393700787401575),
#5208,'DISTANCE_ACCURACY_VALUE',
'Maximum model space distance between geometric entities at asserted c
onnectivities');
#5205=(
GEOMETRIC_REPRESENTATION_CONTEXT(3)
GLOBAL_UNCERTAINTY_ASSIGNED_CONTEXT((#5203))
GLOBAL_UNIT_ASSIGNED_CONTEXT((#5208,#5212,#5213))
REPRESENTATION_CONTEXT('','3D')
);
#5206=(
GEOMETRIC_REPRESENTATION_CONTEXT(3)
GLOBAL_UNCERTAINTY_ASSIGNED_CONTEXT((#5204))
GLOBAL_UNIT_ASSIGNED_CONTEXT((#5208,#5212,#5213))
REPRESENTATION_CONTEXT('','3D')
);
#5207=DIMENSIONAL_EXPONENTS(1.,0.,0.,0.,0.,0.,0.);
#5208=(
CONVERSION_BASED_UNIT('inch',#5211)
LENGTH_UNIT()
NAMED_UNIT(#5207)
);
#5209=(
LENGTH_UNIT()
NAMED_UNIT(*)
SI_UNIT(.MILLI.,.METRE.)
);
#5210=(
LENGTH_UNIT()
NAMED_UNIT(*)
SI_UNIT($,.METRE.)
);
#5211=LENGTH_MEASURE_WITH_UNIT(LENGTH_MEASURE(25.4),#5209);
#5212=(
NAMED_UNIT(*)
PLANE_ANGLE_UNIT()
SI_UNIT($,.RADIAN.)
);
#5213=(
NAMED_UNIT(*)
SI_UNIT($,.STERADIAN.)
SOLID_ANGLE_UNIT()
);
#5214=SHAPE_DEFINITION_REPRESENTATION(#5215,#5216);
#5215=PRODUCT_DEFINITION_SHAPE('',$,#5218);
#5216=SHAPE_REPRESENTATION('',(#2607),#5205);
#5217=PRODUCT_DEFINITION_CONTEXT('part definition',#5222,'design');
#5218=PRODUCT_DEFINITION('Cable_Management_B','Cable_Management_B v1',#5219,
#5217);
#5219=PRODUCT_DEFINITION_FORMATION('',$,#5224);
#5220=PRODUCT_RELATED_PRODUCT_CATEGORY('Cable_Management_B v1',
'Cable_Management_B v1',(#5224));
#5221=APPLICATION_PROTOCOL_DEFINITION('international standard',
'automotive_design',2009,#5222);
#5222=APPLICATION_CONTEXT(
'Core Data for Automotive Mechanical Design Process');
#5223=PRODUCT_CONTEXT('part definition',#5222,'mechanical');
#5224=PRODUCT('Cable_Management_B','Cable_Management_B v1',$,(#5223));
#5225=PRESENTATION_STYLE_ASSIGNMENT((#5226));
#5226=SURFACE_STYLE_USAGE(.BOTH.,#5227);
#5227=SURFACE_SIDE_STYLE('',(#5228));
#5228=SURFACE_STYLE_FILL_AREA(#5229);
#5229=FILL_AREA_STYLE('Steel - Satin',(#5230));
#5230=FILL_AREA_STYLE_COLOUR('Steel - Satin',#5231);
#5231=COLOUR_RGB('Steel - Satin',0.627450980392157,0.627450980392157,0.627450980392157);
ENDSEC;
END-ISO-10303-21;
