ISO-10303-21;
HEADER;
/* Generated by software containing ST-Developer
 * from STEP Tools, Inc. (www.steptools.com) 
 */

FILE_DESCRIPTION(
/* description */ (''),
/* implementation_level */ '2;1');

FILE_NAME(
/* name */ 'Cable_Management_A v2.step',
/* time_stamp */ '2026-01-18T14:03:33-07:00',
/* author */ (''),
/* organization */ (''),
/* preprocessor_version */ 'ST-DEVELOPER v20.1',
/* originating_system */ 'Autodesk Translation Framework v14.21.0.0',
/* authorisation */ '');

FILE_SCHEMA (('AUTOMOTIVE_DESIGN { 1 0 10303 214 3 1 1 }'));
ENDSEC;

DATA;
#10=MECHANICAL_DESIGN_GEOMETRIC_PRESENTATION_REPRESENTATION('',(#13),#4404);
#11=SHAPE_REPRESENTATION_RELATIONSHIP('SRR','None',#4411,#12);
#12=ADVANCED_BREP_SHAPE_REPRESENTATION('',(#14),#4403);
#13=STYLED_ITEM('',(#4420),#14);
#14=MANIFOLD_SOLID_BREP('Body1',#2200);
#15=FACE_BOUND('',#335,.T.);
#16=FACE_BOUND('',#336,.T.);
#17=FACE_BOUND('',#347,.T.);
#18=FACE_BOUND('',#348,.T.);
#19=FACE_BOUND('',#349,.T.);
#20=FACE_BOUND('',#350,.T.);
#21=FACE_BOUND('',#351,.T.);
#22=FACE_BOUND('',#352,.T.);
#23=FACE_BOUND('',#353,.T.);
#24=FACE_BOUND('',#354,.T.);
#25=FACE_BOUND('',#355,.T.);
#26=FACE_BOUND('',#356,.T.);
#27=FACE_BOUND('',#357,.T.);
#28=PLANE('',#2229);
#29=PLANE('',#2232);
#30=PLANE('',#2233);
#31=PLANE('',#2234);
#32=PLANE('',#2246);
#33=PLANE('',#2247);
#34=PLANE('',#2248);
#35=PLANE('',#2249);
#36=PLANE('',#2265);
#37=PLANE('',#2268);
#38=PLANE('',#2269);
#39=PLANE('',#2270);
#40=PLANE('',#2282);
#41=PLANE('',#2283);
#42=PLANE('',#2284);
#43=PLANE('',#2285);
#44=PLANE('',#2301);
#45=PLANE('',#2304);
#46=PLANE('',#2305);
#47=PLANE('',#2306);
#48=PLANE('',#2318);
#49=PLANE('',#2319);
#50=PLANE('',#2320);
#51=PLANE('',#2321);
#52=PLANE('',#2337);
#53=PLANE('',#2340);
#54=PLANE('',#2341);
#55=PLANE('',#2343);
#56=PLANE('',#2344);
#57=PLANE('',#2356);
#58=PLANE('',#2357);
#59=PLANE('',#2358);
#60=PLANE('',#2359);
#61=PLANE('',#2375);
#62=PLANE('',#2378);
#63=PLANE('',#2379);
#64=PLANE('',#2380);
#65=PLANE('',#2392);
#66=PLANE('',#2393);
#67=PLANE('',#2394);
#68=PLANE('',#2395);
#69=PLANE('',#2396);
#70=PLANE('',#2397);
#71=PLANE('',#2401);
#72=PLANE('',#2405);
#73=PLANE('',#2412);
#74=PLANE('',#2413);
#75=PLANE('',#2416);
#76=PLANE('',#2417);
#77=PLANE('',#2418);
#78=PLANE('',#2419);
#79=PLANE('',#2420);
#80=PLANE('',#2421);
#81=PLANE('',#2426);
#82=PLANE('',#2427);
#83=B_SPLINE_SURFACE_WITH_KNOTS('',3,3,((#3073,#3074,#3075,#3076,#3077,
#3078),(#3079,#3080,#3081,#3082,#3083,#3084),(#3085,#3086,#3087,#3088,#3089,
#3090),(#3091,#3092,#3093,#3094,#3095,#3096),(#3097,#3098,#3099,#3100,#3101,
#3102),(#3103,#3104,#3105,#3106,#3107,#3108)),.UNSPECIFIED.,.F.,.F.,.F.,
(4,1,1,4),(4,1,1,4),(0.,0.285714285714286,0.571428571428571,1.),(-1.57079632679489,
-0.897597901025652,-0.448798950512826,0.),.UNSPECIFIED.);
#84=B_SPLINE_SURFACE_WITH_KNOTS('',3,3,((#3120,#3121,#3122,#3123,#3124,
#3125),(#3126,#3127,#3128,#3129,#3130,#3131),(#3132,#3133,#3134,#3135,#3136,
#3137),(#3138,#3139,#3140,#3141,#3142,#3143),(#3144,#3145,#3146,#3147,#3148,
#3149),(#3150,#3151,#3152,#3153,#3154,#3155)),.UNSPECIFIED.,.F.,.F.,.F.,
(4,1,1,4),(4,1,1,4),(0.,0.285714285714286,0.571428571428571,1.),(0.,0.673198425769245,
1.12199737628208,1.57079632679491),.UNSPECIFIED.);
#85=B_SPLINE_SURFACE_WITH_KNOTS('',3,3,((#3199,#3200,#3201,#3202,#3203,
#3204),(#3205,#3206,#3207,#3208,#3209,#3210),(#3211,#3212,#3213,#3214,#3215,
#3216),(#3217,#3218,#3219,#3220,#3221,#3222),(#3223,#3224,#3225,#3226,#3227,
#3228),(#3229,#3230,#3231,#3232,#3233,#3234)),.UNSPECIFIED.,.F.,.F.,.F.,
(4,1,1,4),(4,1,1,4),(0.,0.285714285714286,0.571428571428571,1.),(-1.57079632679489,
-0.897597901025654,-0.448798950512827,0.),.UNSPECIFIED.);
#86=B_SPLINE_SURFACE_WITH_KNOTS('',3,3,((#3244,#3245,#3246,#3247,#3248,
#3249),(#3250,#3251,#3252,#3253,#3254,#3255),(#3256,#3257,#3258,#3259,#3260,
#3261),(#3262,#3263,#3264,#3265,#3266,#3267),(#3268,#3269,#3270,#3271,#3272,
#3273),(#3274,#3275,#3276,#3277,#3278,#3279)),.UNSPECIFIED.,.F.,.F.,.F.,
(4,1,1,4),(4,1,1,4),(0.,0.285714285714286,0.571428571428571,1.),(0.,0.67319842576924,
1.12199737628207,1.57079632679489),.UNSPECIFIED.);
#87=B_SPLINE_SURFACE_WITH_KNOTS('',3,3,((#3317,#3318,#3319,#3320,#3321,
#3322),(#3323,#3324,#3325,#3326,#3327,#3328),(#3329,#3330,#3331,#3332,#3333,
#3334),(#3335,#3336,#3337,#3338,#3339,#3340),(#3341,#3342,#3343,#3344,#3345,
#3346),(#3347,#3348,#3349,#3350,#3351,#3352)),.UNSPECIFIED.,.F.,.F.,.F.,
(4,1,1,4),(4,1,1,4),(0.,0.285714285714286,0.571428571428571,1.),(-1.57079632679489,
-0.897597901025652,-0.448798950512826,0.),.UNSPECIFIED.);
#88=B_SPLINE_SURFACE_WITH_KNOTS('',3,3,((#3364,#3365,#3366,#3367,#3368,
#3369),(#3370,#3371,#3372,#3373,#3374,#3375),(#3376,#3377,#3378,#3379,#3380,
#3381),(#3382,#3383,#3384,#3385,#3386,#3387),(#3388,#3389,#3390,#3391,#3392,
#3393),(#3394,#3395,#3396,#3397,#3398,#3399)),.UNSPECIFIED.,.F.,.F.,.F.,
(4,1,1,4),(4,1,1,4),(0.,0.285714285714286,0.571428571428571,1.),(0.,0.673198425769245,
1.12199737628208,1.57079632679491),.UNSPECIFIED.);
#89=B_SPLINE_SURFACE_WITH_KNOTS('',3,3,((#3443,#3444,#3445,#3446,#3447,
#3448),(#3449,#3450,#3451,#3452,#3453,#3454),(#3455,#3456,#3457,#3458,#3459,
#3460),(#3461,#3462,#3463,#3464,#3465,#3466),(#3467,#3468,#3469,#3470,#3471,
#3472),(#3473,#3474,#3475,#3476,#3477,#3478)),.UNSPECIFIED.,.F.,.F.,.F.,
(4,1,1,4),(4,1,1,4),(0.,0.285714285714286,0.571428571428571,1.),(-1.57079632679489,
-0.897597901025654,-0.448798950512827,0.),.UNSPECIFIED.);
#90=B_SPLINE_SURFACE_WITH_KNOTS('',3,3,((#3488,#3489,#3490,#3491,#3492,
#3493),(#3494,#3495,#3496,#3497,#3498,#3499),(#3500,#3501,#3502,#3503,#3504,
#3505),(#3506,#3507,#3508,#3509,#3510,#3511),(#3512,#3513,#3514,#3515,#3516,
#3517),(#3518,#3519,#3520,#3521,#3522,#3523)),.UNSPECIFIED.,.F.,.F.,.F.,
(4,1,1,4),(4,1,1,4),(0.,0.285714285714286,0.571428571428571,1.),(0.,0.67319842576924,
1.12199737628207,1.57079632679489),.UNSPECIFIED.);
#91=B_SPLINE_SURFACE_WITH_KNOTS('',3,3,((#3561,#3562,#3563,#3564,#3565,
#3566),(#3567,#3568,#3569,#3570,#3571,#3572),(#3573,#3574,#3575,#3576,#3577,
#3578),(#3579,#3580,#3581,#3582,#3583,#3584),(#3585,#3586,#3587,#3588,#3589,
#3590),(#3591,#3592,#3593,#3594,#3595,#3596)),.UNSPECIFIED.,.F.,.F.,.F.,
(4,1,1,4),(4,1,1,4),(0.,0.285714285714286,0.571428571428571,1.),(-1.57079632679489,
-0.897597901025652,-0.448798950512826,0.),.UNSPECIFIED.);
#92=B_SPLINE_SURFACE_WITH_KNOTS('',3,3,((#3608,#3609,#3610,#3611,#3612,
#3613),(#3614,#3615,#3616,#3617,#3618,#3619),(#3620,#3621,#3622,#3623,#3624,
#3625),(#3626,#3627,#3628,#3629,#3630,#3631),(#3632,#3633,#3634,#3635,#3636,
#3637),(#3638,#3639,#3640,#3641,#3642,#3643)),.UNSPECIFIED.,.F.,.F.,.F.,
(4,1,1,4),(4,1,1,4),(0.,0.285714285714286,0.571428571428571,1.),(0.,0.673198425769245,
1.12199737628208,1.57079632679491),.UNSPECIFIED.);
#93=B_SPLINE_SURFACE_WITH_KNOTS('',3,3,((#3687,#3688,#3689,#3690,#3691,
#3692),(#3693,#3694,#3695,#3696,#3697,#3698),(#3699,#3700,#3701,#3702,#3703,
#3704),(#3705,#3706,#3707,#3708,#3709,#3710),(#3711,#3712,#3713,#3714,#3715,
#3716),(#3717,#3718,#3719,#3720,#3721,#3722)),.UNSPECIFIED.,.F.,.F.,.F.,
(4,1,1,4),(4,1,1,4),(0.,0.285714285714286,0.571428571428571,1.),(-1.57079632679489,
-0.897597901025654,-0.448798950512827,0.),.UNSPECIFIED.);
#94=B_SPLINE_SURFACE_WITH_KNOTS('',3,3,((#3732,#3733,#3734,#3735,#3736,
#3737),(#3738,#3739,#3740,#3741,#3742,#3743),(#3744,#3745,#3746,#3747,#3748,
#3749),(#3750,#3751,#3752,#3753,#3754,#3755),(#3756,#3757,#3758,#3759,#3760,
#3761),(#3762,#3763,#3764,#3765,#3766,#3767)),.UNSPECIFIED.,.F.,.F.,.F.,
(4,1,1,4),(4,1,1,4),(0.,0.285714285714286,0.571428571428571,1.),(0.,0.67319842576924,
1.12199737628207,1.57079632679489),.UNSPECIFIED.);
#95=B_SPLINE_SURFACE_WITH_KNOTS('',3,3,((#3805,#3806,#3807,#3808,#3809,
#3810),(#3811,#3812,#3813,#3814,#3815,#3816),(#3817,#3818,#3819,#3820,#3821,
#3822),(#3823,#3824,#3825,#3826,#3827,#3828),(#3829,#3830,#3831,#3832,#3833,
#3834),(#3835,#3836,#3837,#3838,#3839,#3840)),.UNSPECIFIED.,.F.,.F.,.F.,
(4,1,1,4),(4,1,1,4),(0.,0.285714285714286,0.571428571428571,1.),(-1.57079632679489,
-0.897597901025652,-0.448798950512826,0.),.UNSPECIFIED.);
#96=B_SPLINE_SURFACE_WITH_KNOTS('',3,3,((#3852,#3853,#3854,#3855,#3856,
#3857),(#3858,#3859,#3860,#3861,#3862,#3863),(#3864,#3865,#3866,#3867,#3868,
#3869),(#3870,#3871,#3872,#3873,#3874,#3875),(#3876,#3877,#3878,#3879,#3880,
#3881),(#3882,#3883,#3884,#3885,#3886,#3887)),.UNSPECIFIED.,.F.,.F.,.F.,
(4,1,1,4),(4,1,1,4),(0.,0.285714285714286,0.571428571428571,1.),(0.,0.673198425769245,
1.12199737628208,1.57079632679491),.UNSPECIFIED.);
#97=B_SPLINE_SURFACE_WITH_KNOTS('',3,3,((#3939,#3940,#3941,#3942,#3943,
#3944),(#3945,#3946,#3947,#3948,#3949,#3950),(#3951,#3952,#3953,#3954,#3955,
#3956),(#3957,#3958,#3959,#3960,#3961,#3962),(#3963,#3964,#3965,#3966,#3967,
#3968),(#3969,#3970,#3971,#3972,#3973,#3974)),.UNSPECIFIED.,.F.,.F.,.F.,
(4,1,1,4),(4,1,1,4),(0.,0.285714285714286,0.571428571428571,1.),(-1.57079632679489,
-0.897597901025654,-0.448798950512827,0.),.UNSPECIFIED.);
#98=B_SPLINE_SURFACE_WITH_KNOTS('',3,3,((#3984,#3985,#3986,#3987,#3988,
#3989),(#3990,#3991,#3992,#3993,#3994,#3995),(#3996,#3997,#3998,#3999,#4000,
#4001),(#4002,#4003,#4004,#4005,#4006,#4007),(#4008,#4009,#4010,#4011,#4012,
#4013),(#4014,#4015,#4016,#4017,#4018,#4019)),.UNSPECIFIED.,.F.,.F.,.F.,
(4,1,1,4),(4,1,1,4),(0.,0.285714285714286,0.571428571428571,1.),(0.,0.67319842576924,
1.12199737628207,1.57079632679489),.UNSPECIFIED.);
#99=B_SPLINE_SURFACE_WITH_KNOTS('',3,3,((#4057,#4058,#4059,#4060,#4061,
#4062),(#4063,#4064,#4065,#4066,#4067,#4068),(#4069,#4070,#4071,#4072,#4073,
#4074),(#4075,#4076,#4077,#4078,#4079,#4080),(#4081,#4082,#4083,#4084,#4085,
#4086),(#4087,#4088,#4089,#4090,#4091,#4092)),.UNSPECIFIED.,.F.,.F.,.F.,
(4,1,1,4),(4,1,1,4),(0.,0.285714285714286,0.571428571428571,1.),(-1.57079632679489,
-0.897597901025652,-0.448798950512826,0.),.UNSPECIFIED.);
#100=B_SPLINE_SURFACE_WITH_KNOTS('',3,3,((#4104,#4105,#4106,#4107,#4108,
#4109),(#4110,#4111,#4112,#4113,#4114,#4115),(#4116,#4117,#4118,#4119,#4120,
#4121),(#4122,#4123,#4124,#4125,#4126,#4127),(#4128,#4129,#4130,#4131,#4132,
#4133),(#4134,#4135,#4136,#4137,#4138,#4139)),.UNSPECIFIED.,.F.,.F.,.F.,
(4,1,1,4),(4,1,1,4),(0.,0.285714285714286,0.571428571428571,1.),(0.,0.673198425769245,
1.12199737628208,1.57079632679491),.UNSPECIFIED.);
#101=B_SPLINE_SURFACE_WITH_KNOTS('',3,3,((#4183,#4184,#4185,#4186,#4187,
#4188),(#4189,#4190,#4191,#4192,#4193,#4194),(#4195,#4196,#4197,#4198,#4199,
#4200),(#4201,#4202,#4203,#4204,#4205,#4206),(#4207,#4208,#4209,#4210,#4211,
#4212),(#4213,#4214,#4215,#4216,#4217,#4218)),.UNSPECIFIED.,.F.,.F.,.F.,
(4,1,1,4),(4,1,1,4),(0.,0.285714285714286,0.571428571428571,1.),(-1.57079632679489,
-0.897597901025654,-0.448798950512827,0.),.UNSPECIFIED.);
#102=B_SPLINE_SURFACE_WITH_KNOTS('',3,3,((#4228,#4229,#4230,#4231,#4232,
#4233),(#4234,#4235,#4236,#4237,#4238,#4239),(#4240,#4241,#4242,#4243,#4244,
#4245),(#4246,#4247,#4248,#4249,#4250,#4251),(#4252,#4253,#4254,#4255,#4256,
#4257),(#4258,#4259,#4260,#4261,#4262,#4263)),.UNSPECIFIED.,.F.,.F.,.F.,
(4,1,1,4),(4,1,1,4),(0.,0.285714285714286,0.571428571428571,1.),(0.,0.67319842576924,
1.12199737628207,1.57079632679489),.UNSPECIFIED.);
#103=FACE_OUTER_BOUND('',#224,.T.);
#104=FACE_OUTER_BOUND('',#225,.T.);
#105=FACE_OUTER_BOUND('',#226,.T.);
#106=FACE_OUTER_BOUND('',#227,.T.);
#107=FACE_OUTER_BOUND('',#228,.T.);
#108=FACE_OUTER_BOUND('',#229,.T.);
#109=FACE_OUTER_BOUND('',#230,.T.);
#110=FACE_OUTER_BOUND('',#231,.T.);
#111=FACE_OUTER_BOUND('',#232,.T.);
#112=FACE_OUTER_BOUND('',#233,.T.);
#113=FACE_OUTER_BOUND('',#234,.T.);
#114=FACE_OUTER_BOUND('',#235,.T.);
#115=FACE_OUTER_BOUND('',#236,.T.);
#116=FACE_OUTER_BOUND('',#237,.T.);
#117=FACE_OUTER_BOUND('',#238,.T.);
#118=FACE_OUTER_BOUND('',#239,.T.);
#119=FACE_OUTER_BOUND('',#240,.T.);
#120=FACE_OUTER_BOUND('',#241,.T.);
#121=FACE_OUTER_BOUND('',#242,.T.);
#122=FACE_OUTER_BOUND('',#243,.T.);
#123=FACE_OUTER_BOUND('',#244,.T.);
#124=FACE_OUTER_BOUND('',#245,.T.);
#125=FACE_OUTER_BOUND('',#246,.T.);
#126=FACE_OUTER_BOUND('',#247,.T.);
#127=FACE_OUTER_BOUND('',#248,.T.);
#128=FACE_OUTER_BOUND('',#249,.T.);
#129=FACE_OUTER_BOUND('',#250,.T.);
#130=FACE_OUTER_BOUND('',#251,.T.);
#131=FACE_OUTER_BOUND('',#252,.T.);
#132=FACE_OUTER_BOUND('',#253,.T.);
#133=FACE_OUTER_BOUND('',#254,.T.);
#134=FACE_OUTER_BOUND('',#255,.T.);
#135=FACE_OUTER_BOUND('',#256,.T.);
#136=FACE_OUTER_BOUND('',#257,.T.);
#137=FACE_OUTER_BOUND('',#258,.T.);
#138=FACE_OUTER_BOUND('',#259,.T.);
#139=FACE_OUTER_BOUND('',#260,.T.);
#140=FACE_OUTER_BOUND('',#261,.T.);
#141=FACE_OUTER_BOUND('',#262,.T.);
#142=FACE_OUTER_BOUND('',#263,.T.);
#143=FACE_OUTER_BOUND('',#264,.T.);
#144=FACE_OUTER_BOUND('',#265,.T.);
#145=FACE_OUTER_BOUND('',#266,.T.);
#146=FACE_OUTER_BOUND('',#267,.T.);
#147=FACE_OUTER_BOUND('',#268,.T.);
#148=FACE_OUTER_BOUND('',#269,.T.);
#149=FACE_OUTER_BOUND('',#270,.T.);
#150=FACE_OUTER_BOUND('',#271,.T.);
#151=FACE_OUTER_BOUND('',#272,.T.);
#152=FACE_OUTER_BOUND('',#273,.T.);
#153=FACE_OUTER_BOUND('',#274,.T.);
#154=FACE_OUTER_BOUND('',#275,.T.);
#155=FACE_OUTER_BOUND('',#276,.T.);
#156=FACE_OUTER_BOUND('',#277,.T.);
#157=FACE_OUTER_BOUND('',#278,.T.);
#158=FACE_OUTER_BOUND('',#279,.T.);
#159=FACE_OUTER_BOUND('',#280,.T.);
#160=FACE_OUTER_BOUND('',#281,.T.);
#161=FACE_OUTER_BOUND('',#282,.T.);
#162=FACE_OUTER_BOUND('',#283,.T.);
#163=FACE_OUTER_BOUND('',#284,.T.);
#164=FACE_OUTER_BOUND('',#285,.T.);
#165=FACE_OUTER_BOUND('',#286,.T.);
#166=FACE_OUTER_BOUND('',#287,.T.);
#167=FACE_OUTER_BOUND('',#288,.T.);
#168=FACE_OUTER_BOUND('',#289,.T.);
#169=FACE_OUTER_BOUND('',#290,.T.);
#170=FACE_OUTER_BOUND('',#291,.T.);
#171=FACE_OUTER_BOUND('',#292,.T.);
#172=FACE_OUTER_BOUND('',#293,.T.);
#173=FACE_OUTER_BOUND('',#294,.T.);
#174=FACE_OUTER_BOUND('',#295,.T.);
#175=FACE_OUTER_BOUND('',#296,.T.);
#176=FACE_OUTER_BOUND('',#297,.T.);
#177=FACE_OUTER_BOUND('',#298,.T.);
#178=FACE_OUTER_BOUND('',#299,.T.);
#179=FACE_OUTER_BOUND('',#300,.T.);
#180=FACE_OUTER_BOUND('',#301,.T.);
#181=FACE_OUTER_BOUND('',#302,.T.);
#182=FACE_OUTER_BOUND('',#303,.T.);
#183=FACE_OUTER_BOUND('',#304,.T.);
#184=FACE_OUTER_BOUND('',#305,.T.);
#185=FACE_OUTER_BOUND('',#306,.T.);
#186=FACE_OUTER_BOUND('',#307,.T.);
#187=FACE_OUTER_BOUND('',#308,.T.);
#188=FACE_OUTER_BOUND('',#309,.T.);
#189=FACE_OUTER_BOUND('',#310,.T.);
#190=FACE_OUTER_BOUND('',#311,.T.);
#191=FACE_OUTER_BOUND('',#312,.T.);
#192=FACE_OUTER_BOUND('',#313,.T.);
#193=FACE_OUTER_BOUND('',#314,.T.);
#194=FACE_OUTER_BOUND('',#315,.T.);
#195=FACE_OUTER_BOUND('',#316,.T.);
#196=FACE_OUTER_BOUND('',#317,.T.);
#197=FACE_OUTER_BOUND('',#318,.T.);
#198=FACE_OUTER_BOUND('',#319,.T.);
#199=FACE_OUTER_BOUND('',#320,.T.);
#200=FACE_OUTER_BOUND('',#321,.T.);
#201=FACE_OUTER_BOUND('',#322,.T.);
#202=FACE_OUTER_BOUND('',#323,.T.);
#203=FACE_OUTER_BOUND('',#324,.T.);
#204=FACE_OUTER_BOUND('',#325,.T.);
#205=FACE_OUTER_BOUND('',#326,.T.);
#206=FACE_OUTER_BOUND('',#327,.T.);
#207=FACE_OUTER_BOUND('',#328,.T.);
#208=FACE_OUTER_BOUND('',#329,.T.);
#209=FACE_OUTER_BOUND('',#330,.T.);
#210=FACE_OUTER_BOUND('',#331,.T.);
#211=FACE_OUTER_BOUND('',#332,.T.);
#212=FACE_OUTER_BOUND('',#333,.T.);
#213=FACE_OUTER_BOUND('',#334,.T.);
#214=FACE_OUTER_BOUND('',#337,.T.);
#215=FACE_OUTER_BOUND('',#338,.T.);
#216=FACE_OUTER_BOUND('',#339,.T.);
#217=FACE_OUTER_BOUND('',#340,.T.);
#218=FACE_OUTER_BOUND('',#341,.T.);
#219=FACE_OUTER_BOUND('',#342,.T.);
#220=FACE_OUTER_BOUND('',#343,.T.);
#221=FACE_OUTER_BOUND('',#344,.T.);
#222=FACE_OUTER_BOUND('',#345,.T.);
#223=FACE_OUTER_BOUND('',#346,.T.);
#224=EDGE_LOOP('',(#1397,#1398,#1399,#1400));
#225=EDGE_LOOP('',(#1401,#1402,#1403,#1404));
#226=EDGE_LOOP('',(#1405,#1406,#1407,#1408));
#227=EDGE_LOOP('',(#1409,#1410,#1411,#1412));
#228=EDGE_LOOP('',(#1413,#1414,#1415,#1416));
#229=EDGE_LOOP('',(#1417,#1418,#1419,#1420));
#230=EDGE_LOOP('',(#1421,#1422,#1423,#1424));
#231=EDGE_LOOP('',(#1425,#1426,#1427,#1428));
#232=EDGE_LOOP('',(#1429,#1430,#1431,#1432));
#233=EDGE_LOOP('',(#1433,#1434,#1435,#1436));
#234=EDGE_LOOP('',(#1437,#1438,#1439,#1440,#1441,#1442,#1443,#1444,#1445,
#1446));
#235=EDGE_LOOP('',(#1447,#1448,#1449,#1450));
#236=EDGE_LOOP('',(#1451,#1452,#1453,#1454));
#237=EDGE_LOOP('',(#1455,#1456,#1457,#1458));
#238=EDGE_LOOP('',(#1459,#1460,#1461,#1462));
#239=EDGE_LOOP('',(#1463,#1464,#1465,#1466));
#240=EDGE_LOOP('',(#1467,#1468,#1469,#1470,#1471,#1472,#1473,#1474,#1475,
#1476));
#241=EDGE_LOOP('',(#1477,#1478,#1479,#1480));
#242=EDGE_LOOP('',(#1481,#1482,#1483,#1484));
#243=EDGE_LOOP('',(#1485,#1486,#1487,#1488));
#244=EDGE_LOOP('',(#1489,#1490,#1491,#1492));
#245=EDGE_LOOP('',(#1493,#1494,#1495,#1496));
#246=EDGE_LOOP('',(#1497,#1498,#1499,#1500));
#247=EDGE_LOOP('',(#1501,#1502,#1503,#1504));
#248=EDGE_LOOP('',(#1505,#1506,#1507,#1508));
#249=EDGE_LOOP('',(#1509,#1510,#1511,#1512));
#250=EDGE_LOOP('',(#1513,#1514,#1515,#1516));
#251=EDGE_LOOP('',(#1517,#1518,#1519,#1520));
#252=EDGE_LOOP('',(#1521,#1522,#1523,#1524));
#253=EDGE_LOOP('',(#1525,#1526,#1527,#1528));
#254=EDGE_LOOP('',(#1529,#1530,#1531,#1532,#1533,#1534,#1535,#1536,#1537,
#1538));
#255=EDGE_LOOP('',(#1539,#1540,#1541,#1542));
#256=EDGE_LOOP('',(#1543,#1544,#1545,#1546));
#257=EDGE_LOOP('',(#1547,#1548,#1549,#1550));
#258=EDGE_LOOP('',(#1551,#1552,#1553,#1554));
#259=EDGE_LOOP('',(#1555,#1556,#1557,#1558));
#260=EDGE_LOOP('',(#1559,#1560,#1561,#1562,#1563,#1564,#1565,#1566,#1567,
#1568));
#261=EDGE_LOOP('',(#1569,#1570,#1571,#1572));
#262=EDGE_LOOP('',(#1573,#1574,#1575,#1576));
#263=EDGE_LOOP('',(#1577,#1578,#1579,#1580));
#264=EDGE_LOOP('',(#1581,#1582,#1583,#1584));
#265=EDGE_LOOP('',(#1585,#1586,#1587,#1588));
#266=EDGE_LOOP('',(#1589,#1590,#1591,#1592));
#267=EDGE_LOOP('',(#1593,#1594,#1595,#1596));
#268=EDGE_LOOP('',(#1597,#1598,#1599,#1600));
#269=EDGE_LOOP('',(#1601,#1602,#1603,#1604));
#270=EDGE_LOOP('',(#1605,#1606,#1607,#1608));
#271=EDGE_LOOP('',(#1609,#1610,#1611,#1612));
#272=EDGE_LOOP('',(#1613,#1614,#1615,#1616));
#273=EDGE_LOOP('',(#1617,#1618,#1619,#1620));
#274=EDGE_LOOP('',(#1621,#1622,#1623,#1624,#1625,#1626,#1627,#1628,#1629,
#1630));
#275=EDGE_LOOP('',(#1631,#1632,#1633,#1634));
#276=EDGE_LOOP('',(#1635,#1636,#1637,#1638));
#277=EDGE_LOOP('',(#1639,#1640,#1641,#1642));
#278=EDGE_LOOP('',(#1643,#1644,#1645,#1646));
#279=EDGE_LOOP('',(#1647,#1648,#1649,#1650));
#280=EDGE_LOOP('',(#1651,#1652,#1653,#1654,#1655,#1656,#1657,#1658,#1659,
#1660));
#281=EDGE_LOOP('',(#1661,#1662,#1663,#1664));
#282=EDGE_LOOP('',(#1665,#1666,#1667,#1668));
#283=EDGE_LOOP('',(#1669,#1670,#1671,#1672));
#284=EDGE_LOOP('',(#1673,#1674,#1675,#1676));
#285=EDGE_LOOP('',(#1677,#1678,#1679,#1680));
#286=EDGE_LOOP('',(#1681,#1682,#1683,#1684));
#287=EDGE_LOOP('',(#1685,#1686,#1687,#1688));
#288=EDGE_LOOP('',(#1689,#1690,#1691,#1692));
#289=EDGE_LOOP('',(#1693,#1694,#1695,#1696));
#290=EDGE_LOOP('',(#1697,#1698,#1699,#1700));
#291=EDGE_LOOP('',(#1701,#1702,#1703,#1704));
#292=EDGE_LOOP('',(#1705,#1706,#1707,#1708));
#293=EDGE_LOOP('',(#1709,#1710,#1711,#1712));
#294=EDGE_LOOP('',(#1713,#1714,#1715,#1716));
#295=EDGE_LOOP('',(#1717,#1718,#1719,#1720,#1721,#1722,#1723,#1724,#1725,
#1726,#1727));
#296=EDGE_LOOP('',(#1728,#1729,#1730,#1731));
#297=EDGE_LOOP('',(#1732,#1733,#1734,#1735));
#298=EDGE_LOOP('',(#1736,#1737,#1738,#1739));
#299=EDGE_LOOP('',(#1740,#1741,#1742,#1743));
#300=EDGE_LOOP('',(#1744,#1745,#1746,#1747));
#301=EDGE_LOOP('',(#1748,#1749,#1750,#1751,#1752,#1753,#1754,#1755,#1756,
#1757));
#302=EDGE_LOOP('',(#1758,#1759,#1760,#1761,#1762));
#303=EDGE_LOOP('',(#1763,#1764,#1765,#1766));
#304=EDGE_LOOP('',(#1767,#1768,#1769,#1770));
#305=EDGE_LOOP('',(#1771,#1772,#1773,#1774));
#306=EDGE_LOOP('',(#1775,#1776,#1777,#1778));
#307=EDGE_LOOP('',(#1779,#1780,#1781,#1782));
#308=EDGE_LOOP('',(#1783,#1784,#1785,#1786));
#309=EDGE_LOOP('',(#1787,#1788,#1789,#1790));
#310=EDGE_LOOP('',(#1791,#1792,#1793,#1794));
#311=EDGE_LOOP('',(#1795,#1796,#1797,#1798));
#312=EDGE_LOOP('',(#1799,#1800,#1801,#1802));
#313=EDGE_LOOP('',(#1803,#1804,#1805,#1806));
#314=EDGE_LOOP('',(#1807,#1808,#1809,#1810));
#315=EDGE_LOOP('',(#1811,#1812,#1813,#1814,#1815,#1816,#1817,#1818,#1819,
#1820));
#316=EDGE_LOOP('',(#1821,#1822,#1823,#1824));
#317=EDGE_LOOP('',(#1825,#1826,#1827,#1828));
#318=EDGE_LOOP('',(#1829,#1830,#1831,#1832));
#319=EDGE_LOOP('',(#1833,#1834,#1835,#1836));
#320=EDGE_LOOP('',(#1837,#1838,#1839,#1840));
#321=EDGE_LOOP('',(#1841,#1842,#1843,#1844,#1845,#1846,#1847,#1848,#1849,
#1850));
#322=EDGE_LOOP('',(#1851,#1852,#1853,#1854));
#323=EDGE_LOOP('',(#1855,#1856,#1857,#1858));
#324=EDGE_LOOP('',(#1859,#1860,#1861,#1862));
#325=EDGE_LOOP('',(#1863,#1864,#1865,#1866));
#326=EDGE_LOOP('',(#1867,#1868,#1869,#1870));
#327=EDGE_LOOP('',(#1871,#1872,#1873,#1874));
#328=EDGE_LOOP('',(#1875,#1876,#1877,#1878));
#329=EDGE_LOOP('',(#1879,#1880,#1881,#1882));
#330=EDGE_LOOP('',(#1883,#1884,#1885,#1886));
#331=EDGE_LOOP('',(#1887,#1888,#1889,#1890));
#332=EDGE_LOOP('',(#1891,#1892,#1893,#1894,#1895));
#333=EDGE_LOOP('',(#1896,#1897,#1898,#1899,#1900));
#334=EDGE_LOOP('',(#1901,#1902,#1903,#1904,#1905,#1906,#1907,#1908,#1909,
#1910,#1911,#1912,#1913,#1914,#1915,#1916));
#335=EDGE_LOOP('',(#1917));
#336=EDGE_LOOP('',(#1918));
#337=EDGE_LOOP('',(#1919,#1920,#1921,#1922));
#338=EDGE_LOOP('',(#1923,#1924,#1925,#1926));
#339=EDGE_LOOP('',(#1927,#1928,#1929,#1930));
#340=EDGE_LOOP('',(#1931,#1932,#1933,#1934));
#341=EDGE_LOOP('',(#1935,#1936,#1937,#1938));
#342=EDGE_LOOP('',(#1939,#1940,#1941,#1942));
#343=EDGE_LOOP('',(#1943,#1944,#1945,#1946));
#344=EDGE_LOOP('',(#1947,#1948,#1949,#1950));
#345=EDGE_LOOP('',(#1951,#1952,#1953,#1954));
#346=EDGE_LOOP('',(#1955,#1956,#1957,#1958,#1959,#1960,#1961,#1962,#1963,
#1964,#1965,#1966,#1967,#1968,#1969,#1970,#1971,#1972,#1973,#1974,#1975,
#1976));
#347=EDGE_LOOP('',(#1977,#1978,#1979,#1980,#1981,#1982));
#348=EDGE_LOOP('',(#1983,#1984,#1985,#1986,#1987,#1988));
#349=EDGE_LOOP('',(#1989,#1990,#1991,#1992,#1993,#1994));
#350=EDGE_LOOP('',(#1995,#1996,#1997,#1998,#1999,#2000));
#351=EDGE_LOOP('',(#2001,#2002,#2003,#2004,#2005,#2006));
#352=EDGE_LOOP('',(#2007,#2008,#2009,#2010,#2011,#2012));
#353=EDGE_LOOP('',(#2013,#2014,#2015,#2016,#2017,#2018));
#354=EDGE_LOOP('',(#2019,#2020,#2021,#2022,#2023,#2024));
#355=EDGE_LOOP('',(#2025,#2026,#2027,#2028,#2029,#2030));
#356=EDGE_LOOP('',(#2031));
#357=EDGE_LOOP('',(#2032));
#358=CIRCLE('',#2216,0.381);
#359=CIRCLE('',#2217,0.381);
#360=CIRCLE('',#2221,0.381000000000002);
#361=CIRCLE('',#2222,0.381);
#362=CIRCLE('',#2236,0.381);
#363=CIRCLE('',#2237,0.381000000000014);
#364=CIRCLE('',#2240,0.381000000000014);
#365=CIRCLE('',#2242,0.381);
#366=CIRCLE('',#2252,0.381);
#367=CIRCLE('',#2253,0.381);
#368=CIRCLE('',#2257,0.381000000000002);
#369=CIRCLE('',#2258,0.381);
#370=CIRCLE('',#2272,0.381);
#371=CIRCLE('',#2273,0.381000000000014);
#372=CIRCLE('',#2276,0.381000000000014);
#373=CIRCLE('',#2278,0.381);
#374=CIRCLE('',#2288,0.381);
#375=CIRCLE('',#2289,0.381);
#376=CIRCLE('',#2293,0.381000000000002);
#377=CIRCLE('',#2294,0.381);
#378=CIRCLE('',#2308,0.381);
#379=CIRCLE('',#2309,0.381000000000014);
#380=CIRCLE('',#2312,0.381000000000014);
#381=CIRCLE('',#2314,0.381);
#382=CIRCLE('',#2324,0.381);
#383=CIRCLE('',#2325,0.381);
#384=CIRCLE('',#2329,0.381000000000002);
#385=CIRCLE('',#2330,0.381);
#386=CIRCLE('',#2342,2.032);
#387=CIRCLE('',#2346,0.381);
#388=CIRCLE('',#2347,0.381000000000014);
#389=CIRCLE('',#2350,0.381000000000014);
#390=CIRCLE('',#2352,0.381);
#391=CIRCLE('',#2362,0.381);
#392=CIRCLE('',#2363,0.381);
#393=CIRCLE('',#2367,0.381000000000002);
#394=CIRCLE('',#2368,0.381);
#395=CIRCLE('',#2382,0.381);
#396=CIRCLE('',#2383,0.381000000000014);
#397=CIRCLE('',#2386,0.381000000000014);
#398=CIRCLE('',#2388,0.381);
#399=CIRCLE('',#2399,2.032);
#400=CIRCLE('',#2400,2.032);
#401=CIRCLE('',#2403,2.032);
#402=CIRCLE('',#2404,2.032);
#403=CIRCLE('',#2407,2.032);
#404=CIRCLE('',#2408,2.032);
#405=CIRCLE('',#2410,2.032);
#406=CIRCLE('',#2411,2.032);
#407=CIRCLE('',#2414,2.29869999999999);
#408=CIRCLE('',#2415,2.29869999999999);
#409=CIRCLE('',#2423,2.29869999999999);
#410=CIRCLE('',#2425,2.29869999999999);
#411=LINE('',#3069,#616);
#412=LINE('',#3072,#617);
#413=LINE('',#3118,#618);
#414=LINE('',#3119,#619);
#415=LINE('',#3165,#620);
#416=LINE('',#3166,#621);
#417=LINE('',#3169,#622);
#418=LINE('',#3172,#623);
#419=LINE('',#3175,#624);
#420=LINE('',#3176,#625);
#421=LINE('',#3179,#626);
#422=LINE('',#3183,#627);
#423=LINE('',#3184,#628);
#424=LINE('',#3187,#629);
#425=LINE('',#3188,#630);
#426=LINE('',#3191,#631);
#427=LINE('',#3193,#632);
#428=LINE('',#3195,#633);
#429=LINE('',#3197,#634);
#430=LINE('',#3198,#635);
#431=LINE('',#3243,#636);
#432=LINE('',#3288,#637);
#433=LINE('',#3290,#638);
#434=LINE('',#3293,#639);
#435=LINE('',#3295,#640);
#436=LINE('',#3297,#641);
#437=LINE('',#3299,#642);
#438=LINE('',#3300,#643);
#439=LINE('',#3302,#644);
#440=LINE('',#3303,#645);
#441=LINE('',#3305,#646);
#442=LINE('',#3306,#647);
#443=LINE('',#3313,#648);
#444=LINE('',#3316,#649);
#445=LINE('',#3362,#650);
#446=LINE('',#3363,#651);
#447=LINE('',#3409,#652);
#448=LINE('',#3410,#653);
#449=LINE('',#3413,#654);
#450=LINE('',#3416,#655);
#451=LINE('',#3419,#656);
#452=LINE('',#3420,#657);
#453=LINE('',#3423,#658);
#454=LINE('',#3427,#659);
#455=LINE('',#3428,#660);
#456=LINE('',#3431,#661);
#457=LINE('',#3432,#662);
#458=LINE('',#3435,#663);
#459=LINE('',#3437,#664);
#460=LINE('',#3439,#665);
#461=LINE('',#3441,#666);
#462=LINE('',#3442,#667);
#463=LINE('',#3487,#668);
#464=LINE('',#3532,#669);
#465=LINE('',#3534,#670);
#466=LINE('',#3537,#671);
#467=LINE('',#3539,#672);
#468=LINE('',#3541,#673);
#469=LINE('',#3543,#674);
#470=LINE('',#3544,#675);
#471=LINE('',#3546,#676);
#472=LINE('',#3547,#677);
#473=LINE('',#3549,#678);
#474=LINE('',#3550,#679);
#475=LINE('',#3557,#680);
#476=LINE('',#3560,#681);
#477=LINE('',#3606,#682);
#478=LINE('',#3607,#683);
#479=LINE('',#3653,#684);
#480=LINE('',#3654,#685);
#481=LINE('',#3657,#686);
#482=LINE('',#3660,#687);
#483=LINE('',#3663,#688);
#484=LINE('',#3664,#689);
#485=LINE('',#3667,#690);
#486=LINE('',#3671,#691);
#487=LINE('',#3672,#692);
#488=LINE('',#3675,#693);
#489=LINE('',#3676,#694);
#490=LINE('',#3679,#695);
#491=LINE('',#3681,#696);
#492=LINE('',#3683,#697);
#493=LINE('',#3685,#698);
#494=LINE('',#3686,#699);
#495=LINE('',#3731,#700);
#496=LINE('',#3776,#701);
#497=LINE('',#3778,#702);
#498=LINE('',#3781,#703);
#499=LINE('',#3783,#704);
#500=LINE('',#3785,#705);
#501=LINE('',#3787,#706);
#502=LINE('',#3788,#707);
#503=LINE('',#3790,#708);
#504=LINE('',#3791,#709);
#505=LINE('',#3793,#710);
#506=LINE('',#3794,#711);
#507=LINE('',#3801,#712);
#508=LINE('',#3804,#713);
#509=LINE('',#3850,#714);
#510=LINE('',#3851,#715);
#511=LINE('',#3897,#716);
#512=LINE('',#3898,#717);
#513=LINE('',#3901,#718);
#514=LINE('',#3904,#719);
#515=LINE('',#3907,#720);
#516=LINE('',#3908,#721);
#517=LINE('',#3911,#722);
#518=LINE('',#3915,#723);
#519=LINE('',#3916,#724);
#520=LINE('',#3920,#725);
#521=LINE('',#3922,#726);
#522=LINE('',#3924,#727);
#523=LINE('',#3928,#728);
#524=LINE('',#3929,#729);
#525=LINE('',#3932,#730);
#526=LINE('',#3934,#731);
#527=LINE('',#3936,#732);
#528=LINE('',#3937,#733);
#529=LINE('',#3938,#734);
#530=LINE('',#3983,#735);
#531=LINE('',#4028,#736);
#532=LINE('',#4030,#737);
#533=LINE('',#4033,#738);
#534=LINE('',#4035,#739);
#535=LINE('',#4037,#740);
#536=LINE('',#4039,#741);
#537=LINE('',#4040,#742);
#538=LINE('',#4042,#743);
#539=LINE('',#4043,#744);
#540=LINE('',#4045,#745);
#541=LINE('',#4046,#746);
#542=LINE('',#4053,#747);
#543=LINE('',#4056,#748);
#544=LINE('',#4102,#749);
#545=LINE('',#4103,#750);
#546=LINE('',#4149,#751);
#547=LINE('',#4150,#752);
#548=LINE('',#4153,#753);
#549=LINE('',#4156,#754);
#550=LINE('',#4159,#755);
#551=LINE('',#4160,#756);
#552=LINE('',#4163,#757);
#553=LINE('',#4167,#758);
#554=LINE('',#4168,#759);
#555=LINE('',#4171,#760);
#556=LINE('',#4172,#761);
#557=LINE('',#4175,#762);
#558=LINE('',#4177,#763);
#559=LINE('',#4179,#764);
#560=LINE('',#4181,#765);
#561=LINE('',#4182,#766);
#562=LINE('',#4227,#767);
#563=LINE('',#4272,#768);
#564=LINE('',#4274,#769);
#565=LINE('',#4277,#770);
#566=LINE('',#4279,#771);
#567=LINE('',#4281,#772);
#568=LINE('',#4283,#773);
#569=LINE('',#4284,#774);
#570=LINE('',#4286,#775);
#571=LINE('',#4287,#776);
#572=LINE('',#4289,#777);
#573=LINE('',#4290,#778);
#574=LINE('',#4295,#779);
#575=LINE('',#4297,#780);
#576=LINE('',#4299,#781);
#577=LINE('',#4300,#782);
#578=LINE('',#4303,#783);
#579=LINE('',#4305,#784);
#580=LINE('',#4306,#785);
#581=LINE('',#4312,#786);
#582=LINE('',#4315,#787);
#583=LINE('',#4318,#788);
#584=LINE('',#4320,#789);
#585=LINE('',#4321,#790);
#586=LINE('',#4327,#791);
#587=LINE('',#4330,#792);
#588=LINE('',#4333,#793);
#589=LINE('',#4335,#794);
#590=LINE('',#4336,#795);
#591=LINE('',#4342,#796);
#592=LINE('',#4346,#797);
#593=LINE('',#4350,#798);
#594=LINE('',#4352,#799);
#595=LINE('',#4353,#800);
#596=LINE('',#4356,#801);
#597=LINE('',#4358,#802);
#598=LINE('',#4359,#803);
#599=LINE('',#4361,#804);
#600=LINE('',#4362,#805);
#601=LINE('',#4364,#806);
#602=LINE('',#4365,#807);
#603=LINE('',#4372,#808);
#604=LINE('',#4373,#809);
#605=LINE('',#4375,#810);
#606=LINE('',#4378,#811);
#607=LINE('',#4379,#812);
#608=LINE('',#4382,#813);
#609=LINE('',#4383,#814);
#610=LINE('',#4385,#815);
#611=LINE('',#4388,#816);
#612=LINE('',#4389,#817);
#613=LINE('',#4393,#818);
#614=LINE('',#4397,#819);
#615=LINE('',#4399,#820);
#616=VECTOR('',#2434,10.);
#617=VECTOR('',#2437,10.);
#618=VECTOR('',#2448,10.);
#619=VECTOR('',#2449,10.);
#620=VECTOR('',#2460,10.);
#621=VECTOR('',#2461,10.);
#622=VECTOR('',#2464,10.);
#623=VECTOR('',#2467,10.);
#624=VECTOR('',#2470,10.);
#625=VECTOR('',#2471,10.);
#626=VECTOR('',#2474,10.);
#627=VECTOR('',#2479,10.);
#628=VECTOR('',#2480,10.);
#629=VECTOR('',#2483,10.);
#630=VECTOR('',#2484,10.);
#631=VECTOR('',#2487,10.);
#632=VECTOR('',#2488,10.);
#633=VECTOR('',#2489,10.);
#634=VECTOR('',#2490,10.);
#635=VECTOR('',#2491,10.);
#636=VECTOR('',#2502,10.);
#637=VECTOR('',#2513,10.);
#638=VECTOR('',#2516,10.);
#639=VECTOR('',#2519,10.);
#640=VECTOR('',#2520,10.);
#641=VECTOR('',#2521,10.);
#642=VECTOR('',#2522,10.);
#643=VECTOR('',#2523,10.);
#644=VECTOR('',#2526,10.);
#645=VECTOR('',#2527,10.);
#646=VECTOR('',#2530,10.);
#647=VECTOR('',#2531,10.);
#648=VECTOR('',#2538,10.);
#649=VECTOR('',#2541,10.);
#650=VECTOR('',#2552,10.);
#651=VECTOR('',#2553,10.);
#652=VECTOR('',#2564,10.);
#653=VECTOR('',#2565,10.);
#654=VECTOR('',#2568,10.);
#655=VECTOR('',#2571,10.);
#656=VECTOR('',#2574,10.);
#657=VECTOR('',#2575,10.);
#658=VECTOR('',#2578,10.);
#659=VECTOR('',#2583,10.);
#660=VECTOR('',#2584,10.);
#661=VECTOR('',#2587,10.);
#662=VECTOR('',#2588,10.);
#663=VECTOR('',#2591,10.);
#664=VECTOR('',#2592,10.);
#665=VECTOR('',#2593,10.);
#666=VECTOR('',#2594,10.);
#667=VECTOR('',#2595,10.);
#668=VECTOR('',#2606,10.);
#669=VECTOR('',#2617,10.);
#670=VECTOR('',#2620,10.);
#671=VECTOR('',#2623,10.);
#672=VECTOR('',#2624,10.);
#673=VECTOR('',#2625,10.);
#674=VECTOR('',#2626,10.);
#675=VECTOR('',#2627,10.);
#676=VECTOR('',#2630,10.);
#677=VECTOR('',#2631,10.);
#678=VECTOR('',#2634,10.);
#679=VECTOR('',#2635,10.);
#680=VECTOR('',#2642,10.);
#681=VECTOR('',#2645,10.);
#682=VECTOR('',#2656,10.);
#683=VECTOR('',#2657,10.);
#684=VECTOR('',#2668,10.);
#685=VECTOR('',#2669,10.);
#686=VECTOR('',#2672,10.);
#687=VECTOR('',#2675,10.);
#688=VECTOR('',#2678,10.);
#689=VECTOR('',#2679,10.);
#690=VECTOR('',#2682,10.);
#691=VECTOR('',#2687,10.);
#692=VECTOR('',#2688,10.);
#693=VECTOR('',#2691,10.);
#694=VECTOR('',#2692,10.);
#695=VECTOR('',#2695,10.);
#696=VECTOR('',#2696,10.);
#697=VECTOR('',#2697,10.);
#698=VECTOR('',#2698,10.);
#699=VECTOR('',#2699,10.);
#700=VECTOR('',#2710,10.);
#701=VECTOR('',#2721,10.);
#702=VECTOR('',#2724,10.);
#703=VECTOR('',#2727,10.);
#704=VECTOR('',#2728,10.);
#705=VECTOR('',#2729,10.);
#706=VECTOR('',#2730,10.);
#707=VECTOR('',#2731,10.);
#708=VECTOR('',#2734,10.);
#709=VECTOR('',#2735,10.);
#710=VECTOR('',#2738,10.);
#711=VECTOR('',#2739,10.);
#712=VECTOR('',#2746,10.);
#713=VECTOR('',#2749,10.);
#714=VECTOR('',#2760,10.);
#715=VECTOR('',#2761,10.);
#716=VECTOR('',#2772,10.);
#717=VECTOR('',#2773,10.);
#718=VECTOR('',#2776,10.);
#719=VECTOR('',#2779,10.);
#720=VECTOR('',#2782,10.);
#721=VECTOR('',#2783,10.);
#722=VECTOR('',#2786,10.);
#723=VECTOR('',#2791,10.);
#724=VECTOR('',#2792,10.);
#725=VECTOR('',#2795,10.);
#726=VECTOR('',#2796,10.);
#727=VECTOR('',#2797,10.);
#728=VECTOR('',#2802,10.);
#729=VECTOR('',#2803,10.);
#730=VECTOR('',#2806,10.);
#731=VECTOR('',#2807,10.);
#732=VECTOR('',#2808,10.);
#733=VECTOR('',#2809,10.);
#734=VECTOR('',#2810,10.);
#735=VECTOR('',#2821,10.);
#736=VECTOR('',#2832,10.);
#737=VECTOR('',#2835,10.);
#738=VECTOR('',#2838,10.);
#739=VECTOR('',#2839,10.);
#740=VECTOR('',#2840,10.);
#741=VECTOR('',#2841,10.);
#742=VECTOR('',#2842,10.);
#743=VECTOR('',#2845,10.);
#744=VECTOR('',#2846,10.);
#745=VECTOR('',#2849,10.);
#746=VECTOR('',#2850,10.);
#747=VECTOR('',#2857,10.);
#748=VECTOR('',#2860,10.);
#749=VECTOR('',#2871,10.);
#750=VECTOR('',#2872,10.);
#751=VECTOR('',#2883,10.);
#752=VECTOR('',#2884,10.);
#753=VECTOR('',#2887,10.);
#754=VECTOR('',#2890,10.);
#755=VECTOR('',#2893,10.);
#756=VECTOR('',#2894,10.);
#757=VECTOR('',#2897,10.);
#758=VECTOR('',#2902,10.);
#759=VECTOR('',#2903,10.);
#760=VECTOR('',#2906,10.);
#761=VECTOR('',#2907,10.);
#762=VECTOR('',#2910,10.);
#763=VECTOR('',#2911,10.);
#764=VECTOR('',#2912,10.);
#765=VECTOR('',#2913,10.);
#766=VECTOR('',#2914,10.);
#767=VECTOR('',#2925,10.);
#768=VECTOR('',#2936,10.);
#769=VECTOR('',#2939,10.);
#770=VECTOR('',#2942,10.);
#771=VECTOR('',#2943,10.);
#772=VECTOR('',#2944,10.);
#773=VECTOR('',#2945,10.);
#774=VECTOR('',#2946,10.);
#775=VECTOR('',#2949,10.);
#776=VECTOR('',#2950,10.);
#777=VECTOR('',#2953,10.);
#778=VECTOR('',#2954,10.);
#779=VECTOR('',#2959,10.);
#780=VECTOR('',#2960,10.);
#781=VECTOR('',#2961,10.);
#782=VECTOR('',#2962,10.);
#783=VECTOR('',#2965,10.);
#784=VECTOR('',#2966,10.);
#785=VECTOR('',#2967,10.);
#786=VECTOR('',#2972,10.);
#787=VECTOR('',#2975,10.);
#788=VECTOR('',#2978,10.);
#789=VECTOR('',#2979,10.);
#790=VECTOR('',#2980,10.);
#791=VECTOR('',#2985,10.);
#792=VECTOR('',#2988,10.);
#793=VECTOR('',#2991,10.);
#794=VECTOR('',#2992,10.);
#795=VECTOR('',#2993,10.);
#796=VECTOR('',#3000,10.);
#797=VECTOR('',#3005,10.);
#798=VECTOR('',#3010,10.);
#799=VECTOR('',#3011,10.);
#800=VECTOR('',#3012,10.);
#801=VECTOR('',#3015,10.);
#802=VECTOR('',#3016,10.);
#803=VECTOR('',#3017,10.);
#804=VECTOR('',#3018,10.);
#805=VECTOR('',#3019,10.);
#806=VECTOR('',#3020,10.);
#807=VECTOR('',#3021,10.);
#808=VECTOR('',#3028,10.);
#809=VECTOR('',#3029,10.);
#810=VECTOR('',#3032,10.);
#811=VECTOR('',#3035,10.);
#812=VECTOR('',#3036,10.);
#813=VECTOR('',#3039,10.);
#814=VECTOR('',#3040,10.);
#815=VECTOR('',#3043,10.);
#816=VECTOR('',#3046,10.);
#817=VECTOR('',#3047,10.);
#818=VECTOR('',#3052,1.65099999999999);
#819=VECTOR('',#3057,1.65099999999999);
#820=VECTOR('',#3060,10.);
#821=ELLIPSE('',#2215,0.42597094971371,0.381);
#822=ELLIPSE('',#2218,0.851941899427421,0.762);
#823=ELLIPSE('',#2219,0.53881536726415,0.381);
#824=ELLIPSE('',#2223,0.851941899427421,0.762);
#825=ELLIPSE('',#2224,0.53881536726415,0.381);
#826=ELLIPSE('',#2226,0.42597094971371,0.381);
#827=ELLIPSE('',#2228,0.53881536726415,0.381);
#828=ELLIPSE('',#2231,0.53881536726415,0.381);
#829=ELLIPSE('',#2235,0.851941899427423,0.762);
#830=ELLIPSE('',#2239,0.425970949713712,0.381);
#831=ELLIPSE('',#2241,0.851941899427423,0.762);
#832=ELLIPSE('',#2244,0.425970949713712,0.381);
#833=ELLIPSE('',#2251,0.42597094971371,0.381);
#834=ELLIPSE('',#2254,0.851941899427421,0.762);
#835=ELLIPSE('',#2255,0.53881536726415,0.381);
#836=ELLIPSE('',#2259,0.851941899427421,0.762);
#837=ELLIPSE('',#2260,0.53881536726415,0.381);
#838=ELLIPSE('',#2262,0.42597094971371,0.381);
#839=ELLIPSE('',#2264,0.53881536726415,0.381);
#840=ELLIPSE('',#2267,0.53881536726415,0.381);
#841=ELLIPSE('',#2271,0.851941899427423,0.762);
#842=ELLIPSE('',#2275,0.425970949713712,0.381);
#843=ELLIPSE('',#2277,0.851941899427423,0.762);
#844=ELLIPSE('',#2280,0.425970949713712,0.381);
#845=ELLIPSE('',#2287,0.42597094971371,0.381);
#846=ELLIPSE('',#2290,0.851941899427421,0.762);
#847=ELLIPSE('',#2291,0.53881536726415,0.381);
#848=ELLIPSE('',#2295,0.851941899427421,0.762);
#849=ELLIPSE('',#2296,0.53881536726415,0.381);
#850=ELLIPSE('',#2298,0.42597094971371,0.381);
#851=ELLIPSE('',#2300,0.53881536726415,0.381);
#852=ELLIPSE('',#2303,0.53881536726415,0.381);
#853=ELLIPSE('',#2307,0.851941899427423,0.762);
#854=ELLIPSE('',#2311,0.425970949713712,0.381);
#855=ELLIPSE('',#2313,0.851941899427423,0.762);
#856=ELLIPSE('',#2316,0.425970949713712,0.381);
#857=ELLIPSE('',#2323,0.42597094971371,0.381);
#858=ELLIPSE('',#2326,0.851941899427421,0.762);
#859=ELLIPSE('',#2327,0.53881536726415,0.381);
#860=ELLIPSE('',#2331,0.851941899427421,0.762);
#861=ELLIPSE('',#2332,0.53881536726415,0.381);
#862=ELLIPSE('',#2334,0.42597094971371,0.381);
#863=ELLIPSE('',#2336,0.53881536726415,0.381);
#864=ELLIPSE('',#2339,0.53881536726415,0.381);
#865=ELLIPSE('',#2345,0.851941899427423,0.762);
#866=ELLIPSE('',#2349,0.425970949713712,0.381);
#867=ELLIPSE('',#2351,0.851941899427423,0.762);
#868=ELLIPSE('',#2354,0.425970949713712,0.381);
#869=ELLIPSE('',#2361,0.42597094971371,0.381);
#870=ELLIPSE('',#2364,0.851941899427421,0.762);
#871=ELLIPSE('',#2365,0.53881536726415,0.381);
#872=ELLIPSE('',#2369,0.851941899427421,0.762);
#873=ELLIPSE('',#2370,0.53881536726415,0.381);
#874=ELLIPSE('',#2372,0.42597094971371,0.381);
#875=ELLIPSE('',#2374,0.53881536726415,0.381);
#876=ELLIPSE('',#2377,0.53881536726415,0.381);
#877=ELLIPSE('',#2381,0.851941899427423,0.762);
#878=ELLIPSE('',#2385,0.425970949713712,0.381);
#879=ELLIPSE('',#2387,0.851941899427423,0.762);
#880=ELLIPSE('',#2390,0.425970949713712,0.381);
#881=VERTEX_POINT('',#3065);
#882=VERTEX_POINT('',#3066);
#883=VERTEX_POINT('',#3068);
#884=VERTEX_POINT('',#3070);
#885=VERTEX_POINT('',#3109);
#886=VERTEX_POINT('',#3110);
#887=VERTEX_POINT('',#3115);
#888=VERTEX_POINT('',#3116);
#889=VERTEX_POINT('',#3156);
#890=VERTEX_POINT('',#3157);
#891=VERTEX_POINT('',#3162);
#892=VERTEX_POINT('',#3163);
#893=VERTEX_POINT('',#3168);
#894=VERTEX_POINT('',#3170);
#895=VERTEX_POINT('',#3174);
#896=VERTEX_POINT('',#3178);
#897=VERTEX_POINT('',#3182);
#898=VERTEX_POINT('',#3186);
#899=VERTEX_POINT('',#3190);
#900=VERTEX_POINT('',#3192);
#901=VERTEX_POINT('',#3194);
#902=VERTEX_POINT('',#3196);
#903=VERTEX_POINT('',#3235);
#904=VERTEX_POINT('',#3236);
#905=VERTEX_POINT('',#3241);
#906=VERTEX_POINT('',#3280);
#907=VERTEX_POINT('',#3282);
#908=VERTEX_POINT('',#3286);
#909=VERTEX_POINT('',#3292);
#910=VERTEX_POINT('',#3294);
#911=VERTEX_POINT('',#3296);
#912=VERTEX_POINT('',#3298);
#913=VERTEX_POINT('',#3309);
#914=VERTEX_POINT('',#3310);
#915=VERTEX_POINT('',#3312);
#916=VERTEX_POINT('',#3314);
#917=VERTEX_POINT('',#3353);
#918=VERTEX_POINT('',#3354);
#919=VERTEX_POINT('',#3359);
#920=VERTEX_POINT('',#3360);
#921=VERTEX_POINT('',#3400);
#922=VERTEX_POINT('',#3401);
#923=VERTEX_POINT('',#3406);
#924=VERTEX_POINT('',#3407);
#925=VERTEX_POINT('',#3412);
#926=VERTEX_POINT('',#3414);
#927=VERTEX_POINT('',#3418);
#928=VERTEX_POINT('',#3422);
#929=VERTEX_POINT('',#3426);
#930=VERTEX_POINT('',#3430);
#931=VERTEX_POINT('',#3434);
#932=VERTEX_POINT('',#3436);
#933=VERTEX_POINT('',#3438);
#934=VERTEX_POINT('',#3440);
#935=VERTEX_POINT('',#3479);
#936=VERTEX_POINT('',#3480);
#937=VERTEX_POINT('',#3485);
#938=VERTEX_POINT('',#3524);
#939=VERTEX_POINT('',#3526);
#940=VERTEX_POINT('',#3530);
#941=VERTEX_POINT('',#3536);
#942=VERTEX_POINT('',#3538);
#943=VERTEX_POINT('',#3540);
#944=VERTEX_POINT('',#3542);
#945=VERTEX_POINT('',#3553);
#946=VERTEX_POINT('',#3554);
#947=VERTEX_POINT('',#3556);
#948=VERTEX_POINT('',#3558);
#949=VERTEX_POINT('',#3597);
#950=VERTEX_POINT('',#3598);
#951=VERTEX_POINT('',#3603);
#952=VERTEX_POINT('',#3604);
#953=VERTEX_POINT('',#3644);
#954=VERTEX_POINT('',#3645);
#955=VERTEX_POINT('',#3650);
#956=VERTEX_POINT('',#3651);
#957=VERTEX_POINT('',#3656);
#958=VERTEX_POINT('',#3658);
#959=VERTEX_POINT('',#3662);
#960=VERTEX_POINT('',#3666);
#961=VERTEX_POINT('',#3670);
#962=VERTEX_POINT('',#3674);
#963=VERTEX_POINT('',#3678);
#964=VERTEX_POINT('',#3680);
#965=VERTEX_POINT('',#3682);
#966=VERTEX_POINT('',#3684);
#967=VERTEX_POINT('',#3723);
#968=VERTEX_POINT('',#3724);
#969=VERTEX_POINT('',#3729);
#970=VERTEX_POINT('',#3768);
#971=VERTEX_POINT('',#3770);
#972=VERTEX_POINT('',#3774);
#973=VERTEX_POINT('',#3780);
#974=VERTEX_POINT('',#3782);
#975=VERTEX_POINT('',#3784);
#976=VERTEX_POINT('',#3786);
#977=VERTEX_POINT('',#3797);
#978=VERTEX_POINT('',#3798);
#979=VERTEX_POINT('',#3800);
#980=VERTEX_POINT('',#3802);
#981=VERTEX_POINT('',#3841);
#982=VERTEX_POINT('',#3842);
#983=VERTEX_POINT('',#3847);
#984=VERTEX_POINT('',#3848);
#985=VERTEX_POINT('',#3888);
#986=VERTEX_POINT('',#3889);
#987=VERTEX_POINT('',#3894);
#988=VERTEX_POINT('',#3895);
#989=VERTEX_POINT('',#3900);
#990=VERTEX_POINT('',#3902);
#991=VERTEX_POINT('',#3906);
#992=VERTEX_POINT('',#3910);
#993=VERTEX_POINT('',#3914);
#994=VERTEX_POINT('',#3918);
#995=VERTEX_POINT('',#3919);
#996=VERTEX_POINT('',#3921);
#997=VERTEX_POINT('',#3923);
#998=VERTEX_POINT('',#3927);
#999=VERTEX_POINT('',#3931);
#1000=VERTEX_POINT('',#3933);
#1001=VERTEX_POINT('',#3935);
#1002=VERTEX_POINT('',#3975);
#1003=VERTEX_POINT('',#3976);
#1004=VERTEX_POINT('',#3981);
#1005=VERTEX_POINT('',#4020);
#1006=VERTEX_POINT('',#4022);
#1007=VERTEX_POINT('',#4026);
#1008=VERTEX_POINT('',#4032);
#1009=VERTEX_POINT('',#4034);
#1010=VERTEX_POINT('',#4036);
#1011=VERTEX_POINT('',#4038);
#1012=VERTEX_POINT('',#4049);
#1013=VERTEX_POINT('',#4050);
#1014=VERTEX_POINT('',#4052);
#1015=VERTEX_POINT('',#4054);
#1016=VERTEX_POINT('',#4093);
#1017=VERTEX_POINT('',#4094);
#1018=VERTEX_POINT('',#4099);
#1019=VERTEX_POINT('',#4100);
#1020=VERTEX_POINT('',#4140);
#1021=VERTEX_POINT('',#4141);
#1022=VERTEX_POINT('',#4146);
#1023=VERTEX_POINT('',#4147);
#1024=VERTEX_POINT('',#4152);
#1025=VERTEX_POINT('',#4154);
#1026=VERTEX_POINT('',#4158);
#1027=VERTEX_POINT('',#4162);
#1028=VERTEX_POINT('',#4166);
#1029=VERTEX_POINT('',#4170);
#1030=VERTEX_POINT('',#4174);
#1031=VERTEX_POINT('',#4176);
#1032=VERTEX_POINT('',#4178);
#1033=VERTEX_POINT('',#4180);
#1034=VERTEX_POINT('',#4219);
#1035=VERTEX_POINT('',#4220);
#1036=VERTEX_POINT('',#4225);
#1037=VERTEX_POINT('',#4264);
#1038=VERTEX_POINT('',#4266);
#1039=VERTEX_POINT('',#4270);
#1040=VERTEX_POINT('',#4276);
#1041=VERTEX_POINT('',#4278);
#1042=VERTEX_POINT('',#4280);
#1043=VERTEX_POINT('',#4282);
#1044=VERTEX_POINT('',#4293);
#1045=VERTEX_POINT('',#4294);
#1046=VERTEX_POINT('',#4296);
#1047=VERTEX_POINT('',#4298);
#1048=VERTEX_POINT('',#4302);
#1049=VERTEX_POINT('',#4304);
#1050=VERTEX_POINT('',#4308);
#1051=VERTEX_POINT('',#4309);
#1052=VERTEX_POINT('',#4311);
#1053=VERTEX_POINT('',#4313);
#1054=VERTEX_POINT('',#4317);
#1055=VERTEX_POINT('',#4319);
#1056=VERTEX_POINT('',#4323);
#1057=VERTEX_POINT('',#4324);
#1058=VERTEX_POINT('',#4326);
#1059=VERTEX_POINT('',#4328);
#1060=VERTEX_POINT('',#4332);
#1061=VERTEX_POINT('',#4334);
#1062=VERTEX_POINT('',#4338);
#1063=VERTEX_POINT('',#4340);
#1064=VERTEX_POINT('',#4344);
#1065=VERTEX_POINT('',#4349);
#1066=VERTEX_POINT('',#4351);
#1067=VERTEX_POINT('',#4355);
#1068=VERTEX_POINT('',#4357);
#1069=VERTEX_POINT('',#4360);
#1070=VERTEX_POINT('',#4363);
#1071=VERTEX_POINT('',#4366);
#1072=VERTEX_POINT('',#4368);
#1073=VERTEX_POINT('',#4371);
#1074=VERTEX_POINT('',#4377);
#1075=VERTEX_POINT('',#4381);
#1076=VERTEX_POINT('',#4387);
#1077=VERTEX_POINT('',#4391);
#1078=VERTEX_POINT('',#4395);
#1079=EDGE_CURVE('',#881,#882,#821,.T.);
#1080=EDGE_CURVE('',#881,#883,#411,.T.);
#1081=EDGE_CURVE('',#883,#884,#358,.T.);
#1082=EDGE_CURVE('',#884,#882,#412,.T.);
#1083=EDGE_CURVE('',#885,#886,#359,.T.);
#1084=EDGE_CURVE('',#886,#884,#822,.T.);
#1085=EDGE_CURVE('',#883,#885,#823,.T.);
#1086=EDGE_CURVE('',#887,#888,#360,.T.);
#1087=EDGE_CURVE('',#888,#886,#413,.T.);
#1088=EDGE_CURVE('',#885,#887,#414,.T.);
#1089=EDGE_CURVE('',#889,#890,#361,.T.);
#1090=EDGE_CURVE('',#890,#888,#824,.T.);
#1091=EDGE_CURVE('',#887,#889,#825,.T.);
#1092=EDGE_CURVE('',#891,#892,#826,.T.);
#1093=EDGE_CURVE('',#891,#890,#415,.T.);
#1094=EDGE_CURVE('',#889,#892,#416,.T.);
#1095=EDGE_CURVE('',#887,#893,#417,.T.);
#1096=EDGE_CURVE('',#893,#894,#827,.F.);
#1097=EDGE_CURVE('',#894,#889,#418,.T.);
#1098=EDGE_CURVE('',#895,#885,#419,.T.);
#1099=EDGE_CURVE('',#893,#895,#420,.T.);
#1100=EDGE_CURVE('',#883,#896,#421,.T.);
#1101=EDGE_CURVE('',#896,#895,#828,.F.);
#1102=EDGE_CURVE('',#897,#881,#422,.T.);
#1103=EDGE_CURVE('',#896,#897,#423,.T.);
#1104=EDGE_CURVE('',#898,#894,#424,.T.);
#1105=EDGE_CURVE('',#892,#898,#425,.T.);
#1106=EDGE_CURVE('',#899,#891,#426,.T.);
#1107=EDGE_CURVE('',#899,#900,#427,.T.);
#1108=EDGE_CURVE('',#901,#900,#428,.F.);
#1109=EDGE_CURVE('',#902,#901,#429,.F.);
#1110=EDGE_CURVE('',#882,#902,#430,.T.);
#1111=EDGE_CURVE('',#903,#904,#829,.T.);
#1112=EDGE_CURVE('',#894,#904,#362,.T.);
#1113=EDGE_CURVE('',#903,#893,#363,.T.);
#1114=EDGE_CURVE('',#898,#905,#830,.T.);
#1115=EDGE_CURVE('',#904,#905,#431,.T.);
#1116=EDGE_CURVE('',#906,#896,#364,.T.);
#1117=EDGE_CURVE('',#906,#907,#831,.T.);
#1118=EDGE_CURVE('',#895,#907,#365,.T.);
#1119=EDGE_CURVE('',#908,#897,#832,.T.);
#1120=EDGE_CURVE('',#908,#906,#432,.T.);
#1121=EDGE_CURVE('',#907,#903,#433,.T.);
#1122=EDGE_CURVE('',#909,#908,#434,.T.);
#1123=EDGE_CURVE('',#909,#910,#435,.T.);
#1124=EDGE_CURVE('',#911,#910,#436,.T.);
#1125=EDGE_CURVE('',#911,#912,#437,.T.);
#1126=EDGE_CURVE('',#905,#912,#438,.T.);
#1127=EDGE_CURVE('',#902,#909,#439,.T.);
#1128=EDGE_CURVE('',#910,#901,#440,.T.);
#1129=EDGE_CURVE('',#900,#911,#441,.T.);
#1130=EDGE_CURVE('',#912,#899,#442,.T.);
#1131=EDGE_CURVE('',#913,#914,#833,.T.);
#1132=EDGE_CURVE('',#913,#915,#443,.T.);
#1133=EDGE_CURVE('',#915,#916,#366,.T.);
#1134=EDGE_CURVE('',#916,#914,#444,.T.);
#1135=EDGE_CURVE('',#917,#918,#367,.T.);
#1136=EDGE_CURVE('',#918,#916,#834,.T.);
#1137=EDGE_CURVE('',#915,#917,#835,.T.);
#1138=EDGE_CURVE('',#919,#920,#368,.T.);
#1139=EDGE_CURVE('',#920,#918,#445,.T.);
#1140=EDGE_CURVE('',#917,#919,#446,.T.);
#1141=EDGE_CURVE('',#921,#922,#369,.T.);
#1142=EDGE_CURVE('',#922,#920,#836,.T.);
#1143=EDGE_CURVE('',#919,#921,#837,.T.);
#1144=EDGE_CURVE('',#923,#924,#838,.T.);
#1145=EDGE_CURVE('',#923,#922,#447,.T.);
#1146=EDGE_CURVE('',#921,#924,#448,.T.);
#1147=EDGE_CURVE('',#919,#925,#449,.T.);
#1148=EDGE_CURVE('',#925,#926,#839,.F.);
#1149=EDGE_CURVE('',#926,#921,#450,.T.);
#1150=EDGE_CURVE('',#927,#917,#451,.T.);
#1151=EDGE_CURVE('',#925,#927,#452,.T.);
#1152=EDGE_CURVE('',#915,#928,#453,.T.);
#1153=EDGE_CURVE('',#928,#927,#840,.F.);
#1154=EDGE_CURVE('',#929,#913,#454,.T.);
#1155=EDGE_CURVE('',#928,#929,#455,.T.);
#1156=EDGE_CURVE('',#930,#926,#456,.T.);
#1157=EDGE_CURVE('',#924,#930,#457,.T.);
#1158=EDGE_CURVE('',#931,#923,#458,.T.);
#1159=EDGE_CURVE('',#931,#932,#459,.T.);
#1160=EDGE_CURVE('',#933,#932,#460,.F.);
#1161=EDGE_CURVE('',#934,#933,#461,.F.);
#1162=EDGE_CURVE('',#914,#934,#462,.T.);
#1163=EDGE_CURVE('',#935,#936,#841,.T.);
#1164=EDGE_CURVE('',#926,#936,#370,.T.);
#1165=EDGE_CURVE('',#935,#925,#371,.T.);
#1166=EDGE_CURVE('',#930,#937,#842,.T.);
#1167=EDGE_CURVE('',#936,#937,#463,.T.);
#1168=EDGE_CURVE('',#938,#928,#372,.T.);
#1169=EDGE_CURVE('',#938,#939,#843,.T.);
#1170=EDGE_CURVE('',#927,#939,#373,.T.);
#1171=EDGE_CURVE('',#940,#929,#844,.T.);
#1172=EDGE_CURVE('',#940,#938,#464,.T.);
#1173=EDGE_CURVE('',#939,#935,#465,.T.);
#1174=EDGE_CURVE('',#941,#940,#466,.T.);
#1175=EDGE_CURVE('',#941,#942,#467,.T.);
#1176=EDGE_CURVE('',#943,#942,#468,.T.);
#1177=EDGE_CURVE('',#943,#944,#469,.T.);
#1178=EDGE_CURVE('',#937,#944,#470,.T.);
#1179=EDGE_CURVE('',#934,#941,#471,.T.);
#1180=EDGE_CURVE('',#942,#933,#472,.T.);
#1181=EDGE_CURVE('',#932,#943,#473,.T.);
#1182=EDGE_CURVE('',#944,#931,#474,.T.);
#1183=EDGE_CURVE('',#945,#946,#845,.T.);
#1184=EDGE_CURVE('',#945,#947,#475,.T.);
#1185=EDGE_CURVE('',#947,#948,#374,.T.);
#1186=EDGE_CURVE('',#948,#946,#476,.T.);
#1187=EDGE_CURVE('',#949,#950,#375,.T.);
#1188=EDGE_CURVE('',#950,#948,#846,.T.);
#1189=EDGE_CURVE('',#947,#949,#847,.T.);
#1190=EDGE_CURVE('',#951,#952,#376,.T.);
#1191=EDGE_CURVE('',#952,#950,#477,.T.);
#1192=EDGE_CURVE('',#949,#951,#478,.T.);
#1193=EDGE_CURVE('',#953,#954,#377,.T.);
#1194=EDGE_CURVE('',#954,#952,#848,.T.);
#1195=EDGE_CURVE('',#951,#953,#849,.T.);
#1196=EDGE_CURVE('',#955,#956,#850,.T.);
#1197=EDGE_CURVE('',#955,#954,#479,.T.);
#1198=EDGE_CURVE('',#953,#956,#480,.T.);
#1199=EDGE_CURVE('',#951,#957,#481,.T.);
#1200=EDGE_CURVE('',#957,#958,#851,.F.);
#1201=EDGE_CURVE('',#958,#953,#482,.T.);
#1202=EDGE_CURVE('',#959,#949,#483,.T.);
#1203=EDGE_CURVE('',#957,#959,#484,.T.);
#1204=EDGE_CURVE('',#947,#960,#485,.T.);
#1205=EDGE_CURVE('',#960,#959,#852,.F.);
#1206=EDGE_CURVE('',#961,#945,#486,.T.);
#1207=EDGE_CURVE('',#960,#961,#487,.T.);
#1208=EDGE_CURVE('',#962,#958,#488,.T.);
#1209=EDGE_CURVE('',#956,#962,#489,.T.);
#1210=EDGE_CURVE('',#963,#955,#490,.T.);
#1211=EDGE_CURVE('',#963,#964,#491,.T.);
#1212=EDGE_CURVE('',#965,#964,#492,.F.);
#1213=EDGE_CURVE('',#966,#965,#493,.F.);
#1214=EDGE_CURVE('',#946,#966,#494,.T.);
#1215=EDGE_CURVE('',#967,#968,#853,.T.);
#1216=EDGE_CURVE('',#958,#968,#378,.T.);
#1217=EDGE_CURVE('',#967,#957,#379,.T.);
#1218=EDGE_CURVE('',#962,#969,#854,.T.);
#1219=EDGE_CURVE('',#968,#969,#495,.T.);
#1220=EDGE_CURVE('',#970,#960,#380,.T.);
#1221=EDGE_CURVE('',#970,#971,#855,.T.);
#1222=EDGE_CURVE('',#959,#971,#381,.T.);
#1223=EDGE_CURVE('',#972,#961,#856,.T.);
#1224=EDGE_CURVE('',#972,#970,#496,.T.);
#1225=EDGE_CURVE('',#971,#967,#497,.T.);
#1226=EDGE_CURVE('',#973,#972,#498,.T.);
#1227=EDGE_CURVE('',#973,#974,#499,.T.);
#1228=EDGE_CURVE('',#975,#974,#500,.T.);
#1229=EDGE_CURVE('',#975,#976,#501,.T.);
#1230=EDGE_CURVE('',#969,#976,#502,.T.);
#1231=EDGE_CURVE('',#966,#973,#503,.T.);
#1232=EDGE_CURVE('',#974,#965,#504,.T.);
#1233=EDGE_CURVE('',#964,#975,#505,.T.);
#1234=EDGE_CURVE('',#976,#963,#506,.T.);
#1235=EDGE_CURVE('',#977,#978,#857,.T.);
#1236=EDGE_CURVE('',#977,#979,#507,.T.);
#1237=EDGE_CURVE('',#979,#980,#382,.T.);
#1238=EDGE_CURVE('',#980,#978,#508,.T.);
#1239=EDGE_CURVE('',#981,#982,#383,.T.);
#1240=EDGE_CURVE('',#982,#980,#858,.T.);
#1241=EDGE_CURVE('',#979,#981,#859,.T.);
#1242=EDGE_CURVE('',#983,#984,#384,.T.);
#1243=EDGE_CURVE('',#984,#982,#509,.T.);
#1244=EDGE_CURVE('',#981,#983,#510,.T.);
#1245=EDGE_CURVE('',#985,#986,#385,.T.);
#1246=EDGE_CURVE('',#986,#984,#860,.T.);
#1247=EDGE_CURVE('',#983,#985,#861,.T.);
#1248=EDGE_CURVE('',#987,#988,#862,.T.);
#1249=EDGE_CURVE('',#987,#986,#511,.T.);
#1250=EDGE_CURVE('',#985,#988,#512,.T.);
#1251=EDGE_CURVE('',#983,#989,#513,.T.);
#1252=EDGE_CURVE('',#989,#990,#863,.F.);
#1253=EDGE_CURVE('',#990,#985,#514,.T.);
#1254=EDGE_CURVE('',#991,#981,#515,.T.);
#1255=EDGE_CURVE('',#989,#991,#516,.T.);
#1256=EDGE_CURVE('',#979,#992,#517,.T.);
#1257=EDGE_CURVE('',#992,#991,#864,.F.);
#1258=EDGE_CURVE('',#993,#977,#518,.T.);
#1259=EDGE_CURVE('',#992,#993,#519,.T.);
#1260=EDGE_CURVE('',#994,#995,#520,.T.);
#1261=EDGE_CURVE('',#996,#995,#521,.F.);
#1262=EDGE_CURVE('',#997,#996,#522,.T.);
#1263=EDGE_CURVE('',#994,#997,#386,.T.);
#1264=EDGE_CURVE('',#998,#990,#523,.T.);
#1265=EDGE_CURVE('',#988,#998,#524,.T.);
#1266=EDGE_CURVE('',#999,#987,#525,.T.);
#1267=EDGE_CURVE('',#999,#1000,#526,.T.);
#1268=EDGE_CURVE('',#1001,#1000,#527,.F.);
#1269=EDGE_CURVE('',#996,#1001,#528,.F.);
#1270=EDGE_CURVE('',#978,#995,#529,.T.);
#1271=EDGE_CURVE('',#1002,#1003,#865,.T.);
#1272=EDGE_CURVE('',#990,#1003,#387,.T.);
#1273=EDGE_CURVE('',#1002,#989,#388,.T.);
#1274=EDGE_CURVE('',#998,#1004,#866,.T.);
#1275=EDGE_CURVE('',#1003,#1004,#530,.T.);
#1276=EDGE_CURVE('',#1005,#992,#389,.T.);
#1277=EDGE_CURVE('',#1005,#1006,#867,.T.);
#1278=EDGE_CURVE('',#991,#1006,#390,.T.);
#1279=EDGE_CURVE('',#1007,#993,#868,.T.);
#1280=EDGE_CURVE('',#1007,#1005,#531,.T.);
#1281=EDGE_CURVE('',#1006,#1002,#532,.T.);
#1282=EDGE_CURVE('',#1008,#1007,#533,.T.);
#1283=EDGE_CURVE('',#1008,#1009,#534,.T.);
#1284=EDGE_CURVE('',#1010,#1009,#535,.T.);
#1285=EDGE_CURVE('',#1010,#1011,#536,.T.);
#1286=EDGE_CURVE('',#1004,#1011,#537,.T.);
#1287=EDGE_CURVE('',#997,#1008,#538,.T.);
#1288=EDGE_CURVE('',#1009,#1001,#539,.T.);
#1289=EDGE_CURVE('',#1000,#1010,#540,.T.);
#1290=EDGE_CURVE('',#1011,#999,#541,.T.);
#1291=EDGE_CURVE('',#1012,#1013,#869,.T.);
#1292=EDGE_CURVE('',#1012,#1014,#542,.T.);
#1293=EDGE_CURVE('',#1014,#1015,#391,.T.);
#1294=EDGE_CURVE('',#1015,#1013,#543,.T.);
#1295=EDGE_CURVE('',#1016,#1017,#392,.T.);
#1296=EDGE_CURVE('',#1017,#1015,#870,.T.);
#1297=EDGE_CURVE('',#1014,#1016,#871,.T.);
#1298=EDGE_CURVE('',#1018,#1019,#393,.T.);
#1299=EDGE_CURVE('',#1019,#1017,#544,.T.);
#1300=EDGE_CURVE('',#1016,#1018,#545,.T.);
#1301=EDGE_CURVE('',#1020,#1021,#394,.T.);
#1302=EDGE_CURVE('',#1021,#1019,#872,.T.);
#1303=EDGE_CURVE('',#1018,#1020,#873,.T.);
#1304=EDGE_CURVE('',#1022,#1023,#874,.T.);
#1305=EDGE_CURVE('',#1022,#1021,#546,.T.);
#1306=EDGE_CURVE('',#1020,#1023,#547,.T.);
#1307=EDGE_CURVE('',#1018,#1024,#548,.T.);
#1308=EDGE_CURVE('',#1024,#1025,#875,.F.);
#1309=EDGE_CURVE('',#1025,#1020,#549,.T.);
#1310=EDGE_CURVE('',#1026,#1016,#550,.T.);
#1311=EDGE_CURVE('',#1024,#1026,#551,.T.);
#1312=EDGE_CURVE('',#1014,#1027,#552,.T.);
#1313=EDGE_CURVE('',#1027,#1026,#876,.F.);
#1314=EDGE_CURVE('',#1028,#1012,#553,.T.);
#1315=EDGE_CURVE('',#1027,#1028,#554,.T.);
#1316=EDGE_CURVE('',#1029,#1025,#555,.T.);
#1317=EDGE_CURVE('',#1023,#1029,#556,.T.);
#1318=EDGE_CURVE('',#1030,#1022,#557,.T.);
#1319=EDGE_CURVE('',#1030,#1031,#558,.T.);
#1320=EDGE_CURVE('',#1032,#1031,#559,.F.);
#1321=EDGE_CURVE('',#1033,#1032,#560,.F.);
#1322=EDGE_CURVE('',#1013,#1033,#561,.T.);
#1323=EDGE_CURVE('',#1034,#1035,#877,.T.);
#1324=EDGE_CURVE('',#1025,#1035,#395,.T.);
#1325=EDGE_CURVE('',#1034,#1024,#396,.T.);
#1326=EDGE_CURVE('',#1029,#1036,#878,.T.);
#1327=EDGE_CURVE('',#1035,#1036,#562,.T.);
#1328=EDGE_CURVE('',#1037,#1027,#397,.T.);
#1329=EDGE_CURVE('',#1037,#1038,#879,.T.);
#1330=EDGE_CURVE('',#1026,#1038,#398,.T.);
#1331=EDGE_CURVE('',#1039,#1028,#880,.T.);
#1332=EDGE_CURVE('',#1039,#1037,#563,.T.);
#1333=EDGE_CURVE('',#1038,#1034,#564,.T.);
#1334=EDGE_CURVE('',#1040,#1039,#565,.T.);
#1335=EDGE_CURVE('',#1040,#1041,#566,.T.);
#1336=EDGE_CURVE('',#1042,#1041,#567,.T.);
#1337=EDGE_CURVE('',#1042,#1043,#568,.T.);
#1338=EDGE_CURVE('',#1036,#1043,#569,.T.);
#1339=EDGE_CURVE('',#1033,#1040,#570,.T.);
#1340=EDGE_CURVE('',#1041,#1032,#571,.T.);
#1341=EDGE_CURVE('',#1031,#1042,#572,.T.);
#1342=EDGE_CURVE('',#1043,#1030,#573,.T.);
#1343=EDGE_CURVE('',#1044,#1045,#574,.T.);
#1344=EDGE_CURVE('',#1045,#1046,#575,.T.);
#1345=EDGE_CURVE('',#1046,#1047,#576,.T.);
#1346=EDGE_CURVE('',#1044,#1047,#577,.T.);
#1347=EDGE_CURVE('',#1048,#1046,#578,.T.);
#1348=EDGE_CURVE('',#1049,#1048,#579,.T.);
#1349=EDGE_CURVE('',#1047,#1049,#580,.T.);
#1350=EDGE_CURVE('',#1050,#1051,#399,.T.);
#1351=EDGE_CURVE('',#1051,#1052,#581,.T.);
#1352=EDGE_CURVE('',#1052,#1053,#400,.T.);
#1353=EDGE_CURVE('',#1053,#1050,#582,.T.);
#1354=EDGE_CURVE('',#1051,#1054,#583,.T.);
#1355=EDGE_CURVE('',#1054,#1055,#584,.T.);
#1356=EDGE_CURVE('',#1052,#1055,#585,.T.);
#1357=EDGE_CURVE('',#1056,#1057,#401,.T.);
#1358=EDGE_CURVE('',#1057,#1058,#586,.T.);
#1359=EDGE_CURVE('',#1058,#1059,#402,.T.);
#1360=EDGE_CURVE('',#1059,#1056,#587,.T.);
#1361=EDGE_CURVE('',#1060,#1057,#588,.T.);
#1362=EDGE_CURVE('',#1061,#1060,#589,.T.);
#1363=EDGE_CURVE('',#1058,#1061,#590,.T.);
#1364=EDGE_CURVE('',#1062,#1049,#403,.T.);
#1365=EDGE_CURVE('',#1048,#1063,#404,.T.);
#1366=EDGE_CURVE('',#1063,#1062,#591,.T.);
#1367=EDGE_CURVE('',#1060,#1064,#405,.T.);
#1368=EDGE_CURVE('',#1064,#994,#592,.T.);
#1369=EDGE_CURVE('',#997,#1061,#406,.T.);
#1370=EDGE_CURVE('',#1064,#1065,#593,.T.);
#1371=EDGE_CURVE('',#1065,#1066,#594,.T.);
#1372=EDGE_CURVE('',#995,#1066,#595,.T.);
#1373=EDGE_CURVE('',#1050,#1067,#596,.T.);
#1374=EDGE_CURVE('',#1067,#1068,#597,.T.);
#1375=EDGE_CURVE('',#1068,#1044,#598,.T.);
#1376=EDGE_CURVE('',#1069,#1062,#599,.T.);
#1377=EDGE_CURVE('',#1065,#1069,#600,.T.);
#1378=EDGE_CURVE('',#1070,#1056,#601,.T.);
#1379=EDGE_CURVE('',#1054,#1070,#602,.T.);
#1380=EDGE_CURVE('',#1071,#1071,#407,.F.);
#1381=EDGE_CURVE('',#1072,#1072,#408,.F.);
#1382=EDGE_CURVE('',#1069,#1073,#603,.T.);
#1383=EDGE_CURVE('',#1066,#1073,#604,.T.);
#1384=EDGE_CURVE('',#1073,#1063,#605,.T.);
#1385=EDGE_CURVE('',#1068,#1074,#606,.T.);
#1386=EDGE_CURVE('',#1045,#1074,#607,.T.);
#1387=EDGE_CURVE('',#1067,#1075,#608,.T.);
#1388=EDGE_CURVE('',#1074,#1075,#609,.T.);
#1389=EDGE_CURVE('',#1075,#1053,#610,.T.);
#1390=EDGE_CURVE('',#1076,#1059,#611,.T.);
#1391=EDGE_CURVE('',#1070,#1076,#612,.T.);
#1392=EDGE_CURVE('',#1077,#1077,#409,.F.);
#1393=EDGE_CURVE('',#1077,#1071,#613,.T.);
#1394=EDGE_CURVE('',#1078,#1078,#410,.F.);
#1395=EDGE_CURVE('',#1078,#1072,#614,.T.);
#1396=EDGE_CURVE('',#1055,#1076,#615,.T.);
#1397=ORIENTED_EDGE('',*,*,#1079,.F.);
#1398=ORIENTED_EDGE('',*,*,#1080,.T.);
#1399=ORIENTED_EDGE('',*,*,#1081,.T.);
#1400=ORIENTED_EDGE('',*,*,#1082,.T.);
#1401=ORIENTED_EDGE('',*,*,#1083,.T.);
#1402=ORIENTED_EDGE('',*,*,#1084,.T.);
#1403=ORIENTED_EDGE('',*,*,#1081,.F.);
#1404=ORIENTED_EDGE('',*,*,#1085,.T.);
#1405=ORIENTED_EDGE('',*,*,#1086,.T.);
#1406=ORIENTED_EDGE('',*,*,#1087,.T.);
#1407=ORIENTED_EDGE('',*,*,#1083,.F.);
#1408=ORIENTED_EDGE('',*,*,#1088,.T.);
#1409=ORIENTED_EDGE('',*,*,#1089,.T.);
#1410=ORIENTED_EDGE('',*,*,#1090,.T.);
#1411=ORIENTED_EDGE('',*,*,#1086,.F.);
#1412=ORIENTED_EDGE('',*,*,#1091,.T.);
#1413=ORIENTED_EDGE('',*,*,#1092,.F.);
#1414=ORIENTED_EDGE('',*,*,#1093,.T.);
#1415=ORIENTED_EDGE('',*,*,#1089,.F.);
#1416=ORIENTED_EDGE('',*,*,#1094,.T.);
#1417=ORIENTED_EDGE('',*,*,#1091,.F.);
#1418=ORIENTED_EDGE('',*,*,#1095,.T.);
#1419=ORIENTED_EDGE('',*,*,#1096,.T.);
#1420=ORIENTED_EDGE('',*,*,#1097,.T.);
#1421=ORIENTED_EDGE('',*,*,#1088,.F.);
#1422=ORIENTED_EDGE('',*,*,#1098,.F.);
#1423=ORIENTED_EDGE('',*,*,#1099,.F.);
#1424=ORIENTED_EDGE('',*,*,#1095,.F.);
#1425=ORIENTED_EDGE('',*,*,#1085,.F.);
#1426=ORIENTED_EDGE('',*,*,#1100,.T.);
#1427=ORIENTED_EDGE('',*,*,#1101,.T.);
#1428=ORIENTED_EDGE('',*,*,#1098,.T.);
#1429=ORIENTED_EDGE('',*,*,#1080,.F.);
#1430=ORIENTED_EDGE('',*,*,#1102,.F.);
#1431=ORIENTED_EDGE('',*,*,#1103,.F.);
#1432=ORIENTED_EDGE('',*,*,#1100,.F.);
#1433=ORIENTED_EDGE('',*,*,#1094,.F.);
#1434=ORIENTED_EDGE('',*,*,#1097,.F.);
#1435=ORIENTED_EDGE('',*,*,#1104,.F.);
#1436=ORIENTED_EDGE('',*,*,#1105,.F.);
#1437=ORIENTED_EDGE('',*,*,#1093,.F.);
#1438=ORIENTED_EDGE('',*,*,#1106,.F.);
#1439=ORIENTED_EDGE('',*,*,#1107,.T.);
#1440=ORIENTED_EDGE('',*,*,#1108,.F.);
#1441=ORIENTED_EDGE('',*,*,#1109,.F.);
#1442=ORIENTED_EDGE('',*,*,#1110,.F.);
#1443=ORIENTED_EDGE('',*,*,#1082,.F.);
#1444=ORIENTED_EDGE('',*,*,#1084,.F.);
#1445=ORIENTED_EDGE('',*,*,#1087,.F.);
#1446=ORIENTED_EDGE('',*,*,#1090,.F.);
#1447=ORIENTED_EDGE('',*,*,#1111,.T.);
#1448=ORIENTED_EDGE('',*,*,#1112,.F.);
#1449=ORIENTED_EDGE('',*,*,#1096,.F.);
#1450=ORIENTED_EDGE('',*,*,#1113,.F.);
#1451=ORIENTED_EDGE('',*,*,#1114,.F.);
#1452=ORIENTED_EDGE('',*,*,#1104,.T.);
#1453=ORIENTED_EDGE('',*,*,#1112,.T.);
#1454=ORIENTED_EDGE('',*,*,#1115,.T.);
#1455=ORIENTED_EDGE('',*,*,#1101,.F.);
#1456=ORIENTED_EDGE('',*,*,#1116,.F.);
#1457=ORIENTED_EDGE('',*,*,#1117,.T.);
#1458=ORIENTED_EDGE('',*,*,#1118,.F.);
#1459=ORIENTED_EDGE('',*,*,#1119,.F.);
#1460=ORIENTED_EDGE('',*,*,#1120,.T.);
#1461=ORIENTED_EDGE('',*,*,#1116,.T.);
#1462=ORIENTED_EDGE('',*,*,#1103,.T.);
#1463=ORIENTED_EDGE('',*,*,#1118,.T.);
#1464=ORIENTED_EDGE('',*,*,#1121,.T.);
#1465=ORIENTED_EDGE('',*,*,#1113,.T.);
#1466=ORIENTED_EDGE('',*,*,#1099,.T.);
#1467=ORIENTED_EDGE('',*,*,#1115,.F.);
#1468=ORIENTED_EDGE('',*,*,#1111,.F.);
#1469=ORIENTED_EDGE('',*,*,#1121,.F.);
#1470=ORIENTED_EDGE('',*,*,#1117,.F.);
#1471=ORIENTED_EDGE('',*,*,#1120,.F.);
#1472=ORIENTED_EDGE('',*,*,#1122,.F.);
#1473=ORIENTED_EDGE('',*,*,#1123,.T.);
#1474=ORIENTED_EDGE('',*,*,#1124,.F.);
#1475=ORIENTED_EDGE('',*,*,#1125,.T.);
#1476=ORIENTED_EDGE('',*,*,#1126,.F.);
#1477=ORIENTED_EDGE('',*,*,#1127,.F.);
#1478=ORIENTED_EDGE('',*,*,#1109,.T.);
#1479=ORIENTED_EDGE('',*,*,#1128,.F.);
#1480=ORIENTED_EDGE('',*,*,#1123,.F.);
#1481=ORIENTED_EDGE('',*,*,#1129,.F.);
#1482=ORIENTED_EDGE('',*,*,#1107,.F.);
#1483=ORIENTED_EDGE('',*,*,#1130,.F.);
#1484=ORIENTED_EDGE('',*,*,#1125,.F.);
#1485=ORIENTED_EDGE('',*,*,#1108,.T.);
#1486=ORIENTED_EDGE('',*,*,#1129,.T.);
#1487=ORIENTED_EDGE('',*,*,#1124,.T.);
#1488=ORIENTED_EDGE('',*,*,#1128,.T.);
#1489=ORIENTED_EDGE('',*,*,#1131,.F.);
#1490=ORIENTED_EDGE('',*,*,#1132,.T.);
#1491=ORIENTED_EDGE('',*,*,#1133,.T.);
#1492=ORIENTED_EDGE('',*,*,#1134,.T.);
#1493=ORIENTED_EDGE('',*,*,#1135,.T.);
#1494=ORIENTED_EDGE('',*,*,#1136,.T.);
#1495=ORIENTED_EDGE('',*,*,#1133,.F.);
#1496=ORIENTED_EDGE('',*,*,#1137,.T.);
#1497=ORIENTED_EDGE('',*,*,#1138,.T.);
#1498=ORIENTED_EDGE('',*,*,#1139,.T.);
#1499=ORIENTED_EDGE('',*,*,#1135,.F.);
#1500=ORIENTED_EDGE('',*,*,#1140,.T.);
#1501=ORIENTED_EDGE('',*,*,#1141,.T.);
#1502=ORIENTED_EDGE('',*,*,#1142,.T.);
#1503=ORIENTED_EDGE('',*,*,#1138,.F.);
#1504=ORIENTED_EDGE('',*,*,#1143,.T.);
#1505=ORIENTED_EDGE('',*,*,#1144,.F.);
#1506=ORIENTED_EDGE('',*,*,#1145,.T.);
#1507=ORIENTED_EDGE('',*,*,#1141,.F.);
#1508=ORIENTED_EDGE('',*,*,#1146,.T.);
#1509=ORIENTED_EDGE('',*,*,#1143,.F.);
#1510=ORIENTED_EDGE('',*,*,#1147,.T.);
#1511=ORIENTED_EDGE('',*,*,#1148,.T.);
#1512=ORIENTED_EDGE('',*,*,#1149,.T.);
#1513=ORIENTED_EDGE('',*,*,#1140,.F.);
#1514=ORIENTED_EDGE('',*,*,#1150,.F.);
#1515=ORIENTED_EDGE('',*,*,#1151,.F.);
#1516=ORIENTED_EDGE('',*,*,#1147,.F.);
#1517=ORIENTED_EDGE('',*,*,#1137,.F.);
#1518=ORIENTED_EDGE('',*,*,#1152,.T.);
#1519=ORIENTED_EDGE('',*,*,#1153,.T.);
#1520=ORIENTED_EDGE('',*,*,#1150,.T.);
#1521=ORIENTED_EDGE('',*,*,#1132,.F.);
#1522=ORIENTED_EDGE('',*,*,#1154,.F.);
#1523=ORIENTED_EDGE('',*,*,#1155,.F.);
#1524=ORIENTED_EDGE('',*,*,#1152,.F.);
#1525=ORIENTED_EDGE('',*,*,#1146,.F.);
#1526=ORIENTED_EDGE('',*,*,#1149,.F.);
#1527=ORIENTED_EDGE('',*,*,#1156,.F.);
#1528=ORIENTED_EDGE('',*,*,#1157,.F.);
#1529=ORIENTED_EDGE('',*,*,#1145,.F.);
#1530=ORIENTED_EDGE('',*,*,#1158,.F.);
#1531=ORIENTED_EDGE('',*,*,#1159,.T.);
#1532=ORIENTED_EDGE('',*,*,#1160,.F.);
#1533=ORIENTED_EDGE('',*,*,#1161,.F.);
#1534=ORIENTED_EDGE('',*,*,#1162,.F.);
#1535=ORIENTED_EDGE('',*,*,#1134,.F.);
#1536=ORIENTED_EDGE('',*,*,#1136,.F.);
#1537=ORIENTED_EDGE('',*,*,#1139,.F.);
#1538=ORIENTED_EDGE('',*,*,#1142,.F.);
#1539=ORIENTED_EDGE('',*,*,#1163,.T.);
#1540=ORIENTED_EDGE('',*,*,#1164,.F.);
#1541=ORIENTED_EDGE('',*,*,#1148,.F.);
#1542=ORIENTED_EDGE('',*,*,#1165,.F.);
#1543=ORIENTED_EDGE('',*,*,#1166,.F.);
#1544=ORIENTED_EDGE('',*,*,#1156,.T.);
#1545=ORIENTED_EDGE('',*,*,#1164,.T.);
#1546=ORIENTED_EDGE('',*,*,#1167,.T.);
#1547=ORIENTED_EDGE('',*,*,#1153,.F.);
#1548=ORIENTED_EDGE('',*,*,#1168,.F.);
#1549=ORIENTED_EDGE('',*,*,#1169,.T.);
#1550=ORIENTED_EDGE('',*,*,#1170,.F.);
#1551=ORIENTED_EDGE('',*,*,#1171,.F.);
#1552=ORIENTED_EDGE('',*,*,#1172,.T.);
#1553=ORIENTED_EDGE('',*,*,#1168,.T.);
#1554=ORIENTED_EDGE('',*,*,#1155,.T.);
#1555=ORIENTED_EDGE('',*,*,#1170,.T.);
#1556=ORIENTED_EDGE('',*,*,#1173,.T.);
#1557=ORIENTED_EDGE('',*,*,#1165,.T.);
#1558=ORIENTED_EDGE('',*,*,#1151,.T.);
#1559=ORIENTED_EDGE('',*,*,#1167,.F.);
#1560=ORIENTED_EDGE('',*,*,#1163,.F.);
#1561=ORIENTED_EDGE('',*,*,#1173,.F.);
#1562=ORIENTED_EDGE('',*,*,#1169,.F.);
#1563=ORIENTED_EDGE('',*,*,#1172,.F.);
#1564=ORIENTED_EDGE('',*,*,#1174,.F.);
#1565=ORIENTED_EDGE('',*,*,#1175,.T.);
#1566=ORIENTED_EDGE('',*,*,#1176,.F.);
#1567=ORIENTED_EDGE('',*,*,#1177,.T.);
#1568=ORIENTED_EDGE('',*,*,#1178,.F.);
#1569=ORIENTED_EDGE('',*,*,#1179,.F.);
#1570=ORIENTED_EDGE('',*,*,#1161,.T.);
#1571=ORIENTED_EDGE('',*,*,#1180,.F.);
#1572=ORIENTED_EDGE('',*,*,#1175,.F.);
#1573=ORIENTED_EDGE('',*,*,#1181,.F.);
#1574=ORIENTED_EDGE('',*,*,#1159,.F.);
#1575=ORIENTED_EDGE('',*,*,#1182,.F.);
#1576=ORIENTED_EDGE('',*,*,#1177,.F.);
#1577=ORIENTED_EDGE('',*,*,#1160,.T.);
#1578=ORIENTED_EDGE('',*,*,#1181,.T.);
#1579=ORIENTED_EDGE('',*,*,#1176,.T.);
#1580=ORIENTED_EDGE('',*,*,#1180,.T.);
#1581=ORIENTED_EDGE('',*,*,#1183,.F.);
#1582=ORIENTED_EDGE('',*,*,#1184,.T.);
#1583=ORIENTED_EDGE('',*,*,#1185,.T.);
#1584=ORIENTED_EDGE('',*,*,#1186,.T.);
#1585=ORIENTED_EDGE('',*,*,#1187,.T.);
#1586=ORIENTED_EDGE('',*,*,#1188,.T.);
#1587=ORIENTED_EDGE('',*,*,#1185,.F.);
#1588=ORIENTED_EDGE('',*,*,#1189,.T.);
#1589=ORIENTED_EDGE('',*,*,#1190,.T.);
#1590=ORIENTED_EDGE('',*,*,#1191,.T.);
#1591=ORIENTED_EDGE('',*,*,#1187,.F.);
#1592=ORIENTED_EDGE('',*,*,#1192,.T.);
#1593=ORIENTED_EDGE('',*,*,#1193,.T.);
#1594=ORIENTED_EDGE('',*,*,#1194,.T.);
#1595=ORIENTED_EDGE('',*,*,#1190,.F.);
#1596=ORIENTED_EDGE('',*,*,#1195,.T.);
#1597=ORIENTED_EDGE('',*,*,#1196,.F.);
#1598=ORIENTED_EDGE('',*,*,#1197,.T.);
#1599=ORIENTED_EDGE('',*,*,#1193,.F.);
#1600=ORIENTED_EDGE('',*,*,#1198,.T.);
#1601=ORIENTED_EDGE('',*,*,#1195,.F.);
#1602=ORIENTED_EDGE('',*,*,#1199,.T.);
#1603=ORIENTED_EDGE('',*,*,#1200,.T.);
#1604=ORIENTED_EDGE('',*,*,#1201,.T.);
#1605=ORIENTED_EDGE('',*,*,#1192,.F.);
#1606=ORIENTED_EDGE('',*,*,#1202,.F.);
#1607=ORIENTED_EDGE('',*,*,#1203,.F.);
#1608=ORIENTED_EDGE('',*,*,#1199,.F.);
#1609=ORIENTED_EDGE('',*,*,#1189,.F.);
#1610=ORIENTED_EDGE('',*,*,#1204,.T.);
#1611=ORIENTED_EDGE('',*,*,#1205,.T.);
#1612=ORIENTED_EDGE('',*,*,#1202,.T.);
#1613=ORIENTED_EDGE('',*,*,#1184,.F.);
#1614=ORIENTED_EDGE('',*,*,#1206,.F.);
#1615=ORIENTED_EDGE('',*,*,#1207,.F.);
#1616=ORIENTED_EDGE('',*,*,#1204,.F.);
#1617=ORIENTED_EDGE('',*,*,#1198,.F.);
#1618=ORIENTED_EDGE('',*,*,#1201,.F.);
#1619=ORIENTED_EDGE('',*,*,#1208,.F.);
#1620=ORIENTED_EDGE('',*,*,#1209,.F.);
#1621=ORIENTED_EDGE('',*,*,#1197,.F.);
#1622=ORIENTED_EDGE('',*,*,#1210,.F.);
#1623=ORIENTED_EDGE('',*,*,#1211,.T.);
#1624=ORIENTED_EDGE('',*,*,#1212,.F.);
#1625=ORIENTED_EDGE('',*,*,#1213,.F.);
#1626=ORIENTED_EDGE('',*,*,#1214,.F.);
#1627=ORIENTED_EDGE('',*,*,#1186,.F.);
#1628=ORIENTED_EDGE('',*,*,#1188,.F.);
#1629=ORIENTED_EDGE('',*,*,#1191,.F.);
#1630=ORIENTED_EDGE('',*,*,#1194,.F.);
#1631=ORIENTED_EDGE('',*,*,#1215,.T.);
#1632=ORIENTED_EDGE('',*,*,#1216,.F.);
#1633=ORIENTED_EDGE('',*,*,#1200,.F.);
#1634=ORIENTED_EDGE('',*,*,#1217,.F.);
#1635=ORIENTED_EDGE('',*,*,#1218,.F.);
#1636=ORIENTED_EDGE('',*,*,#1208,.T.);
#1637=ORIENTED_EDGE('',*,*,#1216,.T.);
#1638=ORIENTED_EDGE('',*,*,#1219,.T.);
#1639=ORIENTED_EDGE('',*,*,#1205,.F.);
#1640=ORIENTED_EDGE('',*,*,#1220,.F.);
#1641=ORIENTED_EDGE('',*,*,#1221,.T.);
#1642=ORIENTED_EDGE('',*,*,#1222,.F.);
#1643=ORIENTED_EDGE('',*,*,#1223,.F.);
#1644=ORIENTED_EDGE('',*,*,#1224,.T.);
#1645=ORIENTED_EDGE('',*,*,#1220,.T.);
#1646=ORIENTED_EDGE('',*,*,#1207,.T.);
#1647=ORIENTED_EDGE('',*,*,#1222,.T.);
#1648=ORIENTED_EDGE('',*,*,#1225,.T.);
#1649=ORIENTED_EDGE('',*,*,#1217,.T.);
#1650=ORIENTED_EDGE('',*,*,#1203,.T.);
#1651=ORIENTED_EDGE('',*,*,#1219,.F.);
#1652=ORIENTED_EDGE('',*,*,#1215,.F.);
#1653=ORIENTED_EDGE('',*,*,#1225,.F.);
#1654=ORIENTED_EDGE('',*,*,#1221,.F.);
#1655=ORIENTED_EDGE('',*,*,#1224,.F.);
#1656=ORIENTED_EDGE('',*,*,#1226,.F.);
#1657=ORIENTED_EDGE('',*,*,#1227,.T.);
#1658=ORIENTED_EDGE('',*,*,#1228,.F.);
#1659=ORIENTED_EDGE('',*,*,#1229,.T.);
#1660=ORIENTED_EDGE('',*,*,#1230,.F.);
#1661=ORIENTED_EDGE('',*,*,#1231,.F.);
#1662=ORIENTED_EDGE('',*,*,#1213,.T.);
#1663=ORIENTED_EDGE('',*,*,#1232,.F.);
#1664=ORIENTED_EDGE('',*,*,#1227,.F.);
#1665=ORIENTED_EDGE('',*,*,#1233,.F.);
#1666=ORIENTED_EDGE('',*,*,#1211,.F.);
#1667=ORIENTED_EDGE('',*,*,#1234,.F.);
#1668=ORIENTED_EDGE('',*,*,#1229,.F.);
#1669=ORIENTED_EDGE('',*,*,#1212,.T.);
#1670=ORIENTED_EDGE('',*,*,#1233,.T.);
#1671=ORIENTED_EDGE('',*,*,#1228,.T.);
#1672=ORIENTED_EDGE('',*,*,#1232,.T.);
#1673=ORIENTED_EDGE('',*,*,#1235,.F.);
#1674=ORIENTED_EDGE('',*,*,#1236,.T.);
#1675=ORIENTED_EDGE('',*,*,#1237,.T.);
#1676=ORIENTED_EDGE('',*,*,#1238,.T.);
#1677=ORIENTED_EDGE('',*,*,#1239,.T.);
#1678=ORIENTED_EDGE('',*,*,#1240,.T.);
#1679=ORIENTED_EDGE('',*,*,#1237,.F.);
#1680=ORIENTED_EDGE('',*,*,#1241,.T.);
#1681=ORIENTED_EDGE('',*,*,#1242,.T.);
#1682=ORIENTED_EDGE('',*,*,#1243,.T.);
#1683=ORIENTED_EDGE('',*,*,#1239,.F.);
#1684=ORIENTED_EDGE('',*,*,#1244,.T.);
#1685=ORIENTED_EDGE('',*,*,#1245,.T.);
#1686=ORIENTED_EDGE('',*,*,#1246,.T.);
#1687=ORIENTED_EDGE('',*,*,#1242,.F.);
#1688=ORIENTED_EDGE('',*,*,#1247,.T.);
#1689=ORIENTED_EDGE('',*,*,#1248,.F.);
#1690=ORIENTED_EDGE('',*,*,#1249,.T.);
#1691=ORIENTED_EDGE('',*,*,#1245,.F.);
#1692=ORIENTED_EDGE('',*,*,#1250,.T.);
#1693=ORIENTED_EDGE('',*,*,#1247,.F.);
#1694=ORIENTED_EDGE('',*,*,#1251,.T.);
#1695=ORIENTED_EDGE('',*,*,#1252,.T.);
#1696=ORIENTED_EDGE('',*,*,#1253,.T.);
#1697=ORIENTED_EDGE('',*,*,#1244,.F.);
#1698=ORIENTED_EDGE('',*,*,#1254,.F.);
#1699=ORIENTED_EDGE('',*,*,#1255,.F.);
#1700=ORIENTED_EDGE('',*,*,#1251,.F.);
#1701=ORIENTED_EDGE('',*,*,#1241,.F.);
#1702=ORIENTED_EDGE('',*,*,#1256,.T.);
#1703=ORIENTED_EDGE('',*,*,#1257,.T.);
#1704=ORIENTED_EDGE('',*,*,#1254,.T.);
#1705=ORIENTED_EDGE('',*,*,#1236,.F.);
#1706=ORIENTED_EDGE('',*,*,#1258,.F.);
#1707=ORIENTED_EDGE('',*,*,#1259,.F.);
#1708=ORIENTED_EDGE('',*,*,#1256,.F.);
#1709=ORIENTED_EDGE('',*,*,#1260,.T.);
#1710=ORIENTED_EDGE('',*,*,#1261,.F.);
#1711=ORIENTED_EDGE('',*,*,#1262,.F.);
#1712=ORIENTED_EDGE('',*,*,#1263,.F.);
#1713=ORIENTED_EDGE('',*,*,#1250,.F.);
#1714=ORIENTED_EDGE('',*,*,#1253,.F.);
#1715=ORIENTED_EDGE('',*,*,#1264,.F.);
#1716=ORIENTED_EDGE('',*,*,#1265,.F.);
#1717=ORIENTED_EDGE('',*,*,#1249,.F.);
#1718=ORIENTED_EDGE('',*,*,#1266,.F.);
#1719=ORIENTED_EDGE('',*,*,#1267,.T.);
#1720=ORIENTED_EDGE('',*,*,#1268,.F.);
#1721=ORIENTED_EDGE('',*,*,#1269,.F.);
#1722=ORIENTED_EDGE('',*,*,#1261,.T.);
#1723=ORIENTED_EDGE('',*,*,#1270,.F.);
#1724=ORIENTED_EDGE('',*,*,#1238,.F.);
#1725=ORIENTED_EDGE('',*,*,#1240,.F.);
#1726=ORIENTED_EDGE('',*,*,#1243,.F.);
#1727=ORIENTED_EDGE('',*,*,#1246,.F.);
#1728=ORIENTED_EDGE('',*,*,#1271,.T.);
#1729=ORIENTED_EDGE('',*,*,#1272,.F.);
#1730=ORIENTED_EDGE('',*,*,#1252,.F.);
#1731=ORIENTED_EDGE('',*,*,#1273,.F.);
#1732=ORIENTED_EDGE('',*,*,#1274,.F.);
#1733=ORIENTED_EDGE('',*,*,#1264,.T.);
#1734=ORIENTED_EDGE('',*,*,#1272,.T.);
#1735=ORIENTED_EDGE('',*,*,#1275,.T.);
#1736=ORIENTED_EDGE('',*,*,#1257,.F.);
#1737=ORIENTED_EDGE('',*,*,#1276,.F.);
#1738=ORIENTED_EDGE('',*,*,#1277,.T.);
#1739=ORIENTED_EDGE('',*,*,#1278,.F.);
#1740=ORIENTED_EDGE('',*,*,#1279,.F.);
#1741=ORIENTED_EDGE('',*,*,#1280,.T.);
#1742=ORIENTED_EDGE('',*,*,#1276,.T.);
#1743=ORIENTED_EDGE('',*,*,#1259,.T.);
#1744=ORIENTED_EDGE('',*,*,#1278,.T.);
#1745=ORIENTED_EDGE('',*,*,#1281,.T.);
#1746=ORIENTED_EDGE('',*,*,#1273,.T.);
#1747=ORIENTED_EDGE('',*,*,#1255,.T.);
#1748=ORIENTED_EDGE('',*,*,#1275,.F.);
#1749=ORIENTED_EDGE('',*,*,#1271,.F.);
#1750=ORIENTED_EDGE('',*,*,#1281,.F.);
#1751=ORIENTED_EDGE('',*,*,#1277,.F.);
#1752=ORIENTED_EDGE('',*,*,#1280,.F.);
#1753=ORIENTED_EDGE('',*,*,#1282,.F.);
#1754=ORIENTED_EDGE('',*,*,#1283,.T.);
#1755=ORIENTED_EDGE('',*,*,#1284,.F.);
#1756=ORIENTED_EDGE('',*,*,#1285,.T.);
#1757=ORIENTED_EDGE('',*,*,#1286,.F.);
#1758=ORIENTED_EDGE('',*,*,#1287,.F.);
#1759=ORIENTED_EDGE('',*,*,#1262,.T.);
#1760=ORIENTED_EDGE('',*,*,#1269,.T.);
#1761=ORIENTED_EDGE('',*,*,#1288,.F.);
#1762=ORIENTED_EDGE('',*,*,#1283,.F.);
#1763=ORIENTED_EDGE('',*,*,#1289,.F.);
#1764=ORIENTED_EDGE('',*,*,#1267,.F.);
#1765=ORIENTED_EDGE('',*,*,#1290,.F.);
#1766=ORIENTED_EDGE('',*,*,#1285,.F.);
#1767=ORIENTED_EDGE('',*,*,#1268,.T.);
#1768=ORIENTED_EDGE('',*,*,#1289,.T.);
#1769=ORIENTED_EDGE('',*,*,#1284,.T.);
#1770=ORIENTED_EDGE('',*,*,#1288,.T.);
#1771=ORIENTED_EDGE('',*,*,#1291,.F.);
#1772=ORIENTED_EDGE('',*,*,#1292,.T.);
#1773=ORIENTED_EDGE('',*,*,#1293,.T.);
#1774=ORIENTED_EDGE('',*,*,#1294,.T.);
#1775=ORIENTED_EDGE('',*,*,#1295,.T.);
#1776=ORIENTED_EDGE('',*,*,#1296,.T.);
#1777=ORIENTED_EDGE('',*,*,#1293,.F.);
#1778=ORIENTED_EDGE('',*,*,#1297,.T.);
#1779=ORIENTED_EDGE('',*,*,#1298,.T.);
#1780=ORIENTED_EDGE('',*,*,#1299,.T.);
#1781=ORIENTED_EDGE('',*,*,#1295,.F.);
#1782=ORIENTED_EDGE('',*,*,#1300,.T.);
#1783=ORIENTED_EDGE('',*,*,#1301,.T.);
#1784=ORIENTED_EDGE('',*,*,#1302,.T.);
#1785=ORIENTED_EDGE('',*,*,#1298,.F.);
#1786=ORIENTED_EDGE('',*,*,#1303,.T.);
#1787=ORIENTED_EDGE('',*,*,#1304,.F.);
#1788=ORIENTED_EDGE('',*,*,#1305,.T.);
#1789=ORIENTED_EDGE('',*,*,#1301,.F.);
#1790=ORIENTED_EDGE('',*,*,#1306,.T.);
#1791=ORIENTED_EDGE('',*,*,#1303,.F.);
#1792=ORIENTED_EDGE('',*,*,#1307,.T.);
#1793=ORIENTED_EDGE('',*,*,#1308,.T.);
#1794=ORIENTED_EDGE('',*,*,#1309,.T.);
#1795=ORIENTED_EDGE('',*,*,#1300,.F.);
#1796=ORIENTED_EDGE('',*,*,#1310,.F.);
#1797=ORIENTED_EDGE('',*,*,#1311,.F.);
#1798=ORIENTED_EDGE('',*,*,#1307,.F.);
#1799=ORIENTED_EDGE('',*,*,#1297,.F.);
#1800=ORIENTED_EDGE('',*,*,#1312,.T.);
#1801=ORIENTED_EDGE('',*,*,#1313,.T.);
#1802=ORIENTED_EDGE('',*,*,#1310,.T.);
#1803=ORIENTED_EDGE('',*,*,#1292,.F.);
#1804=ORIENTED_EDGE('',*,*,#1314,.F.);
#1805=ORIENTED_EDGE('',*,*,#1315,.F.);
#1806=ORIENTED_EDGE('',*,*,#1312,.F.);
#1807=ORIENTED_EDGE('',*,*,#1306,.F.);
#1808=ORIENTED_EDGE('',*,*,#1309,.F.);
#1809=ORIENTED_EDGE('',*,*,#1316,.F.);
#1810=ORIENTED_EDGE('',*,*,#1317,.F.);
#1811=ORIENTED_EDGE('',*,*,#1305,.F.);
#1812=ORIENTED_EDGE('',*,*,#1318,.F.);
#1813=ORIENTED_EDGE('',*,*,#1319,.T.);
#1814=ORIENTED_EDGE('',*,*,#1320,.F.);
#1815=ORIENTED_EDGE('',*,*,#1321,.F.);
#1816=ORIENTED_EDGE('',*,*,#1322,.F.);
#1817=ORIENTED_EDGE('',*,*,#1294,.F.);
#1818=ORIENTED_EDGE('',*,*,#1296,.F.);
#1819=ORIENTED_EDGE('',*,*,#1299,.F.);
#1820=ORIENTED_EDGE('',*,*,#1302,.F.);
#1821=ORIENTED_EDGE('',*,*,#1323,.T.);
#1822=ORIENTED_EDGE('',*,*,#1324,.F.);
#1823=ORIENTED_EDGE('',*,*,#1308,.F.);
#1824=ORIENTED_EDGE('',*,*,#1325,.F.);
#1825=ORIENTED_EDGE('',*,*,#1326,.F.);
#1826=ORIENTED_EDGE('',*,*,#1316,.T.);
#1827=ORIENTED_EDGE('',*,*,#1324,.T.);
#1828=ORIENTED_EDGE('',*,*,#1327,.T.);
#1829=ORIENTED_EDGE('',*,*,#1313,.F.);
#1830=ORIENTED_EDGE('',*,*,#1328,.F.);
#1831=ORIENTED_EDGE('',*,*,#1329,.T.);
#1832=ORIENTED_EDGE('',*,*,#1330,.F.);
#1833=ORIENTED_EDGE('',*,*,#1331,.F.);
#1834=ORIENTED_EDGE('',*,*,#1332,.T.);
#1835=ORIENTED_EDGE('',*,*,#1328,.T.);
#1836=ORIENTED_EDGE('',*,*,#1315,.T.);
#1837=ORIENTED_EDGE('',*,*,#1330,.T.);
#1838=ORIENTED_EDGE('',*,*,#1333,.T.);
#1839=ORIENTED_EDGE('',*,*,#1325,.T.);
#1840=ORIENTED_EDGE('',*,*,#1311,.T.);
#1841=ORIENTED_EDGE('',*,*,#1327,.F.);
#1842=ORIENTED_EDGE('',*,*,#1323,.F.);
#1843=ORIENTED_EDGE('',*,*,#1333,.F.);
#1844=ORIENTED_EDGE('',*,*,#1329,.F.);
#1845=ORIENTED_EDGE('',*,*,#1332,.F.);
#1846=ORIENTED_EDGE('',*,*,#1334,.F.);
#1847=ORIENTED_EDGE('',*,*,#1335,.T.);
#1848=ORIENTED_EDGE('',*,*,#1336,.F.);
#1849=ORIENTED_EDGE('',*,*,#1337,.T.);
#1850=ORIENTED_EDGE('',*,*,#1338,.F.);
#1851=ORIENTED_EDGE('',*,*,#1339,.F.);
#1852=ORIENTED_EDGE('',*,*,#1321,.T.);
#1853=ORIENTED_EDGE('',*,*,#1340,.F.);
#1854=ORIENTED_EDGE('',*,*,#1335,.F.);
#1855=ORIENTED_EDGE('',*,*,#1341,.F.);
#1856=ORIENTED_EDGE('',*,*,#1319,.F.);
#1857=ORIENTED_EDGE('',*,*,#1342,.F.);
#1858=ORIENTED_EDGE('',*,*,#1337,.F.);
#1859=ORIENTED_EDGE('',*,*,#1320,.T.);
#1860=ORIENTED_EDGE('',*,*,#1341,.T.);
#1861=ORIENTED_EDGE('',*,*,#1336,.T.);
#1862=ORIENTED_EDGE('',*,*,#1340,.T.);
#1863=ORIENTED_EDGE('',*,*,#1343,.T.);
#1864=ORIENTED_EDGE('',*,*,#1344,.T.);
#1865=ORIENTED_EDGE('',*,*,#1345,.T.);
#1866=ORIENTED_EDGE('',*,*,#1346,.F.);
#1867=ORIENTED_EDGE('',*,*,#1345,.F.);
#1868=ORIENTED_EDGE('',*,*,#1347,.F.);
#1869=ORIENTED_EDGE('',*,*,#1348,.F.);
#1870=ORIENTED_EDGE('',*,*,#1349,.F.);
#1871=ORIENTED_EDGE('',*,*,#1350,.T.);
#1872=ORIENTED_EDGE('',*,*,#1351,.T.);
#1873=ORIENTED_EDGE('',*,*,#1352,.T.);
#1874=ORIENTED_EDGE('',*,*,#1353,.T.);
#1875=ORIENTED_EDGE('',*,*,#1351,.F.);
#1876=ORIENTED_EDGE('',*,*,#1354,.T.);
#1877=ORIENTED_EDGE('',*,*,#1355,.T.);
#1878=ORIENTED_EDGE('',*,*,#1356,.F.);
#1879=ORIENTED_EDGE('',*,*,#1357,.T.);
#1880=ORIENTED_EDGE('',*,*,#1358,.T.);
#1881=ORIENTED_EDGE('',*,*,#1359,.T.);
#1882=ORIENTED_EDGE('',*,*,#1360,.T.);
#1883=ORIENTED_EDGE('',*,*,#1358,.F.);
#1884=ORIENTED_EDGE('',*,*,#1361,.F.);
#1885=ORIENTED_EDGE('',*,*,#1362,.F.);
#1886=ORIENTED_EDGE('',*,*,#1363,.F.);
#1887=ORIENTED_EDGE('',*,*,#1364,.T.);
#1888=ORIENTED_EDGE('',*,*,#1348,.T.);
#1889=ORIENTED_EDGE('',*,*,#1365,.T.);
#1890=ORIENTED_EDGE('',*,*,#1366,.T.);
#1891=ORIENTED_EDGE('',*,*,#1367,.T.);
#1892=ORIENTED_EDGE('',*,*,#1368,.T.);
#1893=ORIENTED_EDGE('',*,*,#1263,.T.);
#1894=ORIENTED_EDGE('',*,*,#1369,.T.);
#1895=ORIENTED_EDGE('',*,*,#1362,.T.);
#1896=ORIENTED_EDGE('',*,*,#1368,.F.);
#1897=ORIENTED_EDGE('',*,*,#1370,.T.);
#1898=ORIENTED_EDGE('',*,*,#1371,.T.);
#1899=ORIENTED_EDGE('',*,*,#1372,.F.);
#1900=ORIENTED_EDGE('',*,*,#1260,.F.);
#1901=ORIENTED_EDGE('',*,*,#1373,.T.);
#1902=ORIENTED_EDGE('',*,*,#1374,.T.);
#1903=ORIENTED_EDGE('',*,*,#1375,.T.);
#1904=ORIENTED_EDGE('',*,*,#1346,.T.);
#1905=ORIENTED_EDGE('',*,*,#1349,.T.);
#1906=ORIENTED_EDGE('',*,*,#1364,.F.);
#1907=ORIENTED_EDGE('',*,*,#1376,.F.);
#1908=ORIENTED_EDGE('',*,*,#1377,.F.);
#1909=ORIENTED_EDGE('',*,*,#1370,.F.);
#1910=ORIENTED_EDGE('',*,*,#1367,.F.);
#1911=ORIENTED_EDGE('',*,*,#1361,.T.);
#1912=ORIENTED_EDGE('',*,*,#1357,.F.);
#1913=ORIENTED_EDGE('',*,*,#1378,.F.);
#1914=ORIENTED_EDGE('',*,*,#1379,.F.);
#1915=ORIENTED_EDGE('',*,*,#1354,.F.);
#1916=ORIENTED_EDGE('',*,*,#1350,.F.);
#1917=ORIENTED_EDGE('',*,*,#1380,.F.);
#1918=ORIENTED_EDGE('',*,*,#1381,.F.);
#1919=ORIENTED_EDGE('',*,*,#1377,.T.);
#1920=ORIENTED_EDGE('',*,*,#1382,.T.);
#1921=ORIENTED_EDGE('',*,*,#1383,.F.);
#1922=ORIENTED_EDGE('',*,*,#1371,.F.);
#1923=ORIENTED_EDGE('',*,*,#1366,.F.);
#1924=ORIENTED_EDGE('',*,*,#1384,.F.);
#1925=ORIENTED_EDGE('',*,*,#1382,.F.);
#1926=ORIENTED_EDGE('',*,*,#1376,.T.);
#1927=ORIENTED_EDGE('',*,*,#1343,.F.);
#1928=ORIENTED_EDGE('',*,*,#1375,.F.);
#1929=ORIENTED_EDGE('',*,*,#1385,.T.);
#1930=ORIENTED_EDGE('',*,*,#1386,.F.);
#1931=ORIENTED_EDGE('',*,*,#1374,.F.);
#1932=ORIENTED_EDGE('',*,*,#1387,.T.);
#1933=ORIENTED_EDGE('',*,*,#1388,.F.);
#1934=ORIENTED_EDGE('',*,*,#1385,.F.);
#1935=ORIENTED_EDGE('',*,*,#1353,.F.);
#1936=ORIENTED_EDGE('',*,*,#1389,.F.);
#1937=ORIENTED_EDGE('',*,*,#1387,.F.);
#1938=ORIENTED_EDGE('',*,*,#1373,.F.);
#1939=ORIENTED_EDGE('',*,*,#1360,.F.);
#1940=ORIENTED_EDGE('',*,*,#1390,.F.);
#1941=ORIENTED_EDGE('',*,*,#1391,.F.);
#1942=ORIENTED_EDGE('',*,*,#1378,.T.);
#1943=ORIENTED_EDGE('',*,*,#1392,.F.);
#1944=ORIENTED_EDGE('',*,*,#1393,.T.);
#1945=ORIENTED_EDGE('',*,*,#1380,.T.);
#1946=ORIENTED_EDGE('',*,*,#1393,.F.);
#1947=ORIENTED_EDGE('',*,*,#1394,.F.);
#1948=ORIENTED_EDGE('',*,*,#1395,.T.);
#1949=ORIENTED_EDGE('',*,*,#1381,.T.);
#1950=ORIENTED_EDGE('',*,*,#1395,.F.);
#1951=ORIENTED_EDGE('',*,*,#1396,.F.);
#1952=ORIENTED_EDGE('',*,*,#1355,.F.);
#1953=ORIENTED_EDGE('',*,*,#1379,.T.);
#1954=ORIENTED_EDGE('',*,*,#1391,.T.);
#1955=ORIENTED_EDGE('',*,*,#1270,.T.);
#1956=ORIENTED_EDGE('',*,*,#1372,.T.);
#1957=ORIENTED_EDGE('',*,*,#1383,.T.);
#1958=ORIENTED_EDGE('',*,*,#1384,.T.);
#1959=ORIENTED_EDGE('',*,*,#1365,.F.);
#1960=ORIENTED_EDGE('',*,*,#1347,.T.);
#1961=ORIENTED_EDGE('',*,*,#1344,.F.);
#1962=ORIENTED_EDGE('',*,*,#1386,.T.);
#1963=ORIENTED_EDGE('',*,*,#1388,.T.);
#1964=ORIENTED_EDGE('',*,*,#1389,.T.);
#1965=ORIENTED_EDGE('',*,*,#1352,.F.);
#1966=ORIENTED_EDGE('',*,*,#1356,.T.);
#1967=ORIENTED_EDGE('',*,*,#1396,.T.);
#1968=ORIENTED_EDGE('',*,*,#1390,.T.);
#1969=ORIENTED_EDGE('',*,*,#1359,.F.);
#1970=ORIENTED_EDGE('',*,*,#1363,.T.);
#1971=ORIENTED_EDGE('',*,*,#1369,.F.);
#1972=ORIENTED_EDGE('',*,*,#1287,.T.);
#1973=ORIENTED_EDGE('',*,*,#1282,.T.);
#1974=ORIENTED_EDGE('',*,*,#1279,.T.);
#1975=ORIENTED_EDGE('',*,*,#1258,.T.);
#1976=ORIENTED_EDGE('',*,*,#1235,.T.);
#1977=ORIENTED_EDGE('',*,*,#1079,.T.);
#1978=ORIENTED_EDGE('',*,*,#1110,.T.);
#1979=ORIENTED_EDGE('',*,*,#1127,.T.);
#1980=ORIENTED_EDGE('',*,*,#1122,.T.);
#1981=ORIENTED_EDGE('',*,*,#1119,.T.);
#1982=ORIENTED_EDGE('',*,*,#1102,.T.);
#1983=ORIENTED_EDGE('',*,*,#1092,.T.);
#1984=ORIENTED_EDGE('',*,*,#1105,.T.);
#1985=ORIENTED_EDGE('',*,*,#1114,.T.);
#1986=ORIENTED_EDGE('',*,*,#1126,.T.);
#1987=ORIENTED_EDGE('',*,*,#1130,.T.);
#1988=ORIENTED_EDGE('',*,*,#1106,.T.);
#1989=ORIENTED_EDGE('',*,*,#1131,.T.);
#1990=ORIENTED_EDGE('',*,*,#1162,.T.);
#1991=ORIENTED_EDGE('',*,*,#1179,.T.);
#1992=ORIENTED_EDGE('',*,*,#1174,.T.);
#1993=ORIENTED_EDGE('',*,*,#1171,.T.);
#1994=ORIENTED_EDGE('',*,*,#1154,.T.);
#1995=ORIENTED_EDGE('',*,*,#1144,.T.);
#1996=ORIENTED_EDGE('',*,*,#1157,.T.);
#1997=ORIENTED_EDGE('',*,*,#1166,.T.);
#1998=ORIENTED_EDGE('',*,*,#1178,.T.);
#1999=ORIENTED_EDGE('',*,*,#1182,.T.);
#2000=ORIENTED_EDGE('',*,*,#1158,.T.);
#2001=ORIENTED_EDGE('',*,*,#1183,.T.);
#2002=ORIENTED_EDGE('',*,*,#1214,.T.);
#2003=ORIENTED_EDGE('',*,*,#1231,.T.);
#2004=ORIENTED_EDGE('',*,*,#1226,.T.);
#2005=ORIENTED_EDGE('',*,*,#1223,.T.);
#2006=ORIENTED_EDGE('',*,*,#1206,.T.);
#2007=ORIENTED_EDGE('',*,*,#1196,.T.);
#2008=ORIENTED_EDGE('',*,*,#1209,.T.);
#2009=ORIENTED_EDGE('',*,*,#1218,.T.);
#2010=ORIENTED_EDGE('',*,*,#1230,.T.);
#2011=ORIENTED_EDGE('',*,*,#1234,.T.);
#2012=ORIENTED_EDGE('',*,*,#1210,.T.);
#2013=ORIENTED_EDGE('',*,*,#1248,.T.);
#2014=ORIENTED_EDGE('',*,*,#1265,.T.);
#2015=ORIENTED_EDGE('',*,*,#1274,.T.);
#2016=ORIENTED_EDGE('',*,*,#1286,.T.);
#2017=ORIENTED_EDGE('',*,*,#1290,.T.);
#2018=ORIENTED_EDGE('',*,*,#1266,.T.);
#2019=ORIENTED_EDGE('',*,*,#1291,.T.);
#2020=ORIENTED_EDGE('',*,*,#1322,.T.);
#2021=ORIENTED_EDGE('',*,*,#1339,.T.);
#2022=ORIENTED_EDGE('',*,*,#1334,.T.);
#2023=ORIENTED_EDGE('',*,*,#1331,.T.);
#2024=ORIENTED_EDGE('',*,*,#1314,.T.);
#2025=ORIENTED_EDGE('',*,*,#1304,.T.);
#2026=ORIENTED_EDGE('',*,*,#1317,.T.);
#2027=ORIENTED_EDGE('',*,*,#1326,.T.);
#2028=ORIENTED_EDGE('',*,*,#1338,.T.);
#2029=ORIENTED_EDGE('',*,*,#1342,.T.);
#2030=ORIENTED_EDGE('',*,*,#1318,.T.);
#2031=ORIENTED_EDGE('',*,*,#1394,.T.);
#2032=ORIENTED_EDGE('',*,*,#1392,.T.);
#2033=CYLINDRICAL_SURFACE('',#2214,0.381);
#2034=CYLINDRICAL_SURFACE('',#2220,0.381);
#2035=CYLINDRICAL_SURFACE('',#2225,0.381);
#2036=CYLINDRICAL_SURFACE('',#2227,0.381);
#2037=CYLINDRICAL_SURFACE('',#2230,0.381);
#2038=CYLINDRICAL_SURFACE('',#2238,0.381);
#2039=CYLINDRICAL_SURFACE('',#2243,0.381);
#2040=CYLINDRICAL_SURFACE('',#2245,0.381);
#2041=CYLINDRICAL_SURFACE('',#2250,0.381);
#2042=CYLINDRICAL_SURFACE('',#2256,0.381);
#2043=CYLINDRICAL_SURFACE('',#2261,0.381);
#2044=CYLINDRICAL_SURFACE('',#2263,0.381);
#2045=CYLINDRICAL_SURFACE('',#2266,0.381);
#2046=CYLINDRICAL_SURFACE('',#2274,0.381);
#2047=CYLINDRICAL_SURFACE('',#2279,0.381);
#2048=CYLINDRICAL_SURFACE('',#2281,0.381);
#2049=CYLINDRICAL_SURFACE('',#2286,0.381);
#2050=CYLINDRICAL_SURFACE('',#2292,0.381);
#2051=CYLINDRICAL_SURFACE('',#2297,0.381);
#2052=CYLINDRICAL_SURFACE('',#2299,0.381);
#2053=CYLINDRICAL_SURFACE('',#2302,0.381);
#2054=CYLINDRICAL_SURFACE('',#2310,0.381);
#2055=CYLINDRICAL_SURFACE('',#2315,0.381);
#2056=CYLINDRICAL_SURFACE('',#2317,0.381);
#2057=CYLINDRICAL_SURFACE('',#2322,0.381);
#2058=CYLINDRICAL_SURFACE('',#2328,0.381);
#2059=CYLINDRICAL_SURFACE('',#2333,0.381);
#2060=CYLINDRICAL_SURFACE('',#2335,0.381);
#2061=CYLINDRICAL_SURFACE('',#2338,0.381);
#2062=CYLINDRICAL_SURFACE('',#2348,0.381);
#2063=CYLINDRICAL_SURFACE('',#2353,0.381);
#2064=CYLINDRICAL_SURFACE('',#2355,0.381);
#2065=CYLINDRICAL_SURFACE('',#2360,0.381);
#2066=CYLINDRICAL_SURFACE('',#2366,0.381);
#2067=CYLINDRICAL_SURFACE('',#2371,0.381);
#2068=CYLINDRICAL_SURFACE('',#2373,0.381);
#2069=CYLINDRICAL_SURFACE('',#2376,0.381);
#2070=CYLINDRICAL_SURFACE('',#2384,0.381);
#2071=CYLINDRICAL_SURFACE('',#2389,0.381);
#2072=CYLINDRICAL_SURFACE('',#2391,0.381);
#2073=CYLINDRICAL_SURFACE('',#2398,2.032);
#2074=CYLINDRICAL_SURFACE('',#2402,2.032);
#2075=CYLINDRICAL_SURFACE('',#2406,2.032);
#2076=CYLINDRICAL_SURFACE('',#2409,2.032);
#2077=CYLINDRICAL_SURFACE('',#2422,2.29869999999999);
#2078=CYLINDRICAL_SURFACE('',#2424,2.29869999999999);
#2079=ADVANCED_FACE('',(#103),#2033,.T.);
#2080=ADVANCED_FACE('',(#104),#83,.F.);
#2081=ADVANCED_FACE('',(#105),#2034,.T.);
#2082=ADVANCED_FACE('',(#106),#84,.F.);
#2083=ADVANCED_FACE('',(#107),#2035,.T.);
#2084=ADVANCED_FACE('',(#108),#2036,.F.);
#2085=ADVANCED_FACE('',(#109),#28,.F.);
#2086=ADVANCED_FACE('',(#110),#2037,.F.);
#2087=ADVANCED_FACE('',(#111),#29,.F.);
#2088=ADVANCED_FACE('',(#112),#30,.F.);
#2089=ADVANCED_FACE('',(#113),#31,.T.);
#2090=ADVANCED_FACE('',(#114),#85,.F.);
#2091=ADVANCED_FACE('',(#115),#2038,.T.);
#2092=ADVANCED_FACE('',(#116),#86,.F.);
#2093=ADVANCED_FACE('',(#117),#2039,.T.);
#2094=ADVANCED_FACE('',(#118),#2040,.T.);
#2095=ADVANCED_FACE('',(#119),#32,.T.);
#2096=ADVANCED_FACE('',(#120),#33,.T.);
#2097=ADVANCED_FACE('',(#121),#34,.T.);
#2098=ADVANCED_FACE('',(#122),#35,.T.);
#2099=ADVANCED_FACE('',(#123),#2041,.T.);
#2100=ADVANCED_FACE('',(#124),#87,.F.);
#2101=ADVANCED_FACE('',(#125),#2042,.T.);
#2102=ADVANCED_FACE('',(#126),#88,.F.);
#2103=ADVANCED_FACE('',(#127),#2043,.T.);
#2104=ADVANCED_FACE('',(#128),#2044,.F.);
#2105=ADVANCED_FACE('',(#129),#36,.F.);
#2106=ADVANCED_FACE('',(#130),#2045,.F.);
#2107=ADVANCED_FACE('',(#131),#37,.F.);
#2108=ADVANCED_FACE('',(#132),#38,.F.);
#2109=ADVANCED_FACE('',(#133),#39,.T.);
#2110=ADVANCED_FACE('',(#134),#89,.F.);
#2111=ADVANCED_FACE('',(#135),#2046,.T.);
#2112=ADVANCED_FACE('',(#136),#90,.F.);
#2113=ADVANCED_FACE('',(#137),#2047,.T.);
#2114=ADVANCED_FACE('',(#138),#2048,.T.);
#2115=ADVANCED_FACE('',(#139),#40,.T.);
#2116=ADVANCED_FACE('',(#140),#41,.T.);
#2117=ADVANCED_FACE('',(#141),#42,.T.);
#2118=ADVANCED_FACE('',(#142),#43,.T.);
#2119=ADVANCED_FACE('',(#143),#2049,.T.);
#2120=ADVANCED_FACE('',(#144),#91,.F.);
#2121=ADVANCED_FACE('',(#145),#2050,.T.);
#2122=ADVANCED_FACE('',(#146),#92,.F.);
#2123=ADVANCED_FACE('',(#147),#2051,.T.);
#2124=ADVANCED_FACE('',(#148),#2052,.F.);
#2125=ADVANCED_FACE('',(#149),#44,.F.);
#2126=ADVANCED_FACE('',(#150),#2053,.F.);
#2127=ADVANCED_FACE('',(#151),#45,.F.);
#2128=ADVANCED_FACE('',(#152),#46,.F.);
#2129=ADVANCED_FACE('',(#153),#47,.T.);
#2130=ADVANCED_FACE('',(#154),#93,.F.);
#2131=ADVANCED_FACE('',(#155),#2054,.T.);
#2132=ADVANCED_FACE('',(#156),#94,.F.);
#2133=ADVANCED_FACE('',(#157),#2055,.T.);
#2134=ADVANCED_FACE('',(#158),#2056,.T.);
#2135=ADVANCED_FACE('',(#159),#48,.T.);
#2136=ADVANCED_FACE('',(#160),#49,.T.);
#2137=ADVANCED_FACE('',(#161),#50,.T.);
#2138=ADVANCED_FACE('',(#162),#51,.T.);
#2139=ADVANCED_FACE('',(#163),#2057,.T.);
#2140=ADVANCED_FACE('',(#164),#95,.F.);
#2141=ADVANCED_FACE('',(#165),#2058,.T.);
#2142=ADVANCED_FACE('',(#166),#96,.F.);
#2143=ADVANCED_FACE('',(#167),#2059,.T.);
#2144=ADVANCED_FACE('',(#168),#2060,.F.);
#2145=ADVANCED_FACE('',(#169),#52,.F.);
#2146=ADVANCED_FACE('',(#170),#2061,.F.);
#2147=ADVANCED_FACE('',(#171),#53,.F.);
#2148=ADVANCED_FACE('',(#172),#54,.F.);
#2149=ADVANCED_FACE('',(#173),#55,.F.);
#2150=ADVANCED_FACE('',(#174),#56,.T.);
#2151=ADVANCED_FACE('',(#175),#97,.F.);
#2152=ADVANCED_FACE('',(#176),#2062,.T.);
#2153=ADVANCED_FACE('',(#177),#98,.F.);
#2154=ADVANCED_FACE('',(#178),#2063,.T.);
#2155=ADVANCED_FACE('',(#179),#2064,.T.);
#2156=ADVANCED_FACE('',(#180),#57,.T.);
#2157=ADVANCED_FACE('',(#181),#58,.T.);
#2158=ADVANCED_FACE('',(#182),#59,.T.);
#2159=ADVANCED_FACE('',(#183),#60,.T.);
#2160=ADVANCED_FACE('',(#184),#2065,.T.);
#2161=ADVANCED_FACE('',(#185),#99,.F.);
#2162=ADVANCED_FACE('',(#186),#2066,.T.);
#2163=ADVANCED_FACE('',(#187),#100,.F.);
#2164=ADVANCED_FACE('',(#188),#2067,.T.);
#2165=ADVANCED_FACE('',(#189),#2068,.F.);
#2166=ADVANCED_FACE('',(#190),#61,.F.);
#2167=ADVANCED_FACE('',(#191),#2069,.F.);
#2168=ADVANCED_FACE('',(#192),#62,.F.);
#2169=ADVANCED_FACE('',(#193),#63,.F.);
#2170=ADVANCED_FACE('',(#194),#64,.T.);
#2171=ADVANCED_FACE('',(#195),#101,.F.);
#2172=ADVANCED_FACE('',(#196),#2070,.T.);
#2173=ADVANCED_FACE('',(#197),#102,.F.);
#2174=ADVANCED_FACE('',(#198),#2071,.T.);
#2175=ADVANCED_FACE('',(#199),#2072,.T.);
#2176=ADVANCED_FACE('',(#200),#65,.T.);
#2177=ADVANCED_FACE('',(#201),#66,.T.);
#2178=ADVANCED_FACE('',(#202),#67,.T.);
#2179=ADVANCED_FACE('',(#203),#68,.T.);
#2180=ADVANCED_FACE('',(#204),#69,.T.);
#2181=ADVANCED_FACE('',(#205),#70,.T.);
#2182=ADVANCED_FACE('',(#206),#2073,.F.);
#2183=ADVANCED_FACE('',(#207),#71,.T.);
#2184=ADVANCED_FACE('',(#208),#2074,.F.);
#2185=ADVANCED_FACE('',(#209),#72,.T.);
#2186=ADVANCED_FACE('',(#210),#2075,.F.);
#2187=ADVANCED_FACE('',(#211),#2076,.F.);
#2188=ADVANCED_FACE('',(#212),#73,.T.);
#2189=ADVANCED_FACE('',(#213,#15,#16),#74,.F.);
#2190=ADVANCED_FACE('',(#214),#75,.T.);
#2191=ADVANCED_FACE('',(#215),#76,.T.);
#2192=ADVANCED_FACE('',(#216),#77,.T.);
#2193=ADVANCED_FACE('',(#217),#78,.T.);
#2194=ADVANCED_FACE('',(#218),#79,.T.);
#2195=ADVANCED_FACE('',(#219),#80,.T.);
#2196=ADVANCED_FACE('',(#220),#2077,.F.);
#2197=ADVANCED_FACE('',(#221),#2078,.F.);
#2198=ADVANCED_FACE('',(#222),#81,.T.);
#2199=ADVANCED_FACE('',(#223,#17,#18,#19,#20,#21,#22,#23,#24,#25,#26,#27),
#82,.T.);
#2200=CLOSED_SHELL('',(#2079,#2080,#2081,#2082,#2083,#2084,#2085,#2086,
#2087,#2088,#2089,#2090,#2091,#2092,#2093,#2094,#2095,#2096,#2097,#2098,
#2099,#2100,#2101,#2102,#2103,#2104,#2105,#2106,#2107,#2108,#2109,#2110,
#2111,#2112,#2113,#2114,#2115,#2116,#2117,#2118,#2119,#2120,#2121,#2122,
#2123,#2124,#2125,#2126,#2127,#2128,#2129,#2130,#2131,#2132,#2133,#2134,
#2135,#2136,#2137,#2138,#2139,#2140,#2141,#2142,#2143,#2144,#2145,#2146,
#2147,#2148,#2149,#2150,#2151,#2152,#2153,#2154,#2155,#2156,#2157,#2158,
#2159,#2160,#2161,#2162,#2163,#2164,#2165,#2166,#2167,#2168,#2169,#2170,
#2171,#2172,#2173,#2174,#2175,#2176,#2177,#2178,#2179,#2180,#2181,#2182,
#2183,#2184,#2185,#2186,#2187,#2188,#2189,#2190,#2191,#2192,#2193,#2194,
#2195,#2196,#2197,#2198,#2199));
#2201=DERIVED_UNIT_ELEMENT(#2203,1.);
#2202=DERIVED_UNIT_ELEMENT(#4406,-3.);
#2203=(
MASS_UNIT()
NAMED_UNIT(*)
SI_UNIT(.KILO.,.GRAM.)
);
#2204=DERIVED_UNIT((#2201,#2202));
#2205=MEASURE_REPRESENTATION_ITEM('density measure',
POSITIVE_RATIO_MEASURE(7850.),#2204);
#2206=PROPERTY_DEFINITION_REPRESENTATION(#2211,#2208);
#2207=PROPERTY_DEFINITION_REPRESENTATION(#2212,#2209);
#2208=REPRESENTATION('material name',(#2210),#4403);
#2209=REPRESENTATION('density',(#2205),#4403);
#2210=DESCRIPTIVE_REPRESENTATION_ITEM('Steel','Steel');
#2211=PROPERTY_DEFINITION('material property','material name',#4413);
#2212=PROPERTY_DEFINITION('material property','density of part',#4413);
#2213=AXIS2_PLACEMENT_3D('',#3063,#2428,#2429);
#2214=AXIS2_PLACEMENT_3D('',#3064,#2430,#2431);
#2215=AXIS2_PLACEMENT_3D('',#3067,#2432,#2433);
#2216=AXIS2_PLACEMENT_3D('',#3071,#2435,#2436);
#2217=AXIS2_PLACEMENT_3D('',#3111,#2438,#2439);
#2218=AXIS2_PLACEMENT_3D('',#3112,#2440,#2441);
#2219=AXIS2_PLACEMENT_3D('',#3113,#2442,#2443);
#2220=AXIS2_PLACEMENT_3D('',#3114,#2444,#2445);
#2221=AXIS2_PLACEMENT_3D('',#3117,#2446,#2447);
#2222=AXIS2_PLACEMENT_3D('',#3158,#2450,#2451);
#2223=AXIS2_PLACEMENT_3D('',#3159,#2452,#2453);
#2224=AXIS2_PLACEMENT_3D('',#3160,#2454,#2455);
#2225=AXIS2_PLACEMENT_3D('',#3161,#2456,#2457);
#2226=AXIS2_PLACEMENT_3D('',#3164,#2458,#2459);
#2227=AXIS2_PLACEMENT_3D('',#3167,#2462,#2463);
#2228=AXIS2_PLACEMENT_3D('',#3171,#2465,#2466);
#2229=AXIS2_PLACEMENT_3D('',#3173,#2468,#2469);
#2230=AXIS2_PLACEMENT_3D('',#3177,#2472,#2473);
#2231=AXIS2_PLACEMENT_3D('',#3180,#2475,#2476);
#2232=AXIS2_PLACEMENT_3D('',#3181,#2477,#2478);
#2233=AXIS2_PLACEMENT_3D('',#3185,#2481,#2482);
#2234=AXIS2_PLACEMENT_3D('',#3189,#2485,#2486);
#2235=AXIS2_PLACEMENT_3D('',#3237,#2492,#2493);
#2236=AXIS2_PLACEMENT_3D('',#3238,#2494,#2495);
#2237=AXIS2_PLACEMENT_3D('',#3239,#2496,#2497);
#2238=AXIS2_PLACEMENT_3D('',#3240,#2498,#2499);
#2239=AXIS2_PLACEMENT_3D('',#3242,#2500,#2501);
#2240=AXIS2_PLACEMENT_3D('',#3281,#2503,#2504);
#2241=AXIS2_PLACEMENT_3D('',#3283,#2505,#2506);
#2242=AXIS2_PLACEMENT_3D('',#3284,#2507,#2508);
#2243=AXIS2_PLACEMENT_3D('',#3285,#2509,#2510);
#2244=AXIS2_PLACEMENT_3D('',#3287,#2511,#2512);
#2245=AXIS2_PLACEMENT_3D('',#3289,#2514,#2515);
#2246=AXIS2_PLACEMENT_3D('',#3291,#2517,#2518);
#2247=AXIS2_PLACEMENT_3D('',#3301,#2524,#2525);
#2248=AXIS2_PLACEMENT_3D('',#3304,#2528,#2529);
#2249=AXIS2_PLACEMENT_3D('',#3307,#2532,#2533);
#2250=AXIS2_PLACEMENT_3D('',#3308,#2534,#2535);
#2251=AXIS2_PLACEMENT_3D('',#3311,#2536,#2537);
#2252=AXIS2_PLACEMENT_3D('',#3315,#2539,#2540);
#2253=AXIS2_PLACEMENT_3D('',#3355,#2542,#2543);
#2254=AXIS2_PLACEMENT_3D('',#3356,#2544,#2545);
#2255=AXIS2_PLACEMENT_3D('',#3357,#2546,#2547);
#2256=AXIS2_PLACEMENT_3D('',#3358,#2548,#2549);
#2257=AXIS2_PLACEMENT_3D('',#3361,#2550,#2551);
#2258=AXIS2_PLACEMENT_3D('',#3402,#2554,#2555);
#2259=AXIS2_PLACEMENT_3D('',#3403,#2556,#2557);
#2260=AXIS2_PLACEMENT_3D('',#3404,#2558,#2559);
#2261=AXIS2_PLACEMENT_3D('',#3405,#2560,#2561);
#2262=AXIS2_PLACEMENT_3D('',#3408,#2562,#2563);
#2263=AXIS2_PLACEMENT_3D('',#3411,#2566,#2567);
#2264=AXIS2_PLACEMENT_3D('',#3415,#2569,#2570);
#2265=AXIS2_PLACEMENT_3D('',#3417,#2572,#2573);
#2266=AXIS2_PLACEMENT_3D('',#3421,#2576,#2577);
#2267=AXIS2_PLACEMENT_3D('',#3424,#2579,#2580);
#2268=AXIS2_PLACEMENT_3D('',#3425,#2581,#2582);
#2269=AXIS2_PLACEMENT_3D('',#3429,#2585,#2586);
#2270=AXIS2_PLACEMENT_3D('',#3433,#2589,#2590);
#2271=AXIS2_PLACEMENT_3D('',#3481,#2596,#2597);
#2272=AXIS2_PLACEMENT_3D('',#3482,#2598,#2599);
#2273=AXIS2_PLACEMENT_3D('',#3483,#2600,#2601);
#2274=AXIS2_PLACEMENT_3D('',#3484,#2602,#2603);
#2275=AXIS2_PLACEMENT_3D('',#3486,#2604,#2605);
#2276=AXIS2_PLACEMENT_3D('',#3525,#2607,#2608);
#2277=AXIS2_PLACEMENT_3D('',#3527,#2609,#2610);
#2278=AXIS2_PLACEMENT_3D('',#3528,#2611,#2612);
#2279=AXIS2_PLACEMENT_3D('',#3529,#2613,#2614);
#2280=AXIS2_PLACEMENT_3D('',#3531,#2615,#2616);
#2281=AXIS2_PLACEMENT_3D('',#3533,#2618,#2619);
#2282=AXIS2_PLACEMENT_3D('',#3535,#2621,#2622);
#2283=AXIS2_PLACEMENT_3D('',#3545,#2628,#2629);
#2284=AXIS2_PLACEMENT_3D('',#3548,#2632,#2633);
#2285=AXIS2_PLACEMENT_3D('',#3551,#2636,#2637);
#2286=AXIS2_PLACEMENT_3D('',#3552,#2638,#2639);
#2287=AXIS2_PLACEMENT_3D('',#3555,#2640,#2641);
#2288=AXIS2_PLACEMENT_3D('',#3559,#2643,#2644);
#2289=AXIS2_PLACEMENT_3D('',#3599,#2646,#2647);
#2290=AXIS2_PLACEMENT_3D('',#3600,#2648,#2649);
#2291=AXIS2_PLACEMENT_3D('',#3601,#2650,#2651);
#2292=AXIS2_PLACEMENT_3D('',#3602,#2652,#2653);
#2293=AXIS2_PLACEMENT_3D('',#3605,#2654,#2655);
#2294=AXIS2_PLACEMENT_3D('',#3646,#2658,#2659);
#2295=AXIS2_PLACEMENT_3D('',#3647,#2660,#2661);
#2296=AXIS2_PLACEMENT_3D('',#3648,#2662,#2663);
#2297=AXIS2_PLACEMENT_3D('',#3649,#2664,#2665);
#2298=AXIS2_PLACEMENT_3D('',#3652,#2666,#2667);
#2299=AXIS2_PLACEMENT_3D('',#3655,#2670,#2671);
#2300=AXIS2_PLACEMENT_3D('',#3659,#2673,#2674);
#2301=AXIS2_PLACEMENT_3D('',#3661,#2676,#2677);
#2302=AXIS2_PLACEMENT_3D('',#3665,#2680,#2681);
#2303=AXIS2_PLACEMENT_3D('',#3668,#2683,#2684);
#2304=AXIS2_PLACEMENT_3D('',#3669,#2685,#2686);
#2305=AXIS2_PLACEMENT_3D('',#3673,#2689,#2690);
#2306=AXIS2_PLACEMENT_3D('',#3677,#2693,#2694);
#2307=AXIS2_PLACEMENT_3D('',#3725,#2700,#2701);
#2308=AXIS2_PLACEMENT_3D('',#3726,#2702,#2703);
#2309=AXIS2_PLACEMENT_3D('',#3727,#2704,#2705);
#2310=AXIS2_PLACEMENT_3D('',#3728,#2706,#2707);
#2311=AXIS2_PLACEMENT_3D('',#3730,#2708,#2709);
#2312=AXIS2_PLACEMENT_3D('',#3769,#2711,#2712);
#2313=AXIS2_PLACEMENT_3D('',#3771,#2713,#2714);
#2314=AXIS2_PLACEMENT_3D('',#3772,#2715,#2716);
#2315=AXIS2_PLACEMENT_3D('',#3773,#2717,#2718);
#2316=AXIS2_PLACEMENT_3D('',#3775,#2719,#2720);
#2317=AXIS2_PLACEMENT_3D('',#3777,#2722,#2723);
#2318=AXIS2_PLACEMENT_3D('',#3779,#2725,#2726);
#2319=AXIS2_PLACEMENT_3D('',#3789,#2732,#2733);
#2320=AXIS2_PLACEMENT_3D('',#3792,#2736,#2737);
#2321=AXIS2_PLACEMENT_3D('',#3795,#2740,#2741);
#2322=AXIS2_PLACEMENT_3D('',#3796,#2742,#2743);
#2323=AXIS2_PLACEMENT_3D('',#3799,#2744,#2745);
#2324=AXIS2_PLACEMENT_3D('',#3803,#2747,#2748);
#2325=AXIS2_PLACEMENT_3D('',#3843,#2750,#2751);
#2326=AXIS2_PLACEMENT_3D('',#3844,#2752,#2753);
#2327=AXIS2_PLACEMENT_3D('',#3845,#2754,#2755);
#2328=AXIS2_PLACEMENT_3D('',#3846,#2756,#2757);
#2329=AXIS2_PLACEMENT_3D('',#3849,#2758,#2759);
#2330=AXIS2_PLACEMENT_3D('',#3890,#2762,#2763);
#2331=AXIS2_PLACEMENT_3D('',#3891,#2764,#2765);
#2332=AXIS2_PLACEMENT_3D('',#3892,#2766,#2767);
#2333=AXIS2_PLACEMENT_3D('',#3893,#2768,#2769);
#2334=AXIS2_PLACEMENT_3D('',#3896,#2770,#2771);
#2335=AXIS2_PLACEMENT_3D('',#3899,#2774,#2775);
#2336=AXIS2_PLACEMENT_3D('',#3903,#2777,#2778);
#2337=AXIS2_PLACEMENT_3D('',#3905,#2780,#2781);
#2338=AXIS2_PLACEMENT_3D('',#3909,#2784,#2785);
#2339=AXIS2_PLACEMENT_3D('',#3912,#2787,#2788);
#2340=AXIS2_PLACEMENT_3D('',#3913,#2789,#2790);
#2341=AXIS2_PLACEMENT_3D('',#3917,#2793,#2794);
#2342=AXIS2_PLACEMENT_3D('',#3925,#2798,#2799);
#2343=AXIS2_PLACEMENT_3D('',#3926,#2800,#2801);
#2344=AXIS2_PLACEMENT_3D('',#3930,#2804,#2805);
#2345=AXIS2_PLACEMENT_3D('',#3977,#2811,#2812);
#2346=AXIS2_PLACEMENT_3D('',#3978,#2813,#2814);
#2347=AXIS2_PLACEMENT_3D('',#3979,#2815,#2816);
#2348=AXIS2_PLACEMENT_3D('',#3980,#2817,#2818);
#2349=AXIS2_PLACEMENT_3D('',#3982,#2819,#2820);
#2350=AXIS2_PLACEMENT_3D('',#4021,#2822,#2823);
#2351=AXIS2_PLACEMENT_3D('',#4023,#2824,#2825);
#2352=AXIS2_PLACEMENT_3D('',#4024,#2826,#2827);
#2353=AXIS2_PLACEMENT_3D('',#4025,#2828,#2829);
#2354=AXIS2_PLACEMENT_3D('',#4027,#2830,#2831);
#2355=AXIS2_PLACEMENT_3D('',#4029,#2833,#2834);
#2356=AXIS2_PLACEMENT_3D('',#4031,#2836,#2837);
#2357=AXIS2_PLACEMENT_3D('',#4041,#2843,#2844);
#2358=AXIS2_PLACEMENT_3D('',#4044,#2847,#2848);
#2359=AXIS2_PLACEMENT_3D('',#4047,#2851,#2852);
#2360=AXIS2_PLACEMENT_3D('',#4048,#2853,#2854);
#2361=AXIS2_PLACEMENT_3D('',#4051,#2855,#2856);
#2362=AXIS2_PLACEMENT_3D('',#4055,#2858,#2859);
#2363=AXIS2_PLACEMENT_3D('',#4095,#2861,#2862);
#2364=AXIS2_PLACEMENT_3D('',#4096,#2863,#2864);
#2365=AXIS2_PLACEMENT_3D('',#4097,#2865,#2866);
#2366=AXIS2_PLACEMENT_3D('',#4098,#2867,#2868);
#2367=AXIS2_PLACEMENT_3D('',#4101,#2869,#2870);
#2368=AXIS2_PLACEMENT_3D('',#4142,#2873,#2874);
#2369=AXIS2_PLACEMENT_3D('',#4143,#2875,#2876);
#2370=AXIS2_PLACEMENT_3D('',#4144,#2877,#2878);
#2371=AXIS2_PLACEMENT_3D('',#4145,#2879,#2880);
#2372=AXIS2_PLACEMENT_3D('',#4148,#2881,#2882);
#2373=AXIS2_PLACEMENT_3D('',#4151,#2885,#2886);
#2374=AXIS2_PLACEMENT_3D('',#4155,#2888,#2889);
#2375=AXIS2_PLACEMENT_3D('',#4157,#2891,#2892);
#2376=AXIS2_PLACEMENT_3D('',#4161,#2895,#2896);
#2377=AXIS2_PLACEMENT_3D('',#4164,#2898,#2899);
#2378=AXIS2_PLACEMENT_3D('',#4165,#2900,#2901);
#2379=AXIS2_PLACEMENT_3D('',#4169,#2904,#2905);
#2380=AXIS2_PLACEMENT_3D('',#4173,#2908,#2909);
#2381=AXIS2_PLACEMENT_3D('',#4221,#2915,#2916);
#2382=AXIS2_PLACEMENT_3D('',#4222,#2917,#2918);
#2383=AXIS2_PLACEMENT_3D('',#4223,#2919,#2920);
#2384=AXIS2_PLACEMENT_3D('',#4224,#2921,#2922);
#2385=AXIS2_PLACEMENT_3D('',#4226,#2923,#2924);
#2386=AXIS2_PLACEMENT_3D('',#4265,#2926,#2927);
#2387=AXIS2_PLACEMENT_3D('',#4267,#2928,#2929);
#2388=AXIS2_PLACEMENT_3D('',#4268,#2930,#2931);
#2389=AXIS2_PLACEMENT_3D('',#4269,#2932,#2933);
#2390=AXIS2_PLACEMENT_3D('',#4271,#2934,#2935);
#2391=AXIS2_PLACEMENT_3D('',#4273,#2937,#2938);
#2392=AXIS2_PLACEMENT_3D('',#4275,#2940,#2941);
#2393=AXIS2_PLACEMENT_3D('',#4285,#2947,#2948);
#2394=AXIS2_PLACEMENT_3D('',#4288,#2951,#2952);
#2395=AXIS2_PLACEMENT_3D('',#4291,#2955,#2956);
#2396=AXIS2_PLACEMENT_3D('',#4292,#2957,#2958);
#2397=AXIS2_PLACEMENT_3D('',#4301,#2963,#2964);
#2398=AXIS2_PLACEMENT_3D('',#4307,#2968,#2969);
#2399=AXIS2_PLACEMENT_3D('',#4310,#2970,#2971);
#2400=AXIS2_PLACEMENT_3D('',#4314,#2973,#2974);
#2401=AXIS2_PLACEMENT_3D('',#4316,#2976,#2977);
#2402=AXIS2_PLACEMENT_3D('',#4322,#2981,#2982);
#2403=AXIS2_PLACEMENT_3D('',#4325,#2983,#2984);
#2404=AXIS2_PLACEMENT_3D('',#4329,#2986,#2987);
#2405=AXIS2_PLACEMENT_3D('',#4331,#2989,#2990);
#2406=AXIS2_PLACEMENT_3D('',#4337,#2994,#2995);
#2407=AXIS2_PLACEMENT_3D('',#4339,#2996,#2997);
#2408=AXIS2_PLACEMENT_3D('',#4341,#2998,#2999);
#2409=AXIS2_PLACEMENT_3D('',#4343,#3001,#3002);
#2410=AXIS2_PLACEMENT_3D('',#4345,#3003,#3004);
#2411=AXIS2_PLACEMENT_3D('',#4347,#3006,#3007);
#2412=AXIS2_PLACEMENT_3D('',#4348,#3008,#3009);
#2413=AXIS2_PLACEMENT_3D('',#4354,#3013,#3014);
#2414=AXIS2_PLACEMENT_3D('',#4367,#3022,#3023);
#2415=AXIS2_PLACEMENT_3D('',#4369,#3024,#3025);
#2416=AXIS2_PLACEMENT_3D('',#4370,#3026,#3027);
#2417=AXIS2_PLACEMENT_3D('',#4374,#3030,#3031);
#2418=AXIS2_PLACEMENT_3D('',#4376,#3033,#3034);
#2419=AXIS2_PLACEMENT_3D('',#4380,#3037,#3038);
#2420=AXIS2_PLACEMENT_3D('',#4384,#3041,#3042);
#2421=AXIS2_PLACEMENT_3D('',#4386,#3044,#3045);
#2422=AXIS2_PLACEMENT_3D('',#4390,#3048,#3049);
#2423=AXIS2_PLACEMENT_3D('',#4392,#3050,#3051);
#2424=AXIS2_PLACEMENT_3D('',#4394,#3053,#3054);
#2425=AXIS2_PLACEMENT_3D('',#4396,#3055,#3056);
#2426=AXIS2_PLACEMENT_3D('',#4398,#3058,#3059);
#2427=AXIS2_PLACEMENT_3D('',#4400,#3061,#3062);
#2428=DIRECTION('axis',(0.,0.,1.));
#2429=DIRECTION('refdir',(1.,0.,0.));
#2430=DIRECTION('center_axis',(0.44721359549996,0.894427190999915,0.));
#2431=DIRECTION('ref_axis',(-0.632455532033728,0.316227766016831,0.707106781186504));
#2432=DIRECTION('center_axis',(0.,-1.,0.));
#2433=DIRECTION('ref_axis',(-1.,0.,-6.51583767256501E-16));
#2434=DIRECTION('',(0.44721359549996,0.894427190999915,0.));
#2435=DIRECTION('center_axis',(-0.447213595499958,-0.894427190999916,-1.303167534513E-14));
#2436=DIRECTION('ref_axis',(0.,-1.45698559662094E-14,1.));
#2437=DIRECTION('',(-0.44721359549996,-0.894427190999915,0.));
#2438=DIRECTION('center_axis',(0.,0.,-1.));
#2439=DIRECTION('ref_axis',(0.,-1.,0.));
#2440=DIRECTION('center_axis',(-0.894427190999915,0.44721359549996,0.));
#2441=DIRECTION('ref_axis',(0.44721359549996,0.894427190999915,0.));
#2442=DIRECTION('center_axis',(0.707106781186548,-0.707106781186548,0.));
#2443=DIRECTION('ref_axis',(0.707106781186547,0.707106781186547,0.));
#2444=DIRECTION('center_axis',(-2.42830932770158E-16,-4.85661865540313E-16,
1.));
#2445=DIRECTION('ref_axis',(-0.850650808352038,-0.525731112119137,0.));
#2446=DIRECTION('center_axis',(0.,0.,-1.));
#2447=DIRECTION('ref_axis',(0.,-1.,0.));
#2448=DIRECTION('',(2.42830932770158E-16,4.85661865540313E-16,-1.));
#2449=DIRECTION('',(-2.42830932770158E-16,-4.85661865540313E-16,1.));
#2450=DIRECTION('center_axis',(0.447213595499972,0.894427190999909,0.));
#2451=DIRECTION('ref_axis',(0.,0.,-1.));
#2452=DIRECTION('center_axis',(-0.894427190999915,0.44721359549996,0.));
#2453=DIRECTION('ref_axis',(0.44721359549996,0.894427190999915,0.));
#2454=DIRECTION('center_axis',(0.707106781186548,-0.707106781186548,0.));
#2455=DIRECTION('ref_axis',(0.707106781186547,0.707106781186547,0.));
#2456=DIRECTION('center_axis',(-0.44721359549996,-0.894427190999915,0.));
#2457=DIRECTION('ref_axis',(-0.632455532033649,0.316227766016858,-0.707106781186563));
#2458=DIRECTION('center_axis',(0.,-1.,0.));
#2459=DIRECTION('ref_axis',(-1.,0.,1.62895941814125E-16));
#2460=DIRECTION('',(0.44721359549996,0.894427190999915,0.));
#2461=DIRECTION('',(-0.44721359549996,-0.894427190999915,0.));
#2462=DIRECTION('center_axis',(1.,0.,0.));
#2463=DIRECTION('ref_axis',(0.,0.707106781186548,0.707106781186548));
#2464=DIRECTION('',(1.,0.,0.));
#2465=DIRECTION('center_axis',(-0.707106781186548,-0.707106781186548,0.));
#2466=DIRECTION('ref_axis',(-0.707106781186547,0.707106781186547,0.));
#2467=DIRECTION('',(-1.,0.,0.));
#2468=DIRECTION('center_axis',(0.,1.,4.85661865540313E-16));
#2469=DIRECTION('ref_axis',(0.,-4.85661865540313E-16,1.));
#2470=DIRECTION('',(-1.,0.,0.));
#2471=DIRECTION('',(-2.42830932770161E-16,4.85661865540313E-16,-1.));
#2472=DIRECTION('center_axis',(1.,0.,0.));
#2473=DIRECTION('ref_axis',(0.,0.707106781186548,-0.707106781186548));
#2474=DIRECTION('',(1.,0.,0.));
#2475=DIRECTION('center_axis',(-0.707106781186548,-0.707106781186548,0.));
#2476=DIRECTION('ref_axis',(-0.707106781186547,0.707106781186547,0.));
#2477=DIRECTION('center_axis',(0.,0.,-1.));
#2478=DIRECTION('ref_axis',(0.,1.,0.));
#2479=DIRECTION('',(-1.,0.,0.));
#2480=DIRECTION('',(0.447213595499965,-0.894427190999913,0.));
#2481=DIRECTION('center_axis',(0.,0.,1.));
#2482=DIRECTION('ref_axis',(0.,-1.,0.));
#2483=DIRECTION('',(-0.447213595499965,0.894427190999913,0.));
#2484=DIRECTION('',(1.,0.,0.));
#2485=DIRECTION('center_axis',(-0.894427190999915,0.44721359549996,0.));
#2486=DIRECTION('ref_axis',(0.,0.,1.));
#2487=DIRECTION('',(0.,0.,-1.));
#2488=DIRECTION('',(0.408248290463864,0.816496580927725,-0.408248290463864));
#2489=DIRECTION('',(0.,0.,-1.));
#2490=DIRECTION('',(-0.408248290463864,-0.816496580927725,-0.408248290463864));
#2491=DIRECTION('',(0.,0.,-1.));
#2492=DIRECTION('center_axis',(0.894427190999913,0.447213595499965,0.));
#2493=DIRECTION('ref_axis',(-0.447213595499965,0.894427190999913,0.));
#2494=DIRECTION('center_axis',(0.447213595499956,-0.894427190999917,0.));
#2495=DIRECTION('ref_axis',(0.,0.,-1.));
#2496=DIRECTION('center_axis',(0.,0.,-1.));
#2497=DIRECTION('ref_axis',(0.894427190999921,0.447213595499949,0.));
#2498=DIRECTION('center_axis',(-0.447213595499965,0.894427190999913,0.));
#2499=DIRECTION('ref_axis',(0.632455532033728,0.316227766016831,-0.707106781186504));
#2500=DIRECTION('center_axis',(0.,-1.,0.));
#2501=DIRECTION('ref_axis',(1.,0.,0.));
#2502=DIRECTION('',(0.447213595499965,-0.894427190999913,0.));
#2503=DIRECTION('center_axis',(0.447213595499949,-0.894427190999921,-5.21267013805204E-15));
#2504=DIRECTION('ref_axis',(0.894427190999921,0.447213595499949,0.));
#2505=DIRECTION('center_axis',(0.894427190999913,0.447213595499965,0.));
#2506=DIRECTION('ref_axis',(-0.447213595499965,0.894427190999913,0.));
#2507=DIRECTION('center_axis',(0.,0.,1.));
#2508=DIRECTION('ref_axis',(0.,-1.,0.));
#2509=DIRECTION('center_axis',(0.447213595499965,-0.894427190999913,0.));
#2510=DIRECTION('ref_axis',(0.632455532033648,0.316227766016865,0.707106781186561));
#2511=DIRECTION('center_axis',(0.,-1.,0.));
#2512=DIRECTION('ref_axis',(1.,0.,-2.44343912721187E-16));
#2513=DIRECTION('',(-0.447213595499965,0.894427190999913,0.));
#2514=DIRECTION('center_axis',(-2.42830932770161E-16,4.85661865540313E-16,
-1.));
#2515=DIRECTION('ref_axis',(0.850650808352077,-0.525731112119074,0.));
#2516=DIRECTION('',(2.42830932770161E-16,-4.85661865540313E-16,1.));
#2517=DIRECTION('center_axis',(0.894427190999913,0.447213595499965,0.));
#2518=DIRECTION('ref_axis',(0.,0.,-1.));
#2519=DIRECTION('',(0.,0.,1.));
#2520=DIRECTION('',(-0.408248290463869,0.816496580927723,0.408248290463863));
#2521=DIRECTION('',(0.,0.,-1.));
#2522=DIRECTION('',(0.408248290463869,-0.816496580927723,0.408248290463863));
#2523=DIRECTION('',(0.,0.,1.));
#2524=DIRECTION('center_axis',(0.,0.44721359549996,-0.894427190999915));
#2525=DIRECTION('ref_axis',(-1.,0.,0.));
#2526=DIRECTION('',(1.,0.,0.));
#2527=DIRECTION('',(-1.,0.,0.));
#2528=DIRECTION('center_axis',(0.,0.44721359549996,0.894427190999915));
#2529=DIRECTION('ref_axis',(1.,0.,0.));
#2530=DIRECTION('',(1.,0.,0.));
#2531=DIRECTION('',(-1.,0.,0.));
#2532=DIRECTION('center_axis',(0.,1.,0.));
#2533=DIRECTION('ref_axis',(0.,0.,1.));
#2534=DIRECTION('center_axis',(0.44721359549996,0.894427190999915,0.));
#2535=DIRECTION('ref_axis',(-0.632455532033728,0.316227766016831,0.707106781186504));
#2536=DIRECTION('center_axis',(0.,-1.,0.));
#2537=DIRECTION('ref_axis',(-1.,0.,-6.51583767256501E-16));
#2538=DIRECTION('',(0.44721359549996,0.894427190999915,0.));
#2539=DIRECTION('center_axis',(-0.447213595499958,-0.894427190999916,-1.303167534513E-14));
#2540=DIRECTION('ref_axis',(0.,-1.45698559662094E-14,1.));
#2541=DIRECTION('',(-0.44721359549996,-0.894427190999915,0.));
#2542=DIRECTION('center_axis',(0.,0.,-1.));
#2543=DIRECTION('ref_axis',(0.,-1.,0.));
#2544=DIRECTION('center_axis',(-0.894427190999915,0.44721359549996,0.));
#2545=DIRECTION('ref_axis',(0.44721359549996,0.894427190999915,0.));
#2546=DIRECTION('center_axis',(0.707106781186548,-0.707106781186548,0.));
#2547=DIRECTION('ref_axis',(0.707106781186547,0.707106781186547,0.));
#2548=DIRECTION('center_axis',(-2.42830932770158E-16,-4.85661865540313E-16,
1.));
#2549=DIRECTION('ref_axis',(-0.850650808352038,-0.525731112119137,0.));
#2550=DIRECTION('center_axis',(0.,0.,-1.));
#2551=DIRECTION('ref_axis',(0.,-1.,0.));
#2552=DIRECTION('',(2.42830932770158E-16,4.85661865540313E-16,-1.));
#2553=DIRECTION('',(-2.42830932770158E-16,-4.85661865540313E-16,1.));
#2554=DIRECTION('center_axis',(0.447213595499972,0.894427190999909,0.));
#2555=DIRECTION('ref_axis',(0.,0.,-1.));
#2556=DIRECTION('center_axis',(-0.894427190999915,0.44721359549996,0.));
#2557=DIRECTION('ref_axis',(0.44721359549996,0.894427190999915,0.));
#2558=DIRECTION('center_axis',(0.707106781186548,-0.707106781186548,0.));
#2559=DIRECTION('ref_axis',(0.707106781186547,0.707106781186547,0.));
#2560=DIRECTION('center_axis',(-0.44721359549996,-0.894427190999915,0.));
#2561=DIRECTION('ref_axis',(-0.632455532033649,0.316227766016858,-0.707106781186563));
#2562=DIRECTION('center_axis',(0.,-1.,0.));
#2563=DIRECTION('ref_axis',(-1.,0.,1.62895941814125E-16));
#2564=DIRECTION('',(0.44721359549996,0.894427190999915,0.));
#2565=DIRECTION('',(-0.44721359549996,-0.894427190999915,0.));
#2566=DIRECTION('center_axis',(1.,0.,0.));
#2567=DIRECTION('ref_axis',(0.,0.707106781186548,0.707106781186548));
#2568=DIRECTION('',(1.,0.,0.));
#2569=DIRECTION('center_axis',(-0.707106781186548,-0.707106781186548,0.));
#2570=DIRECTION('ref_axis',(-0.707106781186547,0.707106781186547,0.));
#2571=DIRECTION('',(-1.,0.,0.));
#2572=DIRECTION('center_axis',(0.,1.,4.85661865540313E-16));
#2573=DIRECTION('ref_axis',(0.,-4.85661865540313E-16,1.));
#2574=DIRECTION('',(-1.,0.,0.));
#2575=DIRECTION('',(-2.42830932770161E-16,4.85661865540313E-16,-1.));
#2576=DIRECTION('center_axis',(1.,0.,0.));
#2577=DIRECTION('ref_axis',(0.,0.707106781186548,-0.707106781186548));
#2578=DIRECTION('',(1.,0.,0.));
#2579=DIRECTION('center_axis',(-0.707106781186548,-0.707106781186548,0.));
#2580=DIRECTION('ref_axis',(-0.707106781186547,0.707106781186547,0.));
#2581=DIRECTION('center_axis',(0.,0.,-1.));
#2582=DIRECTION('ref_axis',(0.,1.,0.));
#2583=DIRECTION('',(-1.,0.,0.));
#2584=DIRECTION('',(0.447213595499965,-0.894427190999913,0.));
#2585=DIRECTION('center_axis',(0.,0.,1.));
#2586=DIRECTION('ref_axis',(0.,-1.,0.));
#2587=DIRECTION('',(-0.447213595499965,0.894427190999913,0.));
#2588=DIRECTION('',(1.,0.,0.));
#2589=DIRECTION('center_axis',(-0.894427190999915,0.44721359549996,0.));
#2590=DIRECTION('ref_axis',(0.,0.,1.));
#2591=DIRECTION('',(0.,0.,-1.));
#2592=DIRECTION('',(0.408248290463864,0.816496580927725,-0.408248290463864));
#2593=DIRECTION('',(0.,0.,-1.));
#2594=DIRECTION('',(-0.408248290463864,-0.816496580927725,-0.408248290463864));
#2595=DIRECTION('',(0.,0.,-1.));
#2596=DIRECTION('center_axis',(0.894427190999913,0.447213595499965,0.));
#2597=DIRECTION('ref_axis',(-0.447213595499965,0.894427190999913,0.));
#2598=DIRECTION('center_axis',(0.447213595499956,-0.894427190999917,0.));
#2599=DIRECTION('ref_axis',(0.,0.,-1.));
#2600=DIRECTION('center_axis',(0.,0.,-1.));
#2601=DIRECTION('ref_axis',(0.894427190999921,0.447213595499949,0.));
#2602=DIRECTION('center_axis',(-0.447213595499965,0.894427190999913,0.));
#2603=DIRECTION('ref_axis',(0.632455532033728,0.316227766016831,-0.707106781186504));
#2604=DIRECTION('center_axis',(0.,-1.,0.));
#2605=DIRECTION('ref_axis',(1.,0.,0.));
#2606=DIRECTION('',(0.447213595499965,-0.894427190999913,0.));
#2607=DIRECTION('center_axis',(0.447213595499949,-0.894427190999921,-5.21267013805204E-15));
#2608=DIRECTION('ref_axis',(0.894427190999921,0.447213595499949,0.));
#2609=DIRECTION('center_axis',(0.894427190999913,0.447213595499965,0.));
#2610=DIRECTION('ref_axis',(-0.447213595499965,0.894427190999913,0.));
#2611=DIRECTION('center_axis',(0.,0.,1.));
#2612=DIRECTION('ref_axis',(0.,-1.,0.));
#2613=DIRECTION('center_axis',(0.447213595499965,-0.894427190999913,0.));
#2614=DIRECTION('ref_axis',(0.632455532033648,0.316227766016865,0.707106781186561));
#2615=DIRECTION('center_axis',(0.,-1.,0.));
#2616=DIRECTION('ref_axis',(1.,0.,-2.44343912721187E-16));
#2617=DIRECTION('',(-0.447213595499965,0.894427190999913,0.));
#2618=DIRECTION('center_axis',(-2.42830932770161E-16,4.85661865540313E-16,
-1.));
#2619=DIRECTION('ref_axis',(0.850650808352077,-0.525731112119074,0.));
#2620=DIRECTION('',(2.42830932770161E-16,-4.85661865540313E-16,1.));
#2621=DIRECTION('center_axis',(0.894427190999913,0.447213595499965,0.));
#2622=DIRECTION('ref_axis',(0.,0.,-1.));
#2623=DIRECTION('',(0.,0.,1.));
#2624=DIRECTION('',(-0.408248290463869,0.816496580927723,0.408248290463863));
#2625=DIRECTION('',(0.,0.,-1.));
#2626=DIRECTION('',(0.408248290463869,-0.816496580927723,0.408248290463863));
#2627=DIRECTION('',(0.,0.,1.));
#2628=DIRECTION('center_axis',(0.,0.44721359549996,-0.894427190999915));
#2629=DIRECTION('ref_axis',(-1.,0.,0.));
#2630=DIRECTION('',(1.,0.,0.));
#2631=DIRECTION('',(-1.,0.,0.));
#2632=DIRECTION('center_axis',(0.,0.44721359549996,0.894427190999915));
#2633=DIRECTION('ref_axis',(1.,0.,0.));
#2634=DIRECTION('',(1.,0.,0.));
#2635=DIRECTION('',(-1.,0.,0.));
#2636=DIRECTION('center_axis',(0.,1.,0.));
#2637=DIRECTION('ref_axis',(0.,0.,1.));
#2638=DIRECTION('center_axis',(0.44721359549996,0.894427190999915,0.));
#2639=DIRECTION('ref_axis',(-0.632455532033728,0.316227766016831,0.707106781186504));
#2640=DIRECTION('center_axis',(0.,-1.,0.));
#2641=DIRECTION('ref_axis',(-1.,0.,-6.51583767256501E-16));
#2642=DIRECTION('',(0.44721359549996,0.894427190999915,0.));
#2643=DIRECTION('center_axis',(-0.447213595499958,-0.894427190999916,-1.303167534513E-14));
#2644=DIRECTION('ref_axis',(0.,-1.45698559662094E-14,1.));
#2645=DIRECTION('',(-0.44721359549996,-0.894427190999915,0.));
#2646=DIRECTION('center_axis',(0.,0.,-1.));
#2647=DIRECTION('ref_axis',(0.,-1.,0.));
#2648=DIRECTION('center_axis',(-0.894427190999915,0.44721359549996,0.));
#2649=DIRECTION('ref_axis',(0.44721359549996,0.894427190999915,0.));
#2650=DIRECTION('center_axis',(0.707106781186548,-0.707106781186548,0.));
#2651=DIRECTION('ref_axis',(0.707106781186547,0.707106781186547,0.));
#2652=DIRECTION('center_axis',(-2.42830932770158E-16,-4.85661865540313E-16,
1.));
#2653=DIRECTION('ref_axis',(-0.850650808352038,-0.525731112119137,0.));
#2654=DIRECTION('center_axis',(0.,0.,-1.));
#2655=DIRECTION('ref_axis',(0.,-1.,0.));
#2656=DIRECTION('',(2.42830932770158E-16,4.85661865540313E-16,-1.));
#2657=DIRECTION('',(-2.42830932770158E-16,-4.85661865540313E-16,1.));
#2658=DIRECTION('center_axis',(0.447213595499972,0.894427190999909,0.));
#2659=DIRECTION('ref_axis',(0.,0.,-1.));
#2660=DIRECTION('center_axis',(-0.894427190999915,0.44721359549996,0.));
#2661=DIRECTION('ref_axis',(0.44721359549996,0.894427190999915,0.));
#2662=DIRECTION('center_axis',(0.707106781186548,-0.707106781186548,0.));
#2663=DIRECTION('ref_axis',(0.707106781186547,0.707106781186547,0.));
#2664=DIRECTION('center_axis',(-0.44721359549996,-0.894427190999915,0.));
#2665=DIRECTION('ref_axis',(-0.632455532033649,0.316227766016858,-0.707106781186563));
#2666=DIRECTION('center_axis',(0.,-1.,0.));
#2667=DIRECTION('ref_axis',(-1.,0.,1.62895941814125E-16));
#2668=DIRECTION('',(0.44721359549996,0.894427190999915,0.));
#2669=DIRECTION('',(-0.44721359549996,-0.894427190999915,0.));
#2670=DIRECTION('center_axis',(1.,0.,0.));
#2671=DIRECTION('ref_axis',(0.,0.707106781186548,0.707106781186548));
#2672=DIRECTION('',(1.,0.,0.));
#2673=DIRECTION('center_axis',(-0.707106781186548,-0.707106781186548,0.));
#2674=DIRECTION('ref_axis',(-0.707106781186547,0.707106781186547,0.));
#2675=DIRECTION('',(-1.,0.,0.));
#2676=DIRECTION('center_axis',(0.,1.,4.85661865540313E-16));
#2677=DIRECTION('ref_axis',(0.,-4.85661865540313E-16,1.));
#2678=DIRECTION('',(-1.,0.,0.));
#2679=DIRECTION('',(-2.42830932770161E-16,4.85661865540313E-16,-1.));
#2680=DIRECTION('center_axis',(1.,0.,0.));
#2681=DIRECTION('ref_axis',(0.,0.707106781186548,-0.707106781186548));
#2682=DIRECTION('',(1.,0.,0.));
#2683=DIRECTION('center_axis',(-0.707106781186548,-0.707106781186548,0.));
#2684=DIRECTION('ref_axis',(-0.707106781186547,0.707106781186547,0.));
#2685=DIRECTION('center_axis',(0.,0.,-1.));
#2686=DIRECTION('ref_axis',(0.,1.,0.));
#2687=DIRECTION('',(-1.,0.,0.));
#2688=DIRECTION('',(0.447213595499965,-0.894427190999913,0.));
#2689=DIRECTION('center_axis',(0.,0.,1.));
#2690=DIRECTION('ref_axis',(0.,-1.,0.));
#2691=DIRECTION('',(-0.447213595499965,0.894427190999913,0.));
#2692=DIRECTION('',(1.,0.,0.));
#2693=DIRECTION('center_axis',(-0.894427190999915,0.44721359549996,0.));
#2694=DIRECTION('ref_axis',(0.,0.,1.));
#2695=DIRECTION('',(0.,0.,-1.));
#2696=DIRECTION('',(0.408248290463864,0.816496580927725,-0.408248290463864));
#2697=DIRECTION('',(0.,0.,-1.));
#2698=DIRECTION('',(-0.408248290463864,-0.816496580927725,-0.408248290463864));
#2699=DIRECTION('',(0.,0.,-1.));
#2700=DIRECTION('center_axis',(0.894427190999913,0.447213595499965,0.));
#2701=DIRECTION('ref_axis',(-0.447213595499965,0.894427190999913,0.));
#2702=DIRECTION('center_axis',(0.447213595499956,-0.894427190999917,0.));
#2703=DIRECTION('ref_axis',(0.,0.,-1.));
#2704=DIRECTION('center_axis',(0.,0.,-1.));
#2705=DIRECTION('ref_axis',(0.894427190999921,0.447213595499949,0.));
#2706=DIRECTION('center_axis',(-0.447213595499965,0.894427190999913,0.));
#2707=DIRECTION('ref_axis',(0.632455532033728,0.316227766016831,-0.707106781186504));
#2708=DIRECTION('center_axis',(0.,-1.,0.));
#2709=DIRECTION('ref_axis',(1.,0.,0.));
#2710=DIRECTION('',(0.447213595499965,-0.894427190999913,0.));
#2711=DIRECTION('center_axis',(0.447213595499949,-0.894427190999921,-5.21267013805204E-15));
#2712=DIRECTION('ref_axis',(0.894427190999921,0.447213595499949,0.));
#2713=DIRECTION('center_axis',(0.894427190999913,0.447213595499965,0.));
#2714=DIRECTION('ref_axis',(-0.447213595499965,0.894427190999913,0.));
#2715=DIRECTION('center_axis',(0.,0.,1.));
#2716=DIRECTION('ref_axis',(0.,-1.,0.));
#2717=DIRECTION('center_axis',(0.447213595499965,-0.894427190999913,0.));
#2718=DIRECTION('ref_axis',(0.632455532033648,0.316227766016865,0.707106781186561));
#2719=DIRECTION('center_axis',(0.,-1.,0.));
#2720=DIRECTION('ref_axis',(1.,0.,-2.44343912721187E-16));
#2721=DIRECTION('',(-0.447213595499965,0.894427190999913,0.));
#2722=DIRECTION('center_axis',(-2.42830932770161E-16,4.85661865540313E-16,
-1.));
#2723=DIRECTION('ref_axis',(0.850650808352077,-0.525731112119074,0.));
#2724=DIRECTION('',(2.42830932770161E-16,-4.85661865540313E-16,1.));
#2725=DIRECTION('center_axis',(0.894427190999913,0.447213595499965,0.));
#2726=DIRECTION('ref_axis',(0.,0.,-1.));
#2727=DIRECTION('',(0.,0.,1.));
#2728=DIRECTION('',(-0.408248290463869,0.816496580927723,0.408248290463863));
#2729=DIRECTION('',(0.,0.,-1.));
#2730=DIRECTION('',(0.408248290463869,-0.816496580927723,0.408248290463863));
#2731=DIRECTION('',(0.,0.,1.));
#2732=DIRECTION('center_axis',(0.,0.44721359549996,-0.894427190999915));
#2733=DIRECTION('ref_axis',(-1.,0.,0.));
#2734=DIRECTION('',(1.,0.,0.));
#2735=DIRECTION('',(-1.,0.,0.));
#2736=DIRECTION('center_axis',(0.,0.44721359549996,0.894427190999915));
#2737=DIRECTION('ref_axis',(1.,0.,0.));
#2738=DIRECTION('',(1.,0.,0.));
#2739=DIRECTION('',(-1.,0.,0.));
#2740=DIRECTION('center_axis',(0.,1.,0.));
#2741=DIRECTION('ref_axis',(0.,0.,1.));
#2742=DIRECTION('center_axis',(0.44721359549996,0.894427190999915,0.));
#2743=DIRECTION('ref_axis',(-0.632455532033728,0.316227766016831,0.707106781186504));
#2744=DIRECTION('center_axis',(0.,-1.,0.));
#2745=DIRECTION('ref_axis',(-1.,0.,-6.51583767256501E-16));
#2746=DIRECTION('',(0.44721359549996,0.894427190999915,0.));
#2747=DIRECTION('center_axis',(-0.447213595499958,-0.894427190999916,-1.303167534513E-14));
#2748=DIRECTION('ref_axis',(0.,-1.45698559662094E-14,1.));
#2749=DIRECTION('',(-0.44721359549996,-0.894427190999915,0.));
#2750=DIRECTION('center_axis',(0.,0.,-1.));
#2751=DIRECTION('ref_axis',(0.,-1.,0.));
#2752=DIRECTION('center_axis',(-0.894427190999915,0.44721359549996,0.));
#2753=DIRECTION('ref_axis',(0.44721359549996,0.894427190999915,0.));
#2754=DIRECTION('center_axis',(0.707106781186548,-0.707106781186548,0.));
#2755=DIRECTION('ref_axis',(0.707106781186547,0.707106781186547,0.));
#2756=DIRECTION('center_axis',(-2.42830932770158E-16,-4.85661865540313E-16,
1.));
#2757=DIRECTION('ref_axis',(-0.850650808352038,-0.525731112119137,0.));
#2758=DIRECTION('center_axis',(0.,0.,-1.));
#2759=DIRECTION('ref_axis',(0.,-1.,0.));
#2760=DIRECTION('',(2.42830932770158E-16,4.85661865540313E-16,-1.));
#2761=DIRECTION('',(-2.42830932770158E-16,-4.85661865540313E-16,1.));
#2762=DIRECTION('center_axis',(0.447213595499972,0.894427190999909,0.));
#2763=DIRECTION('ref_axis',(0.,0.,-1.));
#2764=DIRECTION('center_axis',(-0.894427190999915,0.44721359549996,0.));
#2765=DIRECTION('ref_axis',(0.44721359549996,0.894427190999915,0.));
#2766=DIRECTION('center_axis',(0.707106781186548,-0.707106781186548,0.));
#2767=DIRECTION('ref_axis',(0.707106781186547,0.707106781186547,0.));
#2768=DIRECTION('center_axis',(-0.44721359549996,-0.894427190999915,0.));
#2769=DIRECTION('ref_axis',(-0.632455532033649,0.316227766016858,-0.707106781186563));
#2770=DIRECTION('center_axis',(0.,-1.,0.));
#2771=DIRECTION('ref_axis',(-1.,0.,1.62895941814125E-16));
#2772=DIRECTION('',(0.44721359549996,0.894427190999915,0.));
#2773=DIRECTION('',(-0.44721359549996,-0.894427190999915,0.));
#2774=DIRECTION('center_axis',(1.,0.,0.));
#2775=DIRECTION('ref_axis',(0.,0.707106781186548,0.707106781186548));
#2776=DIRECTION('',(1.,0.,0.));
#2777=DIRECTION('center_axis',(-0.707106781186548,-0.707106781186548,0.));
#2778=DIRECTION('ref_axis',(-0.707106781186547,0.707106781186547,0.));
#2779=DIRECTION('',(-1.,0.,0.));
#2780=DIRECTION('center_axis',(0.,1.,4.85661865540313E-16));
#2781=DIRECTION('ref_axis',(0.,-4.85661865540313E-16,1.));
#2782=DIRECTION('',(-1.,0.,0.));
#2783=DIRECTION('',(-2.42830932770161E-16,4.85661865540313E-16,-1.));
#2784=DIRECTION('center_axis',(1.,0.,0.));
#2785=DIRECTION('ref_axis',(0.,0.707106781186548,-0.707106781186548));
#2786=DIRECTION('',(1.,0.,0.));
#2787=DIRECTION('center_axis',(-0.707106781186548,-0.707106781186548,0.));
#2788=DIRECTION('ref_axis',(-0.707106781186547,0.707106781186547,0.));
#2789=DIRECTION('center_axis',(0.,0.,-1.));
#2790=DIRECTION('ref_axis',(0.,1.,0.));
#2791=DIRECTION('',(-1.,0.,0.));
#2792=DIRECTION('',(0.447213595499965,-0.894427190999913,0.));
#2793=DIRECTION('center_axis',(0.,1.,0.));
#2794=DIRECTION('ref_axis',(0.,0.,1.));
#2795=DIRECTION('',(-1.,0.,0.));
#2796=DIRECTION('',(0.,0.,-1.));
#2797=DIRECTION('',(-1.,0.,0.));
#2798=DIRECTION('center_axis',(0.,1.,0.));
#2799=DIRECTION('ref_axis',(0.707106781186547,0.,0.707106781186547));
#2800=DIRECTION('center_axis',(0.,0.,1.));
#2801=DIRECTION('ref_axis',(0.,-1.,0.));
#2802=DIRECTION('',(-0.447213595499965,0.894427190999913,0.));
#2803=DIRECTION('',(1.,0.,0.));
#2804=DIRECTION('center_axis',(-0.894427190999915,0.44721359549996,0.));
#2805=DIRECTION('ref_axis',(0.,0.,1.));
#2806=DIRECTION('',(0.,0.,-1.));
#2807=DIRECTION('',(0.408248290463864,0.816496580927725,-0.408248290463864));
#2808=DIRECTION('',(0.,0.,-1.));
#2809=DIRECTION('',(-0.408248290463864,-0.816496580927725,-0.408248290463864));
#2810=DIRECTION('',(0.,0.,-1.));
#2811=DIRECTION('center_axis',(0.894427190999913,0.447213595499965,0.));
#2812=DIRECTION('ref_axis',(-0.447213595499965,0.894427190999913,0.));
#2813=DIRECTION('center_axis',(0.447213595499956,-0.894427190999917,0.));
#2814=DIRECTION('ref_axis',(0.,0.,-1.));
#2815=DIRECTION('center_axis',(0.,0.,-1.));
#2816=DIRECTION('ref_axis',(0.894427190999921,0.447213595499949,0.));
#2817=DIRECTION('center_axis',(-0.447213595499965,0.894427190999913,0.));
#2818=DIRECTION('ref_axis',(0.632455532033728,0.316227766016831,-0.707106781186504));
#2819=DIRECTION('center_axis',(0.,-1.,0.));
#2820=DIRECTION('ref_axis',(1.,0.,0.));
#2821=DIRECTION('',(0.447213595499965,-0.894427190999913,0.));
#2822=DIRECTION('center_axis',(0.447213595499949,-0.894427190999921,-5.21267013805204E-15));
#2823=DIRECTION('ref_axis',(0.894427190999921,0.447213595499949,0.));
#2824=DIRECTION('center_axis',(0.894427190999913,0.447213595499965,0.));
#2825=DIRECTION('ref_axis',(-0.447213595499965,0.894427190999913,0.));
#2826=DIRECTION('center_axis',(0.,0.,1.));
#2827=DIRECTION('ref_axis',(0.,-1.,0.));
#2828=DIRECTION('center_axis',(0.447213595499965,-0.894427190999913,0.));
#2829=DIRECTION('ref_axis',(0.632455532033648,0.316227766016865,0.707106781186561));
#2830=DIRECTION('center_axis',(0.,-1.,0.));
#2831=DIRECTION('ref_axis',(1.,0.,-2.44343912721187E-16));
#2832=DIRECTION('',(-0.447213595499965,0.894427190999913,0.));
#2833=DIRECTION('center_axis',(-2.42830932770161E-16,4.85661865540313E-16,
-1.));
#2834=DIRECTION('ref_axis',(0.850650808352077,-0.525731112119074,0.));
#2835=DIRECTION('',(2.42830932770161E-16,-4.85661865540313E-16,1.));
#2836=DIRECTION('center_axis',(0.894427190999913,0.447213595499965,0.));
#2837=DIRECTION('ref_axis',(0.,0.,-1.));
#2838=DIRECTION('',(0.,0.,1.));
#2839=DIRECTION('',(-0.408248290463869,0.816496580927723,0.408248290463863));
#2840=DIRECTION('',(0.,0.,-1.));
#2841=DIRECTION('',(0.408248290463869,-0.816496580927723,0.408248290463863));
#2842=DIRECTION('',(0.,0.,1.));
#2843=DIRECTION('center_axis',(0.,0.44721359549996,-0.894427190999915));
#2844=DIRECTION('ref_axis',(-1.,0.,0.));
#2845=DIRECTION('',(1.,0.,0.));
#2846=DIRECTION('',(-1.,0.,0.));
#2847=DIRECTION('center_axis',(0.,0.44721359549996,0.894427190999915));
#2848=DIRECTION('ref_axis',(1.,0.,0.));
#2849=DIRECTION('',(1.,0.,0.));
#2850=DIRECTION('',(-1.,0.,0.));
#2851=DIRECTION('center_axis',(0.,1.,0.));
#2852=DIRECTION('ref_axis',(0.,0.,1.));
#2853=DIRECTION('center_axis',(0.44721359549996,0.894427190999915,0.));
#2854=DIRECTION('ref_axis',(-0.632455532033728,0.316227766016831,0.707106781186504));
#2855=DIRECTION('center_axis',(0.,-1.,0.));
#2856=DIRECTION('ref_axis',(-1.,0.,-6.51583767256501E-16));
#2857=DIRECTION('',(0.44721359549996,0.894427190999915,0.));
#2858=DIRECTION('center_axis',(-0.447213595499958,-0.894427190999916,-1.303167534513E-14));
#2859=DIRECTION('ref_axis',(0.,-1.45698559662094E-14,1.));
#2860=DIRECTION('',(-0.44721359549996,-0.894427190999915,0.));
#2861=DIRECTION('center_axis',(0.,0.,-1.));
#2862=DIRECTION('ref_axis',(0.,-1.,0.));
#2863=DIRECTION('center_axis',(-0.894427190999915,0.44721359549996,0.));
#2864=DIRECTION('ref_axis',(0.44721359549996,0.894427190999915,0.));
#2865=DIRECTION('center_axis',(0.707106781186548,-0.707106781186548,0.));
#2866=DIRECTION('ref_axis',(0.707106781186547,0.707106781186547,0.));
#2867=DIRECTION('center_axis',(-2.42830932770158E-16,-4.85661865540313E-16,
1.));
#2868=DIRECTION('ref_axis',(-0.850650808352038,-0.525731112119137,0.));
#2869=DIRECTION('center_axis',(0.,0.,-1.));
#2870=DIRECTION('ref_axis',(0.,-1.,0.));
#2871=DIRECTION('',(2.42830932770158E-16,4.85661865540313E-16,-1.));
#2872=DIRECTION('',(-2.42830932770158E-16,-4.85661865540313E-16,1.));
#2873=DIRECTION('center_axis',(0.447213595499972,0.894427190999909,0.));
#2874=DIRECTION('ref_axis',(0.,0.,-1.));
#2875=DIRECTION('center_axis',(-0.894427190999915,0.44721359549996,0.));
#2876=DIRECTION('ref_axis',(0.44721359549996,0.894427190999915,0.));
#2877=DIRECTION('center_axis',(0.707106781186548,-0.707106781186548,0.));
#2878=DIRECTION('ref_axis',(0.707106781186547,0.707106781186547,0.));
#2879=DIRECTION('center_axis',(-0.44721359549996,-0.894427190999915,0.));
#2880=DIRECTION('ref_axis',(-0.632455532033649,0.316227766016858,-0.707106781186563));
#2881=DIRECTION('center_axis',(0.,-1.,0.));
#2882=DIRECTION('ref_axis',(-1.,0.,1.62895941814125E-16));
#2883=DIRECTION('',(0.44721359549996,0.894427190999915,0.));
#2884=DIRECTION('',(-0.44721359549996,-0.894427190999915,0.));
#2885=DIRECTION('center_axis',(1.,0.,0.));
#2886=DIRECTION('ref_axis',(0.,0.707106781186548,0.707106781186548));
#2887=DIRECTION('',(1.,0.,0.));
#2888=DIRECTION('center_axis',(-0.707106781186548,-0.707106781186548,0.));
#2889=DIRECTION('ref_axis',(-0.707106781186547,0.707106781186547,0.));
#2890=DIRECTION('',(-1.,0.,0.));
#2891=DIRECTION('center_axis',(0.,1.,4.85661865540313E-16));
#2892=DIRECTION('ref_axis',(0.,-4.85661865540313E-16,1.));
#2893=DIRECTION('',(-1.,0.,0.));
#2894=DIRECTION('',(-2.42830932770161E-16,4.85661865540313E-16,-1.));
#2895=DIRECTION('center_axis',(1.,0.,0.));
#2896=DIRECTION('ref_axis',(0.,0.707106781186548,-0.707106781186548));
#2897=DIRECTION('',(1.,0.,0.));
#2898=DIRECTION('center_axis',(-0.707106781186548,-0.707106781186548,0.));
#2899=DIRECTION('ref_axis',(-0.707106781186547,0.707106781186547,0.));
#2900=DIRECTION('center_axis',(0.,0.,-1.));
#2901=DIRECTION('ref_axis',(0.,1.,0.));
#2902=DIRECTION('',(-1.,0.,0.));
#2903=DIRECTION('',(0.447213595499965,-0.894427190999913,0.));
#2904=DIRECTION('center_axis',(0.,0.,1.));
#2905=DIRECTION('ref_axis',(0.,-1.,0.));
#2906=DIRECTION('',(-0.447213595499965,0.894427190999913,0.));
#2907=DIRECTION('',(1.,0.,0.));
#2908=DIRECTION('center_axis',(-0.894427190999915,0.44721359549996,0.));
#2909=DIRECTION('ref_axis',(0.,0.,1.));
#2910=DIRECTION('',(0.,0.,-1.));
#2911=DIRECTION('',(0.408248290463864,0.816496580927725,-0.408248290463864));
#2912=DIRECTION('',(0.,0.,-1.));
#2913=DIRECTION('',(-0.408248290463864,-0.816496580927725,-0.408248290463864));
#2914=DIRECTION('',(0.,0.,-1.));
#2915=DIRECTION('center_axis',(0.894427190999913,0.447213595499965,0.));
#2916=DIRECTION('ref_axis',(-0.447213595499965,0.894427190999913,0.));
#2917=DIRECTION('center_axis',(0.447213595499956,-0.894427190999917,0.));
#2918=DIRECTION('ref_axis',(0.,0.,-1.));
#2919=DIRECTION('center_axis',(0.,0.,-1.));
#2920=DIRECTION('ref_axis',(0.894427190999921,0.447213595499949,0.));
#2921=DIRECTION('center_axis',(-0.447213595499965,0.894427190999913,0.));
#2922=DIRECTION('ref_axis',(0.632455532033728,0.316227766016831,-0.707106781186504));
#2923=DIRECTION('center_axis',(0.,-1.,0.));
#2924=DIRECTION('ref_axis',(1.,0.,0.));
#2925=DIRECTION('',(0.447213595499965,-0.894427190999913,0.));
#2926=DIRECTION('center_axis',(0.447213595499949,-0.894427190999921,-5.21267013805204E-15));
#2927=DIRECTION('ref_axis',(0.894427190999921,0.447213595499949,0.));
#2928=DIRECTION('center_axis',(0.894427190999913,0.447213595499965,0.));
#2929=DIRECTION('ref_axis',(-0.447213595499965,0.894427190999913,0.));
#2930=DIRECTION('center_axis',(0.,0.,1.));
#2931=DIRECTION('ref_axis',(0.,-1.,0.));
#2932=DIRECTION('center_axis',(0.447213595499965,-0.894427190999913,0.));
#2933=DIRECTION('ref_axis',(0.632455532033648,0.316227766016865,0.707106781186561));
#2934=DIRECTION('center_axis',(0.,-1.,0.));
#2935=DIRECTION('ref_axis',(1.,0.,-2.44343912721187E-16));
#2936=DIRECTION('',(-0.447213595499965,0.894427190999913,0.));
#2937=DIRECTION('center_axis',(-2.42830932770161E-16,4.85661865540313E-16,
-1.));
#2938=DIRECTION('ref_axis',(0.850650808352077,-0.525731112119074,0.));
#2939=DIRECTION('',(2.42830932770161E-16,-4.85661865540313E-16,1.));
#2940=DIRECTION('center_axis',(0.894427190999913,0.447213595499965,0.));
#2941=DIRECTION('ref_axis',(0.,0.,-1.));
#2942=DIRECTION('',(0.,0.,1.));
#2943=DIRECTION('',(-0.408248290463869,0.816496580927723,0.408248290463863));
#2944=DIRECTION('',(0.,0.,-1.));
#2945=DIRECTION('',(0.408248290463869,-0.816496580927723,0.408248290463863));
#2946=DIRECTION('',(0.,0.,1.));
#2947=DIRECTION('center_axis',(0.,0.44721359549996,-0.894427190999915));
#2948=DIRECTION('ref_axis',(-1.,0.,0.));
#2949=DIRECTION('',(1.,0.,0.));
#2950=DIRECTION('',(-1.,0.,0.));
#2951=DIRECTION('center_axis',(0.,0.44721359549996,0.894427190999915));
#2952=DIRECTION('ref_axis',(1.,0.,0.));
#2953=DIRECTION('',(1.,0.,0.));
#2954=DIRECTION('',(-1.,0.,0.));
#2955=DIRECTION('center_axis',(0.,1.,0.));
#2956=DIRECTION('ref_axis',(0.,0.,1.));
#2957=DIRECTION('center_axis',(0.,0.64764842009554,0.76193931775946));
#2958=DIRECTION('ref_axis',(1.,0.,0.));
#2959=DIRECTION('',(0.,0.76193931775946,-0.64764842009554));
#2960=DIRECTION('',(-1.,0.,0.));
#2961=DIRECTION('',(0.,-0.76193931775946,0.64764842009554));
#2962=DIRECTION('',(-1.,0.,0.));
#2963=DIRECTION('center_axis',(-1.,0.,0.));
#2964=DIRECTION('ref_axis',(0.,0.,1.));
#2965=DIRECTION('',(0.,0.,1.));
#2966=DIRECTION('',(0.,1.,0.));
#2967=DIRECTION('',(0.,0.,-1.));
#2968=DIRECTION('center_axis',(0.,1.,0.));
#2969=DIRECTION('ref_axis',(0.707106781186535,0.,0.70710678118656));
#2970=DIRECTION('center_axis',(0.,-1.,0.));
#2971=DIRECTION('ref_axis',(0.707106781186535,0.,0.70710678118656));
#2972=DIRECTION('',(0.,1.,0.));
#2973=DIRECTION('center_axis',(0.,1.,0.));
#2974=DIRECTION('ref_axis',(0.707106781186535,0.,0.70710678118656));
#2975=DIRECTION('',(0.,-1.,0.));
#2976=DIRECTION('center_axis',(0.,0.,-1.));
#2977=DIRECTION('ref_axis',(-1.,0.,0.));
#2978=DIRECTION('',(-1.,0.,0.));
#2979=DIRECTION('',(0.,1.,0.));
#2980=DIRECTION('',(-1.,0.,0.));
#2981=DIRECTION('center_axis',(0.,1.,0.));
#2982=DIRECTION('ref_axis',(0.707106781186535,0.,-0.70710678118656));
#2983=DIRECTION('center_axis',(0.,-1.,0.));
#2984=DIRECTION('ref_axis',(0.707106781186535,0.,-0.70710678118656));
#2985=DIRECTION('',(0.,1.,0.));
#2986=DIRECTION('center_axis',(0.,1.,0.));
#2987=DIRECTION('ref_axis',(0.707106781186535,0.,-0.70710678118656));
#2988=DIRECTION('',(0.,-1.,0.));
#2989=DIRECTION('center_axis',(-1.,0.,0.));
#2990=DIRECTION('ref_axis',(0.,0.,1.));
#2991=DIRECTION('',(0.,0.,-1.));
#2992=DIRECTION('',(0.,-1.,0.));
#2993=DIRECTION('',(0.,0.,1.));
#2994=DIRECTION('center_axis',(0.,1.,0.));
#2995=DIRECTION('ref_axis',(0.707106781186535,0.,-0.70710678118656));
#2996=DIRECTION('center_axis',(0.,-1.,0.));
#2997=DIRECTION('ref_axis',(0.707106781186535,0.,-0.70710678118656));
#2998=DIRECTION('center_axis',(0.,1.,0.));
#2999=DIRECTION('ref_axis',(0.707106781186535,0.,-0.70710678118656));
#3000=DIRECTION('',(0.,-1.,0.));
#3001=DIRECTION('center_axis',(0.,1.,0.));
#3002=DIRECTION('ref_axis',(0.707106781186547,0.,0.707106781186547));
#3003=DIRECTION('center_axis',(0.,-1.,0.));
#3004=DIRECTION('ref_axis',(0.707106781186547,0.,0.707106781186547));
#3005=DIRECTION('',(0.,1.,0.));
#3006=DIRECTION('center_axis',(0.,1.,0.));
#3007=DIRECTION('ref_axis',(0.707106781186547,0.,0.707106781186547));
#3008=DIRECTION('center_axis',(0.,0.,-1.));
#3009=DIRECTION('ref_axis',(-1.,0.,0.));
#3010=DIRECTION('',(-1.,0.,0.));
#3011=DIRECTION('',(0.,1.,0.));
#3012=DIRECTION('',(-1.,0.,0.));
#3013=DIRECTION('center_axis',(0.,1.,0.));
#3014=DIRECTION('ref_axis',(-1.,0.,0.));
#3015=DIRECTION('',(0.,0.,-1.));
#3016=DIRECTION('',(1.,0.,0.));
#3017=DIRECTION('',(0.,0.,1.));
#3018=DIRECTION('',(1.,0.,0.));
#3019=DIRECTION('',(0.,0.,1.));
#3020=DIRECTION('',(1.,0.,0.));
#3021=DIRECTION('',(0.,0.,1.));
#3022=DIRECTION('center_axis',(0.,1.,0.));
#3023=DIRECTION('ref_axis',(-1.,0.,0.));
#3024=DIRECTION('center_axis',(0.,1.,0.));
#3025=DIRECTION('ref_axis',(-1.,0.,0.));
#3026=DIRECTION('center_axis',(-1.,0.,0.));
#3027=DIRECTION('ref_axis',(0.,0.,1.));
#3028=DIRECTION('',(0.,1.,0.));
#3029=DIRECTION('',(0.,0.,1.));
#3030=DIRECTION('center_axis',(0.,0.,1.));
#3031=DIRECTION('ref_axis',(1.,0.,0.));
#3032=DIRECTION('',(1.,0.,0.));
#3033=DIRECTION('center_axis',(1.,0.,0.));
#3034=DIRECTION('ref_axis',(0.,0.,-1.));
#3035=DIRECTION('',(0.,1.,0.));
#3036=DIRECTION('',(0.,0.,-1.));
#3037=DIRECTION('center_axis',(0.,0.,-1.));
#3038=DIRECTION('ref_axis',(-1.,0.,0.));
#3039=DIRECTION('',(0.,1.,0.));
#3040=DIRECTION('',(-1.,0.,0.));
#3041=DIRECTION('center_axis',(-1.,0.,0.));
#3042=DIRECTION('ref_axis',(0.,0.,1.));
#3043=DIRECTION('',(0.,0.,1.));
#3044=DIRECTION('center_axis',(0.,0.,1.));
#3045=DIRECTION('ref_axis',(1.,0.,0.));
#3046=DIRECTION('',(1.,0.,0.));
#3047=DIRECTION('',(0.,1.,0.));
#3048=DIRECTION('center_axis',(0.,1.,0.));
#3049=DIRECTION('ref_axis',(-1.,0.,0.));
#3050=DIRECTION('center_axis',(0.,1.,0.));
#3051=DIRECTION('ref_axis',(-1.,0.,0.));
#3052=DIRECTION('',(0.,-1.,0.));
#3053=DIRECTION('center_axis',(0.,1.,0.));
#3054=DIRECTION('ref_axis',(-1.,0.,0.));
#3055=DIRECTION('center_axis',(0.,1.,0.));
#3056=DIRECTION('ref_axis',(-1.,0.,0.));
#3057=DIRECTION('',(0.,-1.,0.));
#3058=DIRECTION('center_axis',(-1.,0.,0.));
#3059=DIRECTION('ref_axis',(0.,0.,1.));
#3060=DIRECTION('',(0.,0.,1.));
#3061=DIRECTION('center_axis',(0.,1.,0.));
#3062=DIRECTION('ref_axis',(0.,0.,1.));
#3063=CARTESIAN_POINT('',(0.,0.,0.));
#3064=CARTESIAN_POINT('Origin',(195.834181994348,8.15448134080159,-270.223695059233));
#3065=CARTESIAN_POINT('',(195.541541323948,7.5692,-269.842695059233));
#3066=CARTESIAN_POINT('',(195.115570374234,7.56919999999999,-270.223695059233));
#3067=CARTESIAN_POINT('Origin',(195.541541323948,7.5692,-270.223695059233));
#3068=CARTESIAN_POINT('',(196.601041323948,9.68819999999999,-269.842695059233));
#3069=CARTESIAN_POINT('',(195.834181994348,8.15448134080159,-269.842695059233));
#3070=CARTESIAN_POINT('',(196.260264564177,9.85858837988549,-270.223695059233));
#3071=CARTESIAN_POINT('Origin',(196.601041323948,9.6882,-270.223695059233));
#3072=CARTESIAN_POINT('',(195.493405234577,8.32486972068708,-270.223695059233));
#3073=CARTESIAN_POINT('Ctrl Pts',(196.601041323948,9.6882,-269.842695059233));
#3074=CARTESIAN_POINT('Ctrl Pts',(196.68653752402,9.77369620007269,-269.842695059233));
#3075=CARTESIAN_POINT('Ctrl Pts',(196.828495196202,9.91565387225472,-269.792697096189));
#3076=CARTESIAN_POINT('Ctrl Pts',(196.95595887941,10.0431175554629,-269.632466283897));
#3077=CARTESIAN_POINT('Ctrl Pts',(196.982041323948,10.0692,-269.518692525948));
#3078=CARTESIAN_POINT('Ctrl Pts',(196.982041323948,10.0692,-269.461695059233));
#3079=CARTESIAN_POINT('Ctrl Pts',(196.550061239899,9.71369004202406,-269.842695059233));
#3080=CARTESIAN_POINT('Ctrl Pts',(196.632294702852,9.80080371213708,-269.836959389696));
#3081=CARTESIAN_POINT('Ctrl Pts',(196.767333169559,9.93866066673548,-269.775162878784));
#3082=CARTESIAN_POINT('Ctrl Pts',(196.884783698816,10.0485911020658,-269.616082130764));
#3083=CARTESIAN_POINT('Ctrl Pts',(196.908220072563,10.0692,-269.513145070099));
#3084=CARTESIAN_POINT('Ctrl Pts',(196.908220072563,10.0692,-269.461695059233));
#3085=CARTESIAN_POINT('Ctrl Pts',(196.448302081553,9.76456962119739,-269.868779623453));
#3086=CARTESIAN_POINT('Ctrl Pts',(196.524049836603,9.86077966434614,-269.855005879942));
#3087=CARTESIAN_POINT('Ctrl Pts',(196.645441186827,10.0044970984201,-269.772514244996));
#3088=CARTESIAN_POINT('Ctrl Pts',(196.743014907754,10.0990261900532,-269.603253804269));
#3089=CARTESIAN_POINT('Ctrl Pts',(196.76125824277,10.1133279212562,-269.508744716434));
#3090=CARTESIAN_POINT('Ctrl Pts',(196.76125824277,10.1133279212562,-269.461695059233));
#3091=CARTESIAN_POINT('Ctrl Pts',(196.304990319488,9.83622550222965,-269.996244176127));
#3092=CARTESIAN_POINT('Ctrl Pts',(196.376004949087,9.96341101374665,-269.981839562833));
#3093=CARTESIAN_POINT('Ctrl Pts',(196.48755724784,10.1586335765371,-269.880505238797));
#3094=CARTESIAN_POINT('Ctrl Pts',(196.57218475294,10.2970420425702,-269.656859057451));
#3095=CARTESIAN_POINT('Ctrl Pts',(196.58703644285,10.3197201934696,-269.526608842038));
#3096=CARTESIAN_POINT('Ctrl Pts',(196.58703644285,10.3197201934696,-269.461695059233));
#3097=CARTESIAN_POINT('Ctrl Pts',(196.260264564177,9.85858837988548,-270.13819885916));
#3098=CARTESIAN_POINT('Ctrl Pts',(196.337980676725,10.0142613135036,-270.132701860018));
#3099=CARTESIAN_POINT('Ctrl Pts',(196.464541302041,10.2669156935517,-270.031941413471));
#3100=CARTESIAN_POINT('Ctrl Pts',(196.570787362884,10.4800626396836,-269.747852014032));
#3101=CARTESIAN_POINT('Ctrl Pts',(196.591743763293,10.5215467781175,-269.557102295239));
#3102=CARTESIAN_POINT('Ctrl Pts',(196.591743763293,10.5215467781175,-269.461695059233));
#3103=CARTESIAN_POINT('Ctrl Pts',(196.260264564177,9.85858837988548,-270.223695059233));
#3104=CARTESIAN_POINT('Ctrl Pts',(196.345760764249,10.0295807800309,-270.223695059233));
#3105=CARTESIAN_POINT('Ctrl Pts',(196.487718436431,10.3134961243949,-270.123699133145));
#3106=CARTESIAN_POINT('Ctrl Pts',(196.615182119639,10.5684234908113,-269.803237508561));
#3107=CARTESIAN_POINT('Ctrl Pts',(196.641264564177,10.6205883798855,-269.575689992663));
#3108=CARTESIAN_POINT('Ctrl Pts',(196.641264564177,10.6205883798855,-269.461695059233));
#3109=CARTESIAN_POINT('',(196.982041323948,10.0692,-269.461695059233));
#3110=CARTESIAN_POINT('',(196.641264564177,10.6205883798855,-269.461695059233));
#3111=CARTESIAN_POINT('Origin',(196.982041323948,10.4502,-269.461695059233));
#3112=CARTESIAN_POINT('Origin',(196.260264564177,9.85858837988549,-269.461695059233));
#3113=CARTESIAN_POINT('Origin',(196.601041323948,9.68819999999999,-269.461695059233));
#3114=CARTESIAN_POINT('Origin',(196.982041323948,10.4502,-254.113119402825));
#3115=CARTESIAN_POINT('',(196.982041323948,10.0692,-261.079695059233));
#3116=CARTESIAN_POINT('',(196.641264564177,10.6205883798855,-261.079695059233));
#3117=CARTESIAN_POINT('Origin',(196.982041323948,10.4502,-261.079695059233));
#3118=CARTESIAN_POINT('',(196.641264564177,10.6205883798855,-254.113119402825));
#3119=CARTESIAN_POINT('',(196.982041323948,10.0692,-254.113119402825));
#3120=CARTESIAN_POINT('Ctrl Pts',(196.982041323948,10.0692,-261.079695059233));
#3121=CARTESIAN_POINT('Ctrl Pts',(196.982041323948,10.0692,-260.99419885916));
#3122=CARTESIAN_POINT('Ctrl Pts',(196.932043568774,10.0192022448264,-260.852241097893));
#3123=CARTESIAN_POINT('Ctrl Pts',(196.771812654211,9.85897133026312,-260.724777440503));
#3124=CARTESIAN_POINT('Ctrl Pts',(196.658038790663,9.74519746671512,-260.698695059233));
#3125=CARTESIAN_POINT('Ctrl Pts',(196.601041323948,9.68819999999999,-260.698695059233));
#3126=CARTESIAN_POINT('Ctrl Pts',(196.908220072563,10.0692,-261.079695059233));
#3127=CARTESIAN_POINT('Ctrl Pts',(196.908220072563,10.0692,-261.002520042932));
#3128=CARTESIAN_POINT('Ctrl Pts',(196.863409141289,10.0302545362505,-260.872358860502));
#3129=CARTESIAN_POINT('Ctrl Pts',(196.713662161611,9.88465419609418,-260.737176485696));
#3130=CARTESIAN_POINT('Ctrl Pts',(196.604883548534,9.7717658220994,-260.702518838924));
#3131=CARTESIAN_POINT('Ctrl Pts',(196.550061239899,9.71369004202405,-260.698695059233));
#3132=CARTESIAN_POINT('Ctrl Pts',(196.761258107126,10.1133278942977,-261.079695059233));
#3133=CARTESIAN_POINT('Ctrl Pts',(196.761258107126,10.1133278942977,-261.009120573431));
#3134=CARTESIAN_POINT('Ctrl Pts',(196.726648915905,10.0871733460292,-260.886614245816));
#3135=CARTESIAN_POINT('Ctrl Pts',(196.597715557989,9.94960017621301,-260.730482351251));
#3136=CARTESIAN_POINT('Ctrl Pts',(196.498800543399,9.82870967072356,-260.681793018164));
#3137=CARTESIAN_POINT('Ctrl Pts',(196.448302040032,9.76456964195772,-260.67261052249));
#3138=CARTESIAN_POINT('Ctrl Pts',(196.587036180458,10.3197201833179,-261.079695059233));
#3139=CARTESIAN_POINT('Ctrl Pts',(196.587036180458,10.3197201833179,-260.982324385024));
#3140=CARTESIAN_POINT('Ctrl Pts',(196.559037398316,10.2774702633085,-260.814522849155));
#3141=CARTESIAN_POINT('Ctrl Pts',(196.444047169432,10.0832250461202,-260.613361412278));
#3142=CARTESIAN_POINT('Ctrl Pts',(196.352333325427,9.9210158834714,-260.55474905667));
#3143=CARTESIAN_POINT('Ctrl Pts',(196.304990239027,9.83622554246006,-260.545145981141));
#3144=CARTESIAN_POINT('Ctrl Pts',(196.591743763293,10.5215467781175,-261.079695059233));
#3145=CARTESIAN_POINT('Ctrl Pts',(196.591743763293,10.5215467781175,-260.936584205223));
#3146=CARTESIAN_POINT('Ctrl Pts',(196.551897665125,10.4424644476753,-260.696517788896));
#3147=CARTESIAN_POINT('Ctrl Pts',(196.414498055346,10.1669648624111,-260.46160694709));
#3148=CARTESIAN_POINT('Ctrl Pts',(196.312075305876,9.96237033563088,-260.4068559254));
#3149=CARTESIAN_POINT('Ctrl Pts',(196.260264564177,9.85858837988547,-260.403191259305));
#3150=CARTESIAN_POINT('Ctrl Pts',(196.641264564177,10.6205883798855,-261.079695059233));
#3151=CARTESIAN_POINT('Ctrl Pts',(196.641264564177,10.6205883798855,-260.908702659087));
#3152=CARTESIAN_POINT('Ctrl Pts',(196.591266809003,10.5205928695384,-260.624787136554));
#3153=CARTESIAN_POINT('Ctrl Pts',(196.43103589444,10.2001310404117,-260.369859821774));
#3154=CARTESIAN_POINT('Ctrl Pts',(196.317262030892,9.97258331331573,-260.317695059233));
#3155=CARTESIAN_POINT('Ctrl Pts',(196.260264564177,9.85858837988547,-260.317695059233));
#3156=CARTESIAN_POINT('',(196.601041323948,9.68819999999999,-260.698695059233));
#3157=CARTESIAN_POINT('',(196.260264564177,9.85858837988549,-260.317695059233));
#3158=CARTESIAN_POINT('Origin',(196.601041323948,9.68819999999999,-260.317695059233));
#3159=CARTESIAN_POINT('Origin',(196.260264564177,9.85858837988549,-261.079695059233));
#3160=CARTESIAN_POINT('Origin',(196.601041323948,9.68819999999999,-261.079695059233));
#3161=CARTESIAN_POINT('Origin',(196.334181994348,9.15448134080158,-260.317695059233));
#3162=CARTESIAN_POINT('',(195.115570374234,7.56919999999999,-260.317695059233));
#3163=CARTESIAN_POINT('',(195.541541323948,7.5692,-260.698695059233));
#3164=CARTESIAN_POINT('Origin',(195.541541323948,7.5692,-260.317695059233));
#3165=CARTESIAN_POINT('',(195.993405234577,9.32486972068708,-260.317695059233));
#3166=CARTESIAN_POINT('',(196.334181994348,9.15448134080158,-260.698695059233));
#3167=CARTESIAN_POINT('Origin',(195.099744675952,9.68819999999999,-261.079695059233));
#3168=CARTESIAN_POINT('',(205.933273726238,10.0692,-261.079695059233));
#3169=CARTESIAN_POINT('',(195.099744675952,10.0692,-261.079695059233));
#3170=CARTESIAN_POINT('',(206.314273726238,9.68819999999999,-260.698695059233));
#3171=CARTESIAN_POINT('Origin',(206.314273726238,9.68819999999999,-261.079695059233));
#3172=CARTESIAN_POINT('',(195.099744675952,9.68819999999999,-260.698695059233));
#3173=CARTESIAN_POINT('Origin',(195.099744675952,10.0692,-269.842695059233));
#3174=CARTESIAN_POINT('',(205.933273726238,10.0692,-269.461695059233));
#3175=CARTESIAN_POINT('',(195.099744675952,10.0692,-269.461695059233));
#3176=CARTESIAN_POINT('',(205.933273726238,10.0692,-252.863119402825));
#3177=CARTESIAN_POINT('Origin',(195.099744675952,9.68819999999999,-269.461695059233));
#3178=CARTESIAN_POINT('',(206.314273726238,9.6882,-269.842695059233));
#3179=CARTESIAN_POINT('',(195.099744675952,9.68819999999999,-269.842695059233));
#3180=CARTESIAN_POINT('Origin',(206.314273726238,9.68819999999999,-269.461695059233));
#3181=CARTESIAN_POINT('Origin',(195.099744675952,7.5692,-269.842695059233));
#3182=CARTESIAN_POINT('',(207.373773726238,7.5692,-269.842695059233));
#3183=CARTESIAN_POINT('',(195.096483615162,7.5692,-269.842695059233));
#3184=CARTESIAN_POINT('',(205.553967916181,11.2088116201145,-269.842695059233));
#3185=CARTESIAN_POINT('Origin',(195.099744675952,10.0692,-260.698695059233));
#3186=CARTESIAN_POINT('',(207.373773726238,7.5692,-260.698695059233));
#3187=CARTESIAN_POINT('',(205.053967916181,12.2088116201145,-260.698695059233));
#3188=CARTESIAN_POINT('',(195.096483615162,7.5692,-260.698695059233));
#3189=CARTESIAN_POINT('Origin',(195.874405234577,9.08686972068707,-238.383543746417));
#3190=CARTESIAN_POINT('',(195.115570374234,7.5692,-257.730695059233));
#3191=CARTESIAN_POINT('',(195.115570374234,7.5692,-245.25996809001));
#3192=CARTESIAN_POINT('',(197.401570374234,12.1412,-260.016695059233));
#3193=CARTESIAN_POINT('',(194.675148393386,6.68835603830507,-257.290273078385));
#3194=CARTESIAN_POINT('',(197.401570374234,12.1412,-270.524695059233));
#3195=CARTESIAN_POINT('',(197.401570374234,12.1412,-251.827119402825));
#3196=CARTESIAN_POINT('',(195.115570374234,7.5692,-272.810695059233));
#3197=CARTESIAN_POINT('',(199.685506945522,16.7090731425769,-268.240758487944));
#3198=CARTESIAN_POINT('',(195.115570374234,7.5692,-245.25996809001));
#3199=CARTESIAN_POINT('Ctrl Pts',(206.314273726238,9.68819999999999,-260.698695059233));
#3200=CARTESIAN_POINT('Ctrl Pts',(206.228777526165,9.77369620007268,-260.698695059233));
#3201=CARTESIAN_POINT('Ctrl Pts',(206.08681986434,9.91565386189819,-260.74869304644));
#3202=CARTESIAN_POINT('Ctrl Pts',(205.95935617813,10.0431175481082,-260.908923846847));
#3203=CARTESIAN_POINT('Ctrl Pts',(205.933273726238,10.0692,-261.022697592517));
#3204=CARTESIAN_POINT('Ctrl Pts',(205.933273726238,10.0692,-261.079695059233));
#3205=CARTESIAN_POINT('Ctrl Pts',(206.365253810286,9.71369004202406,-260.698695059233));
#3206=CARTESIAN_POINT('Ctrl Pts',(206.283020347334,9.80080371213707,-260.704430728769));
#3207=CARTESIAN_POINT('Ctrl Pts',(206.147981891974,9.93866065003301,-260.766227277146));
#3208=CARTESIAN_POINT('Ctrl Pts',(206.030531358384,10.048591093727,-260.925308007284));
#3209=CARTESIAN_POINT('Ctrl Pts',(206.007094977622,10.0692,-261.028245048366));
#3210=CARTESIAN_POINT('Ctrl Pts',(206.007094977622,10.0692,-261.079695059233));
#3211=CARTESIAN_POINT('Ctrl Pts',(206.467012963809,9.76456961878543,-260.672610491819));
#3212=CARTESIAN_POINT('Ctrl Pts',(206.391265208759,9.86077966193418,-260.68638423533));
#3213=CARTESIAN_POINT('Ctrl Pts',(206.269873864961,10.0044970757975,-260.768875921625));
#3214=CARTESIAN_POINT('Ctrl Pts',(206.172300138088,10.0990261854771,-260.93813633725));
#3215=CARTESIAN_POINT('Ctrl Pts',(206.154056791656,10.1133279243875,-261.032645402031));
#3216=CARTESIAN_POINT('Ctrl Pts',(206.154056791656,10.1133279243875,-261.079695059233));
#3217=CARTESIAN_POINT('Ctrl Pts',(206.61032472135,9.83622549755614,-260.545145937831));
#3218=CARTESIAN_POINT('Ctrl Pts',(206.539310091751,9.96341100907314,-260.559550551124));
#3219=CARTESIAN_POINT('Ctrl Pts',(206.427757793858,10.1586335471885,-260.660884931968));
#3220=CARTESIAN_POINT('Ctrl Pts',(206.343130278772,10.297042033743,-260.884531083358));
#3221=CARTESIAN_POINT('Ctrl Pts',(206.328278576854,10.3197201946495,-261.014781276427));
#3222=CARTESIAN_POINT('Ctrl Pts',(206.328278576854,10.3197201946495,-261.079695059233));
#3223=CARTESIAN_POINT('Ctrl Pts',(206.655050486009,9.85858837988548,-260.403191259305));
#3224=CARTESIAN_POINT('Ctrl Pts',(206.57733437346,10.0142613135036,-260.408688258447));
#3225=CARTESIAN_POINT('Ctrl Pts',(206.450773762545,10.2669156787132,-260.509448778028));
#3226=CARTESIAN_POINT('Ctrl Pts',(206.344527701481,10.4800626322642,-260.793538145647));
#3227=CARTESIAN_POINT('Ctrl Pts',(206.323571286893,10.5215467781174,-260.984287823226));
#3228=CARTESIAN_POINT('Ctrl Pts',(206.323571286893,10.5215467781174,-261.079695059233));
#3229=CARTESIAN_POINT('Ctrl Pts',(206.655050486009,9.85858837988548,-260.317695059233));
#3230=CARTESIAN_POINT('Ctrl Pts',(206.569554285936,10.0295807800309,-260.317695059233));
#3231=CARTESIAN_POINT('Ctrl Pts',(206.427596624111,10.3134961036819,-260.417691033647));
#3232=CARTESIAN_POINT('Ctrl Pts',(206.300132937901,10.5684234761019,-260.738152634461));
#3233=CARTESIAN_POINT('Ctrl Pts',(206.274050486009,10.6205883798855,-260.965700125802));
#3234=CARTESIAN_POINT('Ctrl Pts',(206.274050486009,10.6205883798855,-261.079695059233));
#3235=CARTESIAN_POINT('',(206.274050486009,10.6205883798855,-261.079695059233));
#3236=CARTESIAN_POINT('',(206.655050486009,9.85858837988548,-260.317695059233));
#3237=CARTESIAN_POINT('Origin',(206.655050486009,9.85858837988548,-261.079695059233));
#3238=CARTESIAN_POINT('Origin',(206.314273726238,9.68819999999999,-260.317695059233));
#3239=CARTESIAN_POINT('Origin',(205.933273726238,10.4502,-261.079695059233));
#3240=CARTESIAN_POINT('Origin',(205.053967916181,12.2088116201145,-260.317695059233));
#3241=CARTESIAN_POINT('',(207.799744675952,7.5692,-260.317695059233));
#3242=CARTESIAN_POINT('Origin',(207.373773726238,7.56919999999999,-260.317695059233));
#3243=CARTESIAN_POINT('',(205.394744675951,12.3792,-260.317695059233));
#3244=CARTESIAN_POINT('Ctrl Pts',(205.933273726238,10.0692,-269.461695059233));
#3245=CARTESIAN_POINT('Ctrl Pts',(205.933273726238,10.0692,-269.547191259305));
#3246=CARTESIAN_POINT('Ctrl Pts',(205.98327191902,10.0192018072181,-269.68914883301));
#3247=CARTESIAN_POINT('Ctrl Pts',(206.143502618341,9.85897110789647,-269.816612544765));
#3248=CARTESIAN_POINT('Ctrl Pts',(206.257276259523,9.74519746671513,-269.842695059233));
#3249=CARTESIAN_POINT('Ctrl Pts',(206.314273726238,9.6882,-269.842695059233));
#3250=CARTESIAN_POINT('Ctrl Pts',(206.007094977622,10.0692,-269.461695059233));
#3251=CARTESIAN_POINT('Ctrl Pts',(206.007094977622,10.0692,-269.538870075533));
#3252=CARTESIAN_POINT('Ctrl Pts',(206.051906253669,10.0302543965733,-269.669031391053));
#3253=CARTESIAN_POINT('Ctrl Pts',(206.201653064385,9.88465413002687,-269.804213620629));
#3254=CARTESIAN_POINT('Ctrl Pts',(206.310431501651,9.77176582209941,-269.838871279541));
#3255=CARTESIAN_POINT('Ctrl Pts',(206.365253810286,9.71369004202406,-269.842695059233));
#3256=CARTESIAN_POINT('Ctrl Pts',(206.154056657651,10.1133279510072,-269.461695059233));
#3257=CARTESIAN_POINT('Ctrl Pts',(206.154056657651,10.1133279510072,-269.532269545035));
#3258=CARTESIAN_POINT('Ctrl Pts',(206.188666181847,10.0871737544129,-269.65477678673));
#3259=CARTESIAN_POINT('Ctrl Pts',(206.317599430946,9.94960037674494,-269.810908140971));
#3260=CARTESIAN_POINT('Ctrl Pts',(206.416514419423,9.82870962704176,-269.859597158113));
#3261=CARTESIAN_POINT('Ctrl Pts',(206.46701292279,9.76456959827592,-269.868779653787));
#3262=CARTESIAN_POINT('Ctrl Pts',(206.328278317687,10.3197202046864,-269.461695059233));
#3263=CARTESIAN_POINT('Ctrl Pts',(206.328278317687,10.3197202046864,-269.559065733441));
#3264=CARTESIAN_POINT('Ctrl Pts',(206.356277300547,10.2774704943457,-269.726868470823));
#3265=CARTESIAN_POINT('Ctrl Pts',(206.47126756423,10.0832251277329,-269.928029226298));
#3266=CARTESIAN_POINT('Ctrl Pts',(206.562981555479,9.92101579883161,-269.986641143435));
#3267=CARTESIAN_POINT('Ctrl Pts',(206.610324641878,9.83622545782028,-269.996244218964));
#3268=CARTESIAN_POINT('Ctrl Pts',(206.323571286893,10.5215467781175,-269.461695059233));
#3269=CARTESIAN_POINT('Ctrl Pts',(206.323571286893,10.5215467781175,-269.604805913242));
#3270=CARTESIAN_POINT('Ctrl Pts',(206.363417975115,10.4424641339035,-269.844872144834));
#3271=CARTESIAN_POINT('Ctrl Pts',(206.500817254253,10.1669647399663,-270.079782945905));
#3272=CARTESIAN_POINT('Ctrl Pts',(206.60323974431,9.96237033563089,-270.134534193066));
#3273=CARTESIAN_POINT('Ctrl Pts',(206.655050486009,9.85858837988548,-270.13819885916));
#3274=CARTESIAN_POINT('Ctrl Pts',(206.274050486009,10.6205883798855,-269.461695059233));
#3275=CARTESIAN_POINT('Ctrl Pts',(206.274050486009,10.6205883798855,-269.632687459378));
#3276=CARTESIAN_POINT('Ctrl Pts',(206.324048678791,10.5205919943217,-269.916602606788));
#3277=CARTESIAN_POINT('Ctrl Pts',(206.484279378112,10.2001305956784,-270.171530030298));
#3278=CARTESIAN_POINT('Ctrl Pts',(206.598053019294,9.97258331331574,-270.223695059233));
#3279=CARTESIAN_POINT('Ctrl Pts',(206.655050486009,9.85858837988548,-270.223695059233));
#3280=CARTESIAN_POINT('',(206.655050486009,9.85858837988549,-270.223695059233));
#3281=CARTESIAN_POINT('Origin',(206.314273726238,9.6882,-270.223695059233));
#3282=CARTESIAN_POINT('',(206.274050486009,10.6205883798855,-269.461695059233));
#3283=CARTESIAN_POINT('Origin',(206.655050486009,9.85858837988548,-269.461695059233));
#3284=CARTESIAN_POINT('Origin',(205.933273726238,10.4502,-269.461695059233));
#3285=CARTESIAN_POINT('Origin',(205.553967916181,11.2088116201145,-270.223695059233));
#3286=CARTESIAN_POINT('',(207.799744675952,7.5692,-270.223695059233));
#3287=CARTESIAN_POINT('Origin',(207.373773726238,7.5692,-270.223695059233));
#3288=CARTESIAN_POINT('',(205.894744675952,11.3792,-270.223695059233));
#3289=CARTESIAN_POINT('Origin',(205.933273726238,10.4502,-252.863119402825));
#3290=CARTESIAN_POINT('',(206.274050486009,10.6205883798855,-252.863119402825));
#3291=CARTESIAN_POINT('Origin',(206.529744675952,10.1092,-235.883543746417));
#3292=CARTESIAN_POINT('',(207.799744675952,7.5692,-272.810695059233));
#3293=CARTESIAN_POINT('',(207.799744675952,7.5692,-244.00996809001));
#3294=CARTESIAN_POINT('',(205.513744675952,12.1412,-270.524695059233));
#3295=CARTESIAN_POINT('',(207.799744675952,7.5692,-272.810695059233));
#3296=CARTESIAN_POINT('',(205.513744675952,12.1412,-260.016695059233));
#3297=CARTESIAN_POINT('',(205.513744675952,12.1412,-250.577119402825));
#3298=CARTESIAN_POINT('',(207.799744675952,7.5692,-257.730695059233));
#3299=CARTESIAN_POINT('',(205.259744675951,12.6492,-260.270695059233));
#3300=CARTESIAN_POINT('',(207.799744675952,7.5692,-244.00996809001));
#3301=CARTESIAN_POINT('Origin',(205.383483615162,10.1092,-271.540695059233));
#3302=CARTESIAN_POINT('',(200.238353084767,7.5692,-272.810695059233));
#3303=CARTESIAN_POINT('',(202.146614145557,12.1412,-270.524695059233));
#3304=CARTESIAN_POINT('Origin',(199.033483615162,10.1092,-259.000695059233));
#3305=CARTESIAN_POINT('',(198.971614145557,12.1412,-260.016695059233));
#3306=CARTESIAN_POINT('',(197.063353084767,7.5692,-257.730695059233));
#3307=CARTESIAN_POINT('Origin',(198.909744675951,12.1412,-265.270695059233));
#3308=CARTESIAN_POINT('Origin',(195.834181994348,8.15448134080159,-328.643695059233));
#3309=CARTESIAN_POINT('',(195.541541323948,7.5692,-328.262695059233));
#3310=CARTESIAN_POINT('',(195.115570374234,7.56919999999999,-328.643695059233));
#3311=CARTESIAN_POINT('Origin',(195.541541323948,7.5692,-328.643695059233));
#3312=CARTESIAN_POINT('',(196.601041323948,9.68819999999999,-328.262695059233));
#3313=CARTESIAN_POINT('',(195.834181994348,8.15448134080159,-328.262695059233));
#3314=CARTESIAN_POINT('',(196.260264564177,9.85858837988549,-328.643695059233));
#3315=CARTESIAN_POINT('Origin',(196.601041323948,9.6882,-328.643695059233));
#3316=CARTESIAN_POINT('',(195.493405234577,8.32486972068708,-328.643695059233));
#3317=CARTESIAN_POINT('Ctrl Pts',(196.601041323948,9.6882,-328.262695059233));
#3318=CARTESIAN_POINT('Ctrl Pts',(196.68653752402,9.77369620007269,-328.262695059233));
#3319=CARTESIAN_POINT('Ctrl Pts',(196.828494663564,9.91565333961665,-328.212695854187));
#3320=CARTESIAN_POINT('Ctrl Pts',(196.955958501255,10.0431171773076,-328.052465651892));
#3321=CARTESIAN_POINT('Ctrl Pts',(196.982041323948,10.0692,-327.938692525948));
#3322=CARTESIAN_POINT('Ctrl Pts',(196.982041323948,10.0692,-327.881695059233));
#3323=CARTESIAN_POINT('Ctrl Pts',(196.550061239899,9.71369004202406,-328.262695059233));
#3324=CARTESIAN_POINT('Ctrl Pts',(196.632294702852,9.80080371213708,-328.256959389696));
#3325=CARTESIAN_POINT('Ctrl Pts',(196.767332586089,9.93865980824556,-328.195160953037));
#3326=CARTESIAN_POINT('Ctrl Pts',(196.884783338014,10.0485906728165,-328.036081122891));
#3327=CARTESIAN_POINT('Ctrl Pts',(196.908220072563,10.0692,-327.933145070099));
#3328=CARTESIAN_POINT('Ctrl Pts',(196.908220072563,10.0692,-327.881695059233));
#3329=CARTESIAN_POINT('Ctrl Pts',(196.448302328816,9.76456949756569,-328.288779787005));
#3330=CARTESIAN_POINT('Ctrl Pts',(196.524050083866,9.86077954071444,-328.275006043494));
#3331=CARTESIAN_POINT('Ctrl Pts',(196.645441102632,10.0044959366783,-328.192511768054));
#3332=CARTESIAN_POINT('Ctrl Pts',(196.743015128691,10.0990259529984,-328.023252615941));
#3333=CARTESIAN_POINT('Ctrl Pts',(196.761259050553,10.1133280815532,-327.928744716434));
#3334=CARTESIAN_POINT('Ctrl Pts',(196.761259050553,10.1133280815532,-327.881695059233));
#3335=CARTESIAN_POINT('Ctrl Pts',(196.304990798327,9.8362252628103,-328.416244407115));
#3336=CARTESIAN_POINT('Ctrl Pts',(196.376005427926,9.96341077432731,-328.401839793821));
#3337=CARTESIAN_POINT('Ctrl Pts',(196.487557680593,10.1586320699249,-328.300502548385));
#3338=CARTESIAN_POINT('Ctrl Pts',(196.572185697258,10.2970415875115,-328.076857904482));
#3339=CARTESIAN_POINT('Ctrl Pts',(196.5870380044,10.3197202540715,-327.946608842038));
#3340=CARTESIAN_POINT('Ctrl Pts',(196.5870380044,10.3197202540715,-327.881695059233));
#3341=CARTESIAN_POINT('Ctrl Pts',(196.260264564177,9.85858837988548,-328.55819885916));
#3342=CARTESIAN_POINT('Ctrl Pts',(196.337980676725,10.0142613135036,-328.552701860018));
#3343=CARTESIAN_POINT('Ctrl Pts',(196.464540560858,10.266914930866,-328.451937658918));
#3344=CARTESIAN_POINT('Ctrl Pts',(196.570786634367,10.4800622577615,-328.167849893418));
#3345=CARTESIAN_POINT('Ctrl Pts',(196.591743763293,10.5215467781175,-327.977102295239));
#3346=CARTESIAN_POINT('Ctrl Pts',(196.591743763293,10.5215467781175,-327.881695059233));
#3347=CARTESIAN_POINT('Ctrl Pts',(196.260264564177,9.85858837988548,-328.643695059233));
#3348=CARTESIAN_POINT('Ctrl Pts',(196.345760764249,10.0295807800309,-328.643695059233));
#3349=CARTESIAN_POINT('Ctrl Pts',(196.487717903793,10.3134950591188,-328.543696649142));
#3350=CARTESIAN_POINT('Ctrl Pts',(196.615181741484,10.5684227345008,-328.223236244551));
#3351=CARTESIAN_POINT('Ctrl Pts',(196.641264564177,10.6205883798855,-327.995689992663));
#3352=CARTESIAN_POINT('Ctrl Pts',(196.641264564177,10.6205883798855,-327.881695059233));
#3353=CARTESIAN_POINT('',(196.982041323948,10.0692,-327.881695059233));
#3354=CARTESIAN_POINT('',(196.641264564177,10.6205883798855,-327.881695059233));
#3355=CARTESIAN_POINT('Origin',(196.982041323948,10.4502,-327.881695059233));
#3356=CARTESIAN_POINT('Origin',(196.260264564177,9.85858837988549,-327.881695059233));
#3357=CARTESIAN_POINT('Origin',(196.601041323948,9.68819999999999,-327.881695059233));
#3358=CARTESIAN_POINT('Origin',(196.982041323948,10.4502,-312.533119402825));
#3359=CARTESIAN_POINT('',(196.982041323948,10.0692,-319.499695059233));
#3360=CARTESIAN_POINT('',(196.641264564177,10.6205883798855,-319.499695059233));
#3361=CARTESIAN_POINT('Origin',(196.982041323948,10.4502,-319.499695059233));
#3362=CARTESIAN_POINT('',(196.641264564177,10.6205883798855,-312.533119402825));
#3363=CARTESIAN_POINT('',(196.982041323948,10.0692,-312.533119402825));
#3364=CARTESIAN_POINT('Ctrl Pts',(196.982041323948,10.0692,-319.499695059233));
#3365=CARTESIAN_POINT('Ctrl Pts',(196.982041323948,10.0692,-319.41419885916));
#3366=CARTESIAN_POINT('Ctrl Pts',(196.93204228553,10.0192009615822,-319.27224164812));
#3367=CARTESIAN_POINT('Ctrl Pts',(196.771812001502,9.8589706775546,-319.144777831177));
#3368=CARTESIAN_POINT('Ctrl Pts',(196.658038790663,9.74519746671512,-319.118695059233));
#3369=CARTESIAN_POINT('Ctrl Pts',(196.601041323948,9.68819999999999,-319.118695059233));
#3370=CARTESIAN_POINT('Ctrl Pts',(196.908220072563,10.0692,-319.499695059233));
#3371=CARTESIAN_POINT('Ctrl Pts',(196.908220072563,10.0692,-319.422520042932));
#3372=CARTESIAN_POINT('Ctrl Pts',(196.863408130271,10.0302541266892,-319.292358470696));
#3373=CARTESIAN_POINT('Ctrl Pts',(196.713661645561,9.88465400212974,-319.157176520708));
#3374=CARTESIAN_POINT('Ctrl Pts',(196.604883548534,9.7717658220994,-319.122518838924));
#3375=CARTESIAN_POINT('Ctrl Pts',(196.550061239899,9.71369004202405,-319.118695059233));
#3376=CARTESIAN_POINT('Ctrl Pts',(196.761258942446,10.1133280601246,-319.499695059233));
#3377=CARTESIAN_POINT('Ctrl Pts',(196.761258942446,10.1133280601246,-319.42912057343));
#3378=CARTESIAN_POINT('Ctrl Pts',(196.726648775037,10.0871745435397,-319.306611567366));
#3379=CARTESIAN_POINT('Ctrl Pts',(196.597715736126,9.94960076497123,-319.150481254372));
#3380=CARTESIAN_POINT('Ctrl Pts',(196.498800799091,9.82870954287737,-319.101792849014));
#3381=CARTESIAN_POINT('Ctrl Pts',(196.448302295724,9.76456951411154,-319.09261035334));
#3382=CARTESIAN_POINT('Ctrl Pts',(196.587037795518,10.3197202459466,-319.499695059233));
#3383=CARTESIAN_POINT('Ctrl Pts',(196.587037795518,10.3197202459466,-319.402324385024));
#3384=CARTESIAN_POINT('Ctrl Pts',(196.55903842532,10.2774709412495,-319.234519328523));
#3385=CARTESIAN_POINT('Ctrl Pts',(196.444048095182,10.0832252865102,-319.033359886222));
#3386=CARTESIAN_POINT('Ctrl Pts',(196.352333820674,9.92101563584769,-318.974748817784));
#3387=CARTESIAN_POINT('Ctrl Pts',(196.304990734275,9.83622529483635,-318.965145742255));
#3388=CARTESIAN_POINT('Ctrl Pts',(196.591743763293,10.5215467781175,-319.499695059233));
#3389=CARTESIAN_POINT('Ctrl Pts',(196.591743763293,10.5215467781175,-319.356584205223));
#3390=CARTESIAN_POINT('Ctrl Pts',(196.551895935083,10.4424635277864,-319.116518331386));
#3391=CARTESIAN_POINT('Ctrl Pts',(196.414497293579,10.1669645027125,-318.881607607881));
#3392=CARTESIAN_POINT('Ctrl Pts',(196.312075305876,9.96237033563088,-318.8268559254));
#3393=CARTESIAN_POINT('Ctrl Pts',(196.260264564177,9.85858837988547,-318.823191259305));
#3394=CARTESIAN_POINT('Ctrl Pts',(196.641264564177,10.6205883798855,-319.499695059233));
#3395=CARTESIAN_POINT('Ctrl Pts',(196.641264564177,10.6205883798855,-319.328702659087));
#3396=CARTESIAN_POINT('Ctrl Pts',(196.591265525759,10.52059030305,-319.044788237008));
#3397=CARTESIAN_POINT('Ctrl Pts',(196.431035241731,10.2001297349947,-318.789860603122));
#3398=CARTESIAN_POINT('Ctrl Pts',(196.317262030892,9.97258331331573,-318.737695059233));
#3399=CARTESIAN_POINT('Ctrl Pts',(196.260264564177,9.85858837988547,-318.737695059233));
#3400=CARTESIAN_POINT('',(196.601041323948,9.68819999999999,-319.118695059233));
#3401=CARTESIAN_POINT('',(196.260264564177,9.85858837988549,-318.737695059233));
#3402=CARTESIAN_POINT('Origin',(196.601041323948,9.68819999999999,-318.737695059233));
#3403=CARTESIAN_POINT('Origin',(196.260264564177,9.85858837988549,-319.499695059233));
#3404=CARTESIAN_POINT('Origin',(196.601041323948,9.68819999999999,-319.499695059233));
#3405=CARTESIAN_POINT('Origin',(196.334181994348,9.15448134080158,-318.737695059233));
#3406=CARTESIAN_POINT('',(195.115570374234,7.56919999999999,-318.737695059233));
#3407=CARTESIAN_POINT('',(195.541541323948,7.5692,-319.118695059233));
#3408=CARTESIAN_POINT('Origin',(195.541541323948,7.5692,-318.737695059233));
#3409=CARTESIAN_POINT('',(195.993405234577,9.32486972068708,-318.737695059233));
#3410=CARTESIAN_POINT('',(196.334181994348,9.15448134080158,-319.118695059233));
#3411=CARTESIAN_POINT('Origin',(195.099744675952,9.68819999999999,-319.499695059233));
#3412=CARTESIAN_POINT('',(205.933273726238,10.0692,-319.499695059233));
#3413=CARTESIAN_POINT('',(195.099744675952,10.0692,-319.499695059233));
#3414=CARTESIAN_POINT('',(206.314273726238,9.68819999999999,-319.118695059233));
#3415=CARTESIAN_POINT('Origin',(206.314273726238,9.68819999999999,-319.499695059233));
#3416=CARTESIAN_POINT('',(195.099744675952,9.68819999999999,-319.118695059233));
#3417=CARTESIAN_POINT('Origin',(195.099744675952,10.0692,-328.262695059233));
#3418=CARTESIAN_POINT('',(205.933273726238,10.0692,-327.881695059233));
#3419=CARTESIAN_POINT('',(195.099744675952,10.0692,-327.881695059233));
#3420=CARTESIAN_POINT('',(205.933273726238,10.0692,-311.283119402825));
#3421=CARTESIAN_POINT('Origin',(195.099744675952,9.68819999999999,-327.881695059233));
#3422=CARTESIAN_POINT('',(206.314273726238,9.6882,-328.262695059233));
#3423=CARTESIAN_POINT('',(195.099744675952,9.68819999999999,-328.262695059233));
#3424=CARTESIAN_POINT('Origin',(206.314273726238,9.68819999999999,-327.881695059233));
#3425=CARTESIAN_POINT('Origin',(195.099744675952,7.5692,-328.262695059233));
#3426=CARTESIAN_POINT('',(207.373773726238,7.5692,-328.262695059233));
#3427=CARTESIAN_POINT('',(195.096483615162,7.5692,-328.262695059233));
#3428=CARTESIAN_POINT('',(205.553967916181,11.2088116201145,-328.262695059233));
#3429=CARTESIAN_POINT('Origin',(195.099744675952,10.0692,-319.118695059233));
#3430=CARTESIAN_POINT('',(207.373773726238,7.5692,-319.118695059233));
#3431=CARTESIAN_POINT('',(205.053967916181,12.2088116201145,-319.118695059233));
#3432=CARTESIAN_POINT('',(195.096483615162,7.5692,-319.118695059233));
#3433=CARTESIAN_POINT('Origin',(195.874405234577,9.08686972068707,-296.803543746417));
#3434=CARTESIAN_POINT('',(195.115570374234,7.5692,-316.150695059233));
#3435=CARTESIAN_POINT('',(195.115570374234,7.5692,-274.46996809001));
#3436=CARTESIAN_POINT('',(197.401570374234,12.1412,-318.436695059233));
#3437=CARTESIAN_POINT('',(194.675148393386,6.68835603830507,-315.710273078385));
#3438=CARTESIAN_POINT('',(197.401570374234,12.1412,-328.944695059233));
#3439=CARTESIAN_POINT('',(197.401570374234,12.1412,-310.247119402825));
#3440=CARTESIAN_POINT('',(195.115570374234,7.5692,-331.230695059233));
#3441=CARTESIAN_POINT('',(199.685506945522,16.7090731425769,-326.660758487944));
#3442=CARTESIAN_POINT('',(195.115570374234,7.5692,-274.46996809001));
#3443=CARTESIAN_POINT('Ctrl Pts',(206.314273726238,9.68819999999999,-319.118695059233));
#3444=CARTESIAN_POINT('Ctrl Pts',(206.228777526165,9.77369620007268,-319.118695059233));
#3445=CARTESIAN_POINT('Ctrl Pts',(206.086820394949,9.91565333128835,-319.168694283686));
#3446=CARTESIAN_POINT('Ctrl Pts',(205.959356554841,10.0431171713964,-319.328924476464));
#3447=CARTESIAN_POINT('Ctrl Pts',(205.933273726238,10.0692,-319.442697592517));
#3448=CARTESIAN_POINT('Ctrl Pts',(205.933273726238,10.0692,-319.499695059233));
#3449=CARTESIAN_POINT('Ctrl Pts',(206.365253810286,9.71369004202406,-319.118695059233));
#3450=CARTESIAN_POINT('Ctrl Pts',(206.283020347334,9.80080371213707,-319.124430728769));
#3451=CARTESIAN_POINT('Ctrl Pts',(206.147982473217,9.93865979483063,-319.186229195522));
#3452=CARTESIAN_POINT('Ctrl Pts',(206.030531717814,10.0485906660986,-319.345309011345));
#3453=CARTESIAN_POINT('Ctrl Pts',(206.007094977622,10.0692,-319.448245048366));
#3454=CARTESIAN_POINT('Ctrl Pts',(206.007094977622,10.0692,-319.499695059233));
#3455=CARTESIAN_POINT('Ctrl Pts',(206.467012717516,9.76456949563929,-319.092610328913));
#3456=CARTESIAN_POINT('Ctrl Pts',(206.391264962467,9.86077953878805,-319.106384072424));
#3457=CARTESIAN_POINT('Ctrl Pts',(206.269873948898,10.0044959185415,-319.188878389145));
#3458=CARTESIAN_POINT('Ctrl Pts',(206.172299918079,10.0990259492644,-319.358137521147));
#3459=CARTESIAN_POINT('Ctrl Pts',(206.154055987046,10.1133280840476,-319.452645402031));
#3460=CARTESIAN_POINT('Ctrl Pts',(206.154055987046,10.1133280840476,-319.499695059233));
#3461=CARTESIAN_POINT('Ctrl Pts',(206.610324244402,9.8362252590819,-318.965145707753));
#3462=CARTESIAN_POINT('Ctrl Pts',(206.539309614803,9.96341077059891,-318.979550321046));
#3463=CARTESIAN_POINT('Ctrl Pts',(206.427757362887,10.1586320464125,-319.080887612158));
#3464=CARTESIAN_POINT('Ctrl Pts',(206.343129338255,10.2970415803789,-319.304532232073));
#3465=CARTESIAN_POINT('Ctrl Pts',(206.328277021468,10.3197202550178,-319.434781276427));
#3466=CARTESIAN_POINT('Ctrl Pts',(206.328277021468,10.3197202550178,-319.499695059232));
#3467=CARTESIAN_POINT('Ctrl Pts',(206.655050486009,9.85858837988548,-318.823191259305));
#3468=CARTESIAN_POINT('Ctrl Pts',(206.57733437346,10.0142613135036,-318.828688258447));
#3469=CARTESIAN_POINT('Ctrl Pts',(206.450774500926,10.2669149189481,-318.929452518228));
#3470=CARTESIAN_POINT('Ctrl Pts',(206.344528427197,10.4800622517843,-319.213540258221));
#3471=CARTESIAN_POINT('Ctrl Pts',(206.323571286893,10.5215467781174,-319.404287823226));
#3472=CARTESIAN_POINT('Ctrl Pts',(206.323571286893,10.5215467781174,-319.499695059233));
#3473=CARTESIAN_POINT('Ctrl Pts',(206.655050486009,9.85858837988548,-318.737695059233));
#3474=CARTESIAN_POINT('Ctrl Pts',(206.569554285936,10.0295807800309,-318.737695059233));
#3475=CARTESIAN_POINT('Ctrl Pts',(206.42759715472,10.3134950424622,-318.83769350814));
#3476=CARTESIAN_POINT('Ctrl Pts',(206.300133314612,10.5684227226783,-319.158153893695));
#3477=CARTESIAN_POINT('Ctrl Pts',(206.274050486009,10.6205883798855,-319.385700125802));
#3478=CARTESIAN_POINT('Ctrl Pts',(206.274050486009,10.6205883798855,-319.499695059233));
#3479=CARTESIAN_POINT('',(206.274050486009,10.6205883798855,-319.499695059233));
#3480=CARTESIAN_POINT('',(206.655050486009,9.85858837988548,-318.737695059233));
#3481=CARTESIAN_POINT('Origin',(206.655050486009,9.85858837988548,-319.499695059233));
#3482=CARTESIAN_POINT('Origin',(206.314273726238,9.68819999999999,-318.737695059233));
#3483=CARTESIAN_POINT('Origin',(205.933273726238,10.4502,-319.499695059233));
#3484=CARTESIAN_POINT('Origin',(205.053967916181,12.2088116201145,-318.737695059233));
#3485=CARTESIAN_POINT('',(207.799744675952,7.5692,-318.737695059233));
#3486=CARTESIAN_POINT('Origin',(207.373773726238,7.56919999999999,-318.737695059233));
#3487=CARTESIAN_POINT('',(205.394744675951,12.3792,-318.737695059233));
#3488=CARTESIAN_POINT('Ctrl Pts',(205.933273726238,10.0692,-327.881695059233));
#3489=CARTESIAN_POINT('Ctrl Pts',(205.933273726238,10.0692,-327.967191259305));
#3490=CARTESIAN_POINT('Ctrl Pts',(205.983273116142,10.0192006100957,-328.109148319518));
#3491=CARTESIAN_POINT('Ctrl Pts',(206.143503227801,9.85897049843724,-328.236612180235));
#3492=CARTESIAN_POINT('Ctrl Pts',(206.257276259523,9.74519746671513,-328.262695059233));
#3493=CARTESIAN_POINT('Ctrl Pts',(206.314273726238,9.6882,-328.262695059233));
#3494=CARTESIAN_POINT('Ctrl Pts',(206.007094977622,10.0692,-327.881695059233));
#3495=CARTESIAN_POINT('Ctrl Pts',(206.007094977622,10.0692,-327.958870075533));
#3496=CARTESIAN_POINT('Ctrl Pts',(206.051907196839,10.0302540145236,-328.089031754292));
#3497=CARTESIAN_POINT('Ctrl Pts',(206.201653546237,9.8846539488815,-328.224213588477));
#3498=CARTESIAN_POINT('Ctrl Pts',(206.310431501651,9.77176582209941,-328.258871279541));
#3499=CARTESIAN_POINT('Ctrl Pts',(206.365253810286,9.71369004202406,-328.262695059233));
#3500=CARTESIAN_POINT('Ctrl Pts',(206.154055879794,10.1133281052985,-327.881695059233));
#3501=CARTESIAN_POINT('Ctrl Pts',(206.154055879794,10.1133281052985,-327.952269545035));
#3502=CARTESIAN_POINT('Ctrl Pts',(206.188666314464,10.0871748715251,-328.074779283681));
#3503=CARTESIAN_POINT('Ctrl Pts',(206.317599266045,9.94960092661353,-328.230909164992));
#3504=CARTESIAN_POINT('Ctrl Pts',(206.41651418132,9.82870950799004,-328.279597315583));
#3505=CARTESIAN_POINT('Ctrl Pts',(206.467012684686,9.7645694792242,-328.288779811257));
#3506=CARTESIAN_POINT('Ctrl Pts',(206.328276814272,10.3197202630835,-327.881695059233));
#3507=CARTESIAN_POINT('Ctrl Pts',(206.328276814272,10.3197202630835,-327.979065733441));
#3508=CARTESIAN_POINT('Ctrl Pts',(206.356276345262,10.2774711271767,-328.14687175284));
#3509=CARTESIAN_POINT('Ctrl Pts',(206.471266702717,10.0832253529178,-328.3480306507));
#3510=CARTESIAN_POINT('Ctrl Pts',(206.562981094467,9.92101556832568,-328.406641365841));
#3511=CARTESIAN_POINT('Ctrl Pts',(206.610324180866,9.83622522731434,-328.41624444137));
#3512=CARTESIAN_POINT('Ctrl Pts',(206.323571286893,10.5215467781175,-327.881695059233));
#3513=CARTESIAN_POINT('Ctrl Pts',(206.323571286893,10.5215467781175,-328.024805913242));
#3514=CARTESIAN_POINT('Ctrl Pts',(206.363419588844,10.4424632759389,-328.264871638082));
#3515=CARTESIAN_POINT('Ctrl Pts',(206.500817965819,10.1669644038512,-328.499782329791));
#3516=CARTESIAN_POINT('Ctrl Pts',(206.60323974431,9.96237033563089,-328.554534193066));
#3517=CARTESIAN_POINT('Ctrl Pts',(206.655050486009,9.85858837988548,-328.55819885916));
#3518=CARTESIAN_POINT('Ctrl Pts',(206.274050486009,10.6205883798855,-327.881695059233));
#3519=CARTESIAN_POINT('Ctrl Pts',(206.274050486009,10.6205883798855,-328.052687459378));
#3520=CARTESIAN_POINT('Ctrl Pts',(206.324049875913,10.5205896000768,-328.336601579803));
#3521=CARTESIAN_POINT('Ctrl Pts',(206.484279987571,10.20012937676,-328.591529301237));
#3522=CARTESIAN_POINT('Ctrl Pts',(206.598053019294,9.97258331331574,-328.643695059233));
#3523=CARTESIAN_POINT('Ctrl Pts',(206.655050486009,9.85858837988548,-328.643695059233));
#3524=CARTESIAN_POINT('',(206.655050486009,9.85858837988549,-328.643695059233));
#3525=CARTESIAN_POINT('Origin',(206.314273726238,9.6882,-328.643695059233));
#3526=CARTESIAN_POINT('',(206.274050486009,10.6205883798855,-327.881695059233));
#3527=CARTESIAN_POINT('Origin',(206.655050486009,9.85858837988548,-327.881695059233));
#3528=CARTESIAN_POINT('Origin',(205.933273726238,10.4502,-327.881695059233));
#3529=CARTESIAN_POINT('Origin',(205.553967916181,11.2088116201145,-328.643695059233));
#3530=CARTESIAN_POINT('',(207.799744675952,7.5692,-328.643695059233));
#3531=CARTESIAN_POINT('Origin',(207.373773726238,7.5692,-328.643695059233));
#3532=CARTESIAN_POINT('',(205.894744675952,11.3792,-328.643695059233));
#3533=CARTESIAN_POINT('Origin',(205.933273726238,10.4502,-311.283119402825));
#3534=CARTESIAN_POINT('',(206.274050486009,10.6205883798855,-311.283119402825));
#3535=CARTESIAN_POINT('Origin',(206.529744675952,10.1092,-294.303543746417));
#3536=CARTESIAN_POINT('',(207.799744675952,7.5692,-331.230695059233));
#3537=CARTESIAN_POINT('',(207.799744675952,7.5692,-273.21996809001));
#3538=CARTESIAN_POINT('',(205.513744675952,12.1412,-328.944695059233));
#3539=CARTESIAN_POINT('',(207.799744675952,7.5692,-331.230695059233));
#3540=CARTESIAN_POINT('',(205.513744675952,12.1412,-318.436695059233));
#3541=CARTESIAN_POINT('',(205.513744675952,12.1412,-308.997119402825));
#3542=CARTESIAN_POINT('',(207.799744675952,7.5692,-316.150695059233));
#3543=CARTESIAN_POINT('',(205.259744675951,12.6492,-318.690695059233));
#3544=CARTESIAN_POINT('',(207.799744675952,7.5692,-273.21996809001));
#3545=CARTESIAN_POINT('Origin',(205.383483615162,10.1092,-329.960695059233));
#3546=CARTESIAN_POINT('',(200.238353084767,7.5692,-331.230695059233));
#3547=CARTESIAN_POINT('',(202.146614145557,12.1412,-328.944695059233));
#3548=CARTESIAN_POINT('Origin',(199.033483615162,10.1092,-317.420695059233));
#3549=CARTESIAN_POINT('',(198.971614145557,12.1412,-318.436695059233));
#3550=CARTESIAN_POINT('',(197.063353084767,7.56919999999999,-316.150695059233));
#3551=CARTESIAN_POINT('Origin',(198.909744675951,12.1412,-323.690695059233));
#3552=CARTESIAN_POINT('Origin',(182.880181994348,8.15448134080159,-310.863695059233));
#3553=CARTESIAN_POINT('',(182.587541323948,7.5692,-310.482695059233));
#3554=CARTESIAN_POINT('',(182.161570374234,7.56919999999999,-310.863695059233));
#3555=CARTESIAN_POINT('Origin',(182.587541323948,7.5692,-310.863695059233));
#3556=CARTESIAN_POINT('',(183.647041323948,9.68819999999999,-310.482695059233));
#3557=CARTESIAN_POINT('',(182.880181994348,8.15448134080159,-310.482695059233));
#3558=CARTESIAN_POINT('',(183.306264564177,9.85858837988549,-310.863695059233));
#3559=CARTESIAN_POINT('Origin',(183.647041323948,9.6882,-310.863695059233));
#3560=CARTESIAN_POINT('',(182.539405234577,8.32486972068708,-310.863695059233));
#3561=CARTESIAN_POINT('Ctrl Pts',(183.647041323948,9.6882,-310.482695059233));
#3562=CARTESIAN_POINT('Ctrl Pts',(183.73253752402,9.77369620007269,-310.482695059233));
#3563=CARTESIAN_POINT('Ctrl Pts',(183.874494929265,9.91565360531789,-310.432696473564));
#3564=CARTESIAN_POINT('Ctrl Pts',(184.001958689869,10.0431173659217,-310.272465967295));
#3565=CARTESIAN_POINT('Ctrl Pts',(184.028041323948,10.0692,-310.158692525948));
#3566=CARTESIAN_POINT('Ctrl Pts',(184.028041323948,10.0692,-310.101695059233));
#3567=CARTESIAN_POINT('Ctrl Pts',(183.596061239899,9.71369004202406,-310.482695059233));
#3568=CARTESIAN_POINT('Ctrl Pts',(183.678294702852,9.80080371213708,-310.476959389696));
#3569=CARTESIAN_POINT('Ctrl Pts',(183.813332877108,9.93866023636235,-310.415161913413));
#3570=CARTESIAN_POINT('Ctrl Pts',(183.93078351801,10.0485908870413,-310.256081625844));
#3571=CARTESIAN_POINT('Ctrl Pts',(183.954220072563,10.0692,-310.1531450701));
#3572=CARTESIAN_POINT('Ctrl Pts',(183.954220072563,10.0692,-310.101695059233));
#3573=CARTESIAN_POINT('Ctrl Pts',(183.494302205683,9.76456955913236,-310.508779705577));
#3574=CARTESIAN_POINT('Ctrl Pts',(183.570049960733,9.86077960228111,-310.495005962066));
#3575=CARTESIAN_POINT('Ctrl Pts',(183.691441145084,10.0044965157584,-310.412513003726));
#3576=CARTESIAN_POINT('Ctrl Pts',(183.7890150191,10.0990260716843,-310.243253209398));
#3577=CARTESIAN_POINT('Ctrl Pts',(183.80725864829,10.1133280017802,-310.148744716434));
#3578=CARTESIAN_POINT('Ctrl Pts',(183.80725864829,10.1133280017802,-310.101695059233));
#3579=CARTESIAN_POINT('Ctrl Pts',(183.350990559941,9.83622538200316,-310.636244292106));
#3580=CARTESIAN_POINT('Ctrl Pts',(183.42200518954,9.96341089352016,-310.621839678812));
#3581=CARTESIAN_POINT('Ctrl Pts',(183.533557465683,10.1586328207738,-310.520503890635));
#3582=CARTESIAN_POINT('Ctrl Pts',(183.618185227663,10.2970418147865,-310.296858480599));
#3583=CARTESIAN_POINT('Ctrl Pts',(183.633037226995,10.3197202238614,-310.166608842038));
#3584=CARTESIAN_POINT('Ctrl Pts',(183.633037226995,10.3197202238614,-310.101695059233));
#3585=CARTESIAN_POINT('Ctrl Pts',(183.306264564177,9.85858837988548,-310.77819885916));
#3586=CARTESIAN_POINT('Ctrl Pts',(183.383980676725,10.0142613135036,-310.772701860018));
#3587=CARTESIAN_POINT('Ctrl Pts',(183.510540930738,10.266915311207,-310.671939531439));
#3588=CARTESIAN_POINT('Ctrl Pts',(183.616786997591,10.4800624483663,-310.387850951508));
#3589=CARTESIAN_POINT('Ctrl Pts',(183.637743763293,10.5215467781175,-310.197102295239));
#3590=CARTESIAN_POINT('Ctrl Pts',(183.637743763293,10.5215467781175,-310.101695059233));
#3591=CARTESIAN_POINT('Ctrl Pts',(183.306264564177,9.85858837988548,-310.863695059233));
#3592=CARTESIAN_POINT('Ctrl Pts',(183.391760764249,10.0295807800309,-310.863695059233));
#3593=CARTESIAN_POINT('Ctrl Pts',(183.533718169494,10.3134955905213,-310.763697887895));
#3594=CARTESIAN_POINT('Ctrl Pts',(183.661181930098,10.568423111729,-310.443236875357));
#3595=CARTESIAN_POINT('Ctrl Pts',(183.687264564177,10.6205883798855,-310.215689992663));
#3596=CARTESIAN_POINT('Ctrl Pts',(183.687264564177,10.6205883798855,-310.101695059233));
#3597=CARTESIAN_POINT('',(184.028041323948,10.0692,-310.101695059233));
#3598=CARTESIAN_POINT('',(183.687264564177,10.6205883798855,-310.101695059233));
#3599=CARTESIAN_POINT('Origin',(184.028041323948,10.4502,-310.101695059233));
#3600=CARTESIAN_POINT('Origin',(183.306264564177,9.85858837988549,-310.101695059233));
#3601=CARTESIAN_POINT('Origin',(183.647041323948,9.68819999999999,-310.101695059233));
#3602=CARTESIAN_POINT('Origin',(184.028041323948,10.4502,-294.753119402825));
#3603=CARTESIAN_POINT('',(184.028041323948,10.0692,-301.719695059233));
#3604=CARTESIAN_POINT('',(183.687264564177,10.6205883798855,-301.719695059233));
#3605=CARTESIAN_POINT('Origin',(184.028041323948,10.4502,-301.719695059233));
#3606=CARTESIAN_POINT('',(183.687264564177,10.6205883798855,-294.753119402825));
#3607=CARTESIAN_POINT('',(184.028041323948,10.0692,-294.753119402825));
#3608=CARTESIAN_POINT('Ctrl Pts',(184.028041323948,10.0692,-301.719695059233));
#3609=CARTESIAN_POINT('Ctrl Pts',(184.028041323948,10.0692,-301.63419885916));
#3610=CARTESIAN_POINT('Ctrl Pts',(183.978042924895,10.0192016009472,-301.492241373891));
#3611=CARTESIAN_POINT('Ctrl Pts',(183.817812326951,9.85897100300333,-301.364777636494));
#3612=CARTESIAN_POINT('Ctrl Pts',(183.704038790663,9.74519746671512,-301.338695059233));
#3613=CARTESIAN_POINT('Ctrl Pts',(183.647041323948,9.68819999999999,-301.338695059233));
#3614=CARTESIAN_POINT('Ctrl Pts',(183.954220072563,10.0692,-301.719695059233));
#3615=CARTESIAN_POINT('Ctrl Pts',(183.954220072563,10.0692,-301.642520042932));
#3616=CARTESIAN_POINT('Ctrl Pts',(183.909408634003,10.0302543307386,-301.512358664736));
#3617=CARTESIAN_POINT('Ctrl Pts',(183.759661902868,9.88465409885738,-301.377176503487));
#3618=CARTESIAN_POINT('Ctrl Pts',(183.650883548534,9.7717658220994,-301.342518838924));
#3619=CARTESIAN_POINT('Ctrl Pts',(183.596061239899,9.71369004202405,-301.338695059233));
#3620=CARTESIAN_POINT('Ctrl Pts',(183.807258526867,10.1133279776803,-301.719695059233));
#3621=CARTESIAN_POINT('Ctrl Pts',(183.807258526867,10.1133279776803,-301.649120573431));
#3622=CARTESIAN_POINT('Ctrl Pts',(183.772648845748,10.0871739469042,-301.52661290112));
#3623=CARTESIAN_POINT('Ctrl Pts',(183.643715647929,9.94960047135559,-301.370481801213));
#3624=CARTESIAN_POINT('Ctrl Pts',(183.544800671882,9.8287096064821,-301.321792933148));
#3625=CARTESIAN_POINT('Ctrl Pts',(183.494302168515,9.76456957771626,-301.312610437474));
#3626=CARTESIAN_POINT('Ctrl Pts',(183.633036992249,10.3197202147547,-301.719695059233));
#3627=CARTESIAN_POINT('Ctrl Pts',(183.633036992249,10.3197202147547,-301.622324385024));
#3628=CARTESIAN_POINT('Ctrl Pts',(183.605037914843,10.2774706033021,-301.454521081627));
#3629=CARTESIAN_POINT('Ctrl Pts',(183.490047634854,10.0832251663329,-301.253360646899));
#3630=CARTESIAN_POINT('Ctrl Pts',(183.398333574357,9.92101575900621,-301.194748936612));
#3631=CARTESIAN_POINT('Ctrl Pts',(183.350990487958,9.83622541799487,-301.185145861083));
#3632=CARTESIAN_POINT('Ctrl Pts',(183.637743763293,10.5215467781175,-301.719695059233));
#3633=CARTESIAN_POINT('Ctrl Pts',(183.637743763293,10.5215467781175,-301.576584205223));
#3634=CARTESIAN_POINT('Ctrl Pts',(183.597896796971,10.4424639860307,-301.336518060803));
#3635=CARTESIAN_POINT('Ctrl Pts',(183.460497673525,10.1669646821721,-301.101607278791));
#3636=CARTESIAN_POINT('Ctrl Pts',(183.358075305876,9.96237033563088,-301.0468559254));
#3637=CARTESIAN_POINT('Ctrl Pts',(183.306264564177,9.85858837988547,-301.043191259305));
#3638=CARTESIAN_POINT('Ctrl Pts',(183.687264564177,10.6205883798855,-301.719695059233));
#3639=CARTESIAN_POINT('Ctrl Pts',(183.687264564177,10.6205883798855,-301.548702659087));
#3640=CARTESIAN_POINT('Ctrl Pts',(183.637266165124,10.5205915817799,-301.264787688548));
#3641=CARTESIAN_POINT('Ctrl Pts',(183.47703556718,10.2001303858921,-301.009860213756));
#3642=CARTESIAN_POINT('Ctrl Pts',(183.363262030892,9.97258331331573,-300.957695059233));
#3643=CARTESIAN_POINT('Ctrl Pts',(183.306264564177,9.85858837988547,-300.957695059233));
#3644=CARTESIAN_POINT('',(183.647041323948,9.68819999999999,-301.338695059233));
#3645=CARTESIAN_POINT('',(183.306264564177,9.85858837988549,-300.957695059233));
#3646=CARTESIAN_POINT('Origin',(183.647041323948,9.68819999999999,-300.957695059233));
#3647=CARTESIAN_POINT('Origin',(183.306264564177,9.85858837988549,-301.719695059233));
#3648=CARTESIAN_POINT('Origin',(183.647041323948,9.68819999999999,-301.719695059233));
#3649=CARTESIAN_POINT('Origin',(183.380181994348,9.15448134080158,-300.957695059233));
#3650=CARTESIAN_POINT('',(182.161570374234,7.56919999999999,-300.957695059233));
#3651=CARTESIAN_POINT('',(182.587541323948,7.5692,-301.338695059233));
#3652=CARTESIAN_POINT('Origin',(182.587541323948,7.5692,-300.957695059233));
#3653=CARTESIAN_POINT('',(183.039405234577,9.32486972068708,-300.957695059233));
#3654=CARTESIAN_POINT('',(183.380181994348,9.15448134080158,-301.338695059233));
#3655=CARTESIAN_POINT('Origin',(182.145744675952,9.68819999999999,-301.719695059233));
#3656=CARTESIAN_POINT('',(192.979273726238,10.0692,-301.719695059233));
#3657=CARTESIAN_POINT('',(182.145744675952,10.0692,-301.719695059233));
#3658=CARTESIAN_POINT('',(193.360273726238,9.68819999999999,-301.338695059233));
#3659=CARTESIAN_POINT('Origin',(193.360273726238,9.68819999999999,-301.719695059233));
#3660=CARTESIAN_POINT('',(182.145744675952,9.68819999999999,-301.338695059233));
#3661=CARTESIAN_POINT('Origin',(182.145744675952,10.0692,-310.482695059233));
#3662=CARTESIAN_POINT('',(192.979273726238,10.0692,-310.101695059233));
#3663=CARTESIAN_POINT('',(182.145744675952,10.0692,-310.101695059233));
#3664=CARTESIAN_POINT('',(192.979273726238,10.0692,-293.503119402825));
#3665=CARTESIAN_POINT('Origin',(182.145744675952,9.68819999999999,-310.101695059233));
#3666=CARTESIAN_POINT('',(193.360273726238,9.6882,-310.482695059233));
#3667=CARTESIAN_POINT('',(182.145744675952,9.68819999999999,-310.482695059233));
#3668=CARTESIAN_POINT('Origin',(193.360273726238,9.68819999999999,-310.101695059233));
#3669=CARTESIAN_POINT('Origin',(182.145744675952,7.5692,-310.482695059233));
#3670=CARTESIAN_POINT('',(194.419773726238,7.5692,-310.482695059233));
#3671=CARTESIAN_POINT('',(188.619483615162,7.5692,-310.482695059233));
#3672=CARTESIAN_POINT('',(192.599967916181,11.2088116201145,-310.482695059233));
#3673=CARTESIAN_POINT('Origin',(182.145744675952,10.0692,-301.338695059233));
#3674=CARTESIAN_POINT('',(194.419773726238,7.5692,-301.338695059233));
#3675=CARTESIAN_POINT('',(192.099967916181,12.2088116201145,-301.338695059233));
#3676=CARTESIAN_POINT('',(188.619483615162,7.5692,-301.338695059233));
#3677=CARTESIAN_POINT('Origin',(182.920405234577,9.08686972068707,-279.023543746417));
#3678=CARTESIAN_POINT('',(182.161570374234,7.5692,-298.370695059233));
#3679=CARTESIAN_POINT('',(182.161570374234,7.5692,-265.57996809001));
#3680=CARTESIAN_POINT('',(184.447570374234,12.1412,-300.656695059233));
#3681=CARTESIAN_POINT('',(181.721148393386,6.68835603830507,-297.930273078385));
#3682=CARTESIAN_POINT('',(184.447570374234,12.1412,-311.164695059233));
#3683=CARTESIAN_POINT('',(184.447570374234,12.1412,-292.467119402825));
#3684=CARTESIAN_POINT('',(182.161570374234,7.5692,-313.450695059233));
#3685=CARTESIAN_POINT('',(186.731506945522,16.7090731425769,-308.880758487944));
#3686=CARTESIAN_POINT('',(182.161570374234,7.5692,-265.57996809001));
#3687=CARTESIAN_POINT('Ctrl Pts',(193.360273726238,9.68819999999999,-301.338695059233));
#3688=CARTESIAN_POINT('Ctrl Pts',(193.274777526165,9.77369620007268,-301.338695059233));
#3689=CARTESIAN_POINT('Ctrl Pts',(193.132820130232,9.91565359600536,-301.388693666616));
#3690=CARTESIAN_POINT('Ctrl Pts',(193.005356366928,10.0431173593102,-301.548924162221));
#3691=CARTESIAN_POINT('Ctrl Pts',(192.979273726238,10.0692,-301.662697592517));
#3692=CARTESIAN_POINT('Ctrl Pts',(192.979273726238,10.0692,-301.719695059233));
#3693=CARTESIAN_POINT('Ctrl Pts',(193.411253810286,9.71369004202406,-301.338695059233));
#3694=CARTESIAN_POINT('Ctrl Pts',(193.329020347334,9.80080371213707,-301.344430728769));
#3695=CARTESIAN_POINT('Ctrl Pts',(193.193982183279,9.9386602213529,-301.406228238721));
#3696=CARTESIAN_POINT('Ctrl Pts',(193.076531538484,10.0485908795363,-301.565308510243));
#3697=CARTESIAN_POINT('Ctrl Pts',(193.053094977622,10.0692,-301.668245048366));
#3698=CARTESIAN_POINT('Ctrl Pts',(193.053094977622,10.0692,-301.719695059233));
#3699=CARTESIAN_POINT('Ctrl Pts',(193.51301284018,9.76456955697096,-301.312610410029));
#3700=CARTESIAN_POINT('Ctrl Pts',(193.43726508513,9.86077960011971,-301.32638415354));
#3701=CARTESIAN_POINT('Ctrl Pts',(193.315873906574,10.0044964954474,-301.408877158046));
#3702=CARTESIAN_POINT('Ctrl Pts',(193.218300027223,10.0990260675391,-301.578136929845));
#3703=CARTESIAN_POINT('Ctrl Pts',(193.200056387773,10.1133280045825,-301.672645402031));
#3704=CARTESIAN_POINT('Ctrl Pts',(193.200056387773,10.1133280045825,-301.719695059233));
#3705=CARTESIAN_POINT('Ctrl Pts',(193.656324481873,9.83622537781755,-301.185145822321));
#3706=CARTESIAN_POINT('Ctrl Pts',(193.585309852274,9.96341088933456,-301.199550435615));
#3707=CARTESIAN_POINT('Ctrl Pts',(193.473757576937,10.1586327944336,-301.300886274869));
#3708=CARTESIAN_POINT('Ctrl Pts',(193.389129806014,10.29704180683,-301.524531658026));
#3709=CARTESIAN_POINT('Ctrl Pts',(193.37427779589,10.3197202249209,-301.654781276427));
#3710=CARTESIAN_POINT('Ctrl Pts',(193.37427779589,10.3197202249209,-301.719695059233));
#3711=CARTESIAN_POINT('Ctrl Pts',(193.701050486009,9.85858837988548,-301.043191259305));
#3712=CARTESIAN_POINT('Ctrl Pts',(193.62333437346,10.0142613135036,-301.048688258447));
#3713=CARTESIAN_POINT('Ctrl Pts',(193.496774132406,10.2669152978725,-301.149450652669));
#3714=CARTESIAN_POINT('Ctrl Pts',(193.390528065331,10.4800624416887,-301.433539204034));
#3715=CARTESIAN_POINT('Ctrl Pts',(193.369571286893,10.5215467781174,-301.624287823226));
#3716=CARTESIAN_POINT('Ctrl Pts',(193.369571286893,10.5215467781174,-301.719695059233));
#3717=CARTESIAN_POINT('Ctrl Pts',(193.701050486009,9.85858837988548,-300.957695059233));
#3718=CARTESIAN_POINT('Ctrl Pts',(193.615554285936,10.0295807800309,-300.957695059233));
#3719=CARTESIAN_POINT('Ctrl Pts',(193.473596890003,10.3134955718962,-301.057692273999));
#3720=CARTESIAN_POINT('Ctrl Pts',(193.346133126699,10.5684230985059,-301.378153265209));
#3721=CARTESIAN_POINT('Ctrl Pts',(193.320050486009,10.6205883798855,-301.605700125802));
#3722=CARTESIAN_POINT('Ctrl Pts',(193.320050486009,10.6205883798855,-301.719695059233));
#3723=CARTESIAN_POINT('',(193.320050486009,10.6205883798855,-301.719695059233));
#3724=CARTESIAN_POINT('',(193.701050486009,9.85858837988548,-300.957695059233));
#3725=CARTESIAN_POINT('Origin',(193.701050486009,9.85858837988548,-301.719695059233));
#3726=CARTESIAN_POINT('Origin',(193.360273726238,9.68819999999999,-300.957695059233));
#3727=CARTESIAN_POINT('Origin',(192.979273726238,10.4502,-301.719695059233));
#3728=CARTESIAN_POINT('Origin',(192.099967916181,12.2088116201145,-300.957695059233));
#3729=CARTESIAN_POINT('',(194.845744675952,7.5692,-300.957695059233));
#3730=CARTESIAN_POINT('Origin',(194.419773726238,7.56919999999999,-300.957695059233));
#3731=CARTESIAN_POINT('',(192.440744675951,12.3792,-300.957695059233));
#3732=CARTESIAN_POINT('Ctrl Pts',(192.979273726238,10.0692,-310.101695059233));
#3733=CARTESIAN_POINT('Ctrl Pts',(192.979273726238,10.0692,-310.187191259305));
#3734=CARTESIAN_POINT('Ctrl Pts',(193.029272518548,10.0192012076897,-310.329148575922));
#3735=CARTESIAN_POINT('Ctrl Pts',(193.189502923353,9.85897080288474,-310.456612362234));
#3736=CARTESIAN_POINT('Ctrl Pts',(193.303276259523,9.74519746671513,-310.482695059233));
#3737=CARTESIAN_POINT('Ctrl Pts',(193.360273726238,9.6882,-310.482695059233));
#3738=CARTESIAN_POINT('Ctrl Pts',(193.053094977622,10.0692,-310.101695059233));
#3739=CARTESIAN_POINT('Ctrl Pts',(193.053094977622,10.0692,-310.178870075533));
#3740=CARTESIAN_POINT('Ctrl Pts',(193.097906726015,10.0302542052303,-310.309031573119));
#3741=CARTESIAN_POINT('Ctrl Pts',(193.247653305536,9.88465403938291,-310.444213604334));
#3742=CARTESIAN_POINT('Ctrl Pts',(193.356431501651,9.77176582209941,-310.478871279541));
#3743=CARTESIAN_POINT('Ctrl Pts',(193.411253810286,9.71369004202406,-310.482695059233));
#3744=CARTESIAN_POINT('Ctrl Pts',(193.200056267563,10.1133280284314,-310.101695059233));
#3745=CARTESIAN_POINT('Ctrl Pts',(193.200056267563,10.1133280284314,-310.172269545035));
#3746=CARTESIAN_POINT('Ctrl Pts',(193.234666247806,10.0871743138829,-310.294778037882));
#3747=CARTESIAN_POINT('Ctrl Pts',(193.363599347877,9.94960065188751,-310.450908653523));
#3748=CARTESIAN_POINT('Ctrl Pts',(193.462514300016,9.82870956733847,-310.499597237099));
#3749=CARTESIAN_POINT('Ctrl Pts',(193.513012803383,9.76456953857264,-310.508779732773));
#3750=CARTESIAN_POINT('Ctrl Pts',(193.374277563533,10.3197202339429,-310.101695059233));
#3751=CARTESIAN_POINT('Ctrl Pts',(193.374277563533,10.3197202339429,-310.199065733441));
#3752=CARTESIAN_POINT('Ctrl Pts',(193.402276821075,10.2774708111254,-310.366870115368));
#3753=CARTESIAN_POINT('Ctrl Pts',(193.51726713198,10.083225240156,-310.568029939362));
#3754=CARTESIAN_POINT('Ctrl Pts',(193.608981324223,9.9210156832034,-310.626641254987));
#3755=CARTESIAN_POINT('Ctrl Pts',(193.656324410622,9.83622534219206,-310.636244330516));
#3756=CARTESIAN_POINT('Ctrl Pts',(193.369571286893,10.5215467781175,-310.101695059233));
#3757=CARTESIAN_POINT('Ctrl Pts',(193.369571286893,10.5215467781175,-310.244805913242));
#3758=CARTESIAN_POINT('Ctrl Pts',(193.409418783361,10.4424637041568,-310.484871891302));
#3759=CARTESIAN_POINT('Ctrl Pts',(193.546817610262,10.1669645718479,-310.719782637226));
#3760=CARTESIAN_POINT('Ctrl Pts',(193.64923974431,9.96237033563089,-310.774534193066));
#3761=CARTESIAN_POINT('Ctrl Pts',(193.701050486009,9.85858837988548,-310.77819885916));
#3762=CARTESIAN_POINT('Ctrl Pts',(193.320050486009,10.6205883798855,-310.101695059233));
#3763=CARTESIAN_POINT('Ctrl Pts',(193.320050486009,10.6205883798855,-310.272687459378));
#3764=CARTESIAN_POINT('Ctrl Pts',(193.370049278319,10.5205907952649,-310.556602092612));
#3765=CARTESIAN_POINT('Ctrl Pts',(193.530279683124,10.200129985655,-310.811529665236));
#3766=CARTESIAN_POINT('Ctrl Pts',(193.644053019294,9.97258331331574,-310.863695059233));
#3767=CARTESIAN_POINT('Ctrl Pts',(193.701050486009,9.85858837988548,-310.863695059233));
#3768=CARTESIAN_POINT('',(193.701050486009,9.85858837988549,-310.863695059233));
#3769=CARTESIAN_POINT('Origin',(193.360273726238,9.6882,-310.863695059233));
#3770=CARTESIAN_POINT('',(193.320050486009,10.6205883798855,-310.101695059233));
#3771=CARTESIAN_POINT('Origin',(193.701050486009,9.85858837988548,-310.101695059233));
#3772=CARTESIAN_POINT('Origin',(192.979273726238,10.4502,-310.101695059233));
#3773=CARTESIAN_POINT('Origin',(192.599967916181,11.2088116201145,-310.863695059233));
#3774=CARTESIAN_POINT('',(194.845744675952,7.5692,-310.863695059233));
#3775=CARTESIAN_POINT('Origin',(194.419773726238,7.5692,-310.863695059233));
#3776=CARTESIAN_POINT('',(192.940744675951,11.3792,-310.863695059233));
#3777=CARTESIAN_POINT('Origin',(192.979273726238,10.4502,-293.503119402825));
#3778=CARTESIAN_POINT('',(193.320050486009,10.6205883798855,-293.503119402825));
#3779=CARTESIAN_POINT('Origin',(193.575744675952,10.1092,-276.523543746417));
#3780=CARTESIAN_POINT('',(194.845744675952,7.5692,-313.450695059233));
#3781=CARTESIAN_POINT('',(194.845744675952,7.5692,-264.32996809001));
#3782=CARTESIAN_POINT('',(192.559744675951,12.1412,-311.164695059233));
#3783=CARTESIAN_POINT('',(194.845744675952,7.5692,-313.450695059233));
#3784=CARTESIAN_POINT('',(192.559744675951,12.1412,-300.656695059233));
#3785=CARTESIAN_POINT('',(192.559744675951,12.1412,-291.217119402825));
#3786=CARTESIAN_POINT('',(194.845744675952,7.5692,-298.370695059233));
#3787=CARTESIAN_POINT('',(192.305744675951,12.6492,-300.910695059233));
#3788=CARTESIAN_POINT('',(194.845744675952,7.5692,-264.32996809001));
#3789=CARTESIAN_POINT('Origin',(192.429483615162,10.1092,-312.180695059233));
#3790=CARTESIAN_POINT('',(193.761353084767,7.5692,-313.450695059233));
#3791=CARTESIAN_POINT('',(189.192614145557,12.1412,-311.164695059233));
#3792=CARTESIAN_POINT('Origin',(186.079483615162,10.1092,-299.640695059233));
#3793=CARTESIAN_POINT('',(186.017614145557,12.1412,-300.656695059233));
#3794=CARTESIAN_POINT('',(190.586353084767,7.5692,-298.370695059233));
#3795=CARTESIAN_POINT('Origin',(185.955744675951,12.1412,-305.910695059233));
#3796=CARTESIAN_POINT('Origin',(182.880181994348,8.15448134080159,-236.416295059233));
#3797=CARTESIAN_POINT('',(182.587541323948,7.5692,-236.035295059233));
#3798=CARTESIAN_POINT('',(182.161570374234,7.56919999999999,-236.416295059233));
#3799=CARTESIAN_POINT('Origin',(182.587541323948,7.5692,-236.416295059233));
#3800=CARTESIAN_POINT('',(183.647041323948,9.68819999999999,-236.035295059233));
#3801=CARTESIAN_POINT('',(182.880181994348,8.15448134080159,-236.035295059233));
#3802=CARTESIAN_POINT('',(183.306264564177,9.85858837988549,-236.416295059233));
#3803=CARTESIAN_POINT('Origin',(183.647041323948,9.6882,-236.416295059233));
#3804=CARTESIAN_POINT('',(182.539405234577,8.32486972068708,-236.416295059233));
#3805=CARTESIAN_POINT('Ctrl Pts',(183.647041323948,9.6882,-236.035295059233));
#3806=CARTESIAN_POINT('Ctrl Pts',(183.73253752402,9.77369620007269,-236.035295059233));
#3807=CARTESIAN_POINT('Ctrl Pts',(183.874495720004,9.91565439605606,-235.985298319028));
#3808=CARTESIAN_POINT('Ctrl Pts',(184.001959251488,10.0431179275402,-235.825066904367));
#3809=CARTESIAN_POINT('Ctrl Pts',(184.028041323948,10.0692,-235.711292525948));
#3810=CARTESIAN_POINT('Ctrl Pts',(184.028041323948,10.0692,-235.654295059233));
#3811=CARTESIAN_POINT('Ctrl Pts',(183.596061239899,9.71369004202406,-236.035295059233));
#3812=CARTESIAN_POINT('Ctrl Pts',(183.678294702852,9.80080371213708,-236.029559389696));
#3813=CARTESIAN_POINT('Ctrl Pts',(183.813333743658,9.93866151202372,-235.967764774656));
#3814=CARTESIAN_POINT('Ctrl Pts',(183.930784053524,10.0485915234227,-235.808683120458));
#3815=CARTESIAN_POINT('Ctrl Pts',(183.954220072563,10.0692,-235.7057450701));
#3816=CARTESIAN_POINT('Ctrl Pts',(183.954220072563,10.0692,-235.654295059233));
#3817=CARTESIAN_POINT('Ctrl Pts',(183.494301836733,9.76456974360737,-236.061379461376));
#3818=CARTESIAN_POINT('Ctrl Pts',(183.570049591783,9.86077978675612,-236.047605717865));
#3819=CARTESIAN_POINT('Ctrl Pts',(183.691441266082,10.0044982443726,-235.965116680271));
#3820=CARTESIAN_POINT('Ctrl Pts',(183.789014685605,10.0990264197643,-235.79585496761));
#3821=CARTESIAN_POINT('Ctrl Pts',(183.807257442966,10.1133277621279,-235.701344716434));
#3822=CARTESIAN_POINT('Ctrl Pts',(183.807257442966,10.1133277621279,-235.654295059233));
#3823=CARTESIAN_POINT('Ctrl Pts',(183.350989844839,9.83622573955427,-236.188843947268));
#3824=CARTESIAN_POINT('Ctrl Pts',(183.422004474438,9.96341125107128,-236.174439333975));
#3825=CARTESIAN_POINT('Ctrl Pts',(183.533556814694,10.1586350637335,-236.07310788329));
#3826=CARTESIAN_POINT('Ctrl Pts',(183.618183812752,10.2970424879272,-235.849460183668));
#3827=CARTESIAN_POINT('Ctrl Pts',(183.633034894966,10.3197201337146,-235.719208842038));
#3828=CARTESIAN_POINT('Ctrl Pts',(183.633034894966,10.3197201337146,-235.654295059233));
#3829=CARTESIAN_POINT('Ctrl Pts',(183.306264564177,9.85858837988548,-236.33079885916));
#3830=CARTESIAN_POINT('Ctrl Pts',(183.383980676725,10.0142613135036,-236.325301860018));
#3831=CARTESIAN_POINT('Ctrl Pts',(183.510542029759,10.2669164445056,-236.224545108882));
#3832=CARTESIAN_POINT('Ctrl Pts',(183.616788080807,10.4800630145881,-235.94045409756));
#3833=CARTESIAN_POINT('Ctrl Pts',(183.637743763293,10.5215467781175,-235.749702295239));
#3834=CARTESIAN_POINT('Ctrl Pts',(183.637743763293,10.5215467781175,-235.654295059233));
#3835=CARTESIAN_POINT('Ctrl Pts',(183.306264564177,9.85858837988548,-236.416295059233));
#3836=CARTESIAN_POINT('Ctrl Pts',(183.391760764249,10.0295807800309,-236.416295059233));
#3837=CARTESIAN_POINT('Ctrl Pts',(183.533718960233,10.3134971719976,-236.316301578823));
#3838=CARTESIAN_POINT('Ctrl Pts',(183.661182491717,10.5684242349658,-235.995838749502));
#3839=CARTESIAN_POINT('Ctrl Pts',(183.687264564177,10.6205883798855,-235.768289992663));
#3840=CARTESIAN_POINT('Ctrl Pts',(183.687264564177,10.6205883798855,-235.654295059233));
#3841=CARTESIAN_POINT('',(184.028041323948,10.0692,-235.654295059233));
#3842=CARTESIAN_POINT('',(183.687264564177,10.6205883798855,-235.654295059233));
#3843=CARTESIAN_POINT('Origin',(184.028041323948,10.4502,-235.654295059233));
#3844=CARTESIAN_POINT('Origin',(183.306264564177,9.85858837988549,-235.654295059233));
#3845=CARTESIAN_POINT('Origin',(183.647041323948,9.68819999999999,-235.654295059233));
#3846=CARTESIAN_POINT('Origin',(184.028041323948,10.4502,-220.305719402825));
#3847=CARTESIAN_POINT('',(184.028041323948,10.0692,-227.272295059233));
#3848=CARTESIAN_POINT('',(183.687264564177,10.6205883798855,-227.272295059233));
#3849=CARTESIAN_POINT('Origin',(184.028041323948,10.4502,-227.272295059233));
#3850=CARTESIAN_POINT('',(183.687264564177,10.6205883798855,-220.305719402825));
#3851=CARTESIAN_POINT('',(184.028041323948,10.0692,-220.305719402825));
#3852=CARTESIAN_POINT('Ctrl Pts',(184.028041323948,10.0692,-227.272295059233));
#3853=CARTESIAN_POINT('Ctrl Pts',(184.028041323948,10.0692,-227.18679885916));
#3854=CARTESIAN_POINT('Ctrl Pts',(183.978044836758,10.0192035128106,-227.044840554875));
#3855=CARTESIAN_POINT('Ctrl Pts',(183.81781329724,9.85897197329226,-226.917377054737));
#3856=CARTESIAN_POINT('Ctrl Pts',(183.704038790663,9.74519746671512,-226.891295059233));
#3857=CARTESIAN_POINT('Ctrl Pts',(183.647041323948,9.68819999999999,-226.891295059233));
#3858=CARTESIAN_POINT('Ctrl Pts',(183.954220072563,10.0692,-227.272295059233));
#3859=CARTESIAN_POINT('Ctrl Pts',(183.954220072563,10.0692,-227.195120042932));
#3860=CARTESIAN_POINT('Ctrl Pts',(183.909410140274,10.0302549410277,-227.064959247073));
#3861=CARTESIAN_POINT('Ctrl Pts',(183.759662670023,9.88465438706746,-226.929776449338));
#3862=CARTESIAN_POINT('Ctrl Pts',(183.650883548534,9.7717658220994,-226.895118838924));
#3863=CARTESIAN_POINT('Ctrl Pts',(183.596061239899,9.71369004202405,-226.891295059233));
#3864=CARTESIAN_POINT('Ctrl Pts',(183.807257276922,10.11332772904,-227.272295059233));
#3865=CARTESIAN_POINT('Ctrl Pts',(183.807257276922,10.11332772904,-227.20172057343));
#3866=CARTESIAN_POINT('Ctrl Pts',(183.772649050961,10.0871721626493,-227.079216898412));
#3867=CARTESIAN_POINT('Ctrl Pts',(183.643715377564,9.94959959660643,-226.923083432464));
#3868=CARTESIAN_POINT('Ctrl Pts',(183.544800289274,9.82870979778608,-226.874393186429));
#3869=CARTESIAN_POINT('Ctrl Pts',(183.494301785907,9.76456976902024,-226.865210690755));
#3870=CARTESIAN_POINT('Ctrl Pts',(183.633034573396,10.3197201213403,-227.272295059233));
#3871=CARTESIAN_POINT('Ctrl Pts',(183.633034573396,10.3197201213403,-227.174924385024));
#3872=CARTESIAN_POINT('Ctrl Pts',(183.605036373899,10.2774695947656,-227.00712633597));
#3873=CARTESIAN_POINT('Ctrl Pts',(183.490046247439,10.083224811792,-226.805962917544));
#3874=CARTESIAN_POINT('Ctrl Pts',(183.398332832631,9.92101612986936,-226.747349294257));
#3875=CARTESIAN_POINT('Ctrl Pts',(183.350989746232,9.83622578885802,-226.737746218728));
#3876=CARTESIAN_POINT('Ctrl Pts',(183.637743763293,10.5215467781175,-227.272295059233));
#3877=CARTESIAN_POINT('Ctrl Pts',(183.637743763293,10.5215467781175,-227.129184205223));
#3878=CARTESIAN_POINT('Ctrl Pts',(183.597899375303,10.4424653572748,-226.889117255167));
#3879=CARTESIAN_POINT('Ctrl Pts',(183.460498804872,10.1669652159105,-226.654206293022));
#3880=CARTESIAN_POINT('Ctrl Pts',(183.358075305876,9.96237033563088,-226.5994559254));
#3881=CARTESIAN_POINT('Ctrl Pts',(183.306264564177,9.85858837988547,-226.595791259305));
#3882=CARTESIAN_POINT('Ctrl Pts',(183.687264564177,10.6205883798855,-227.272295059233));
#3883=CARTESIAN_POINT('Ctrl Pts',(183.687264564177,10.6205883798855,-227.101302659087));
#3884=CARTESIAN_POINT('Ctrl Pts',(183.637268076987,10.5205954055067,-226.817386050518));
#3885=CARTESIAN_POINT('Ctrl Pts',(183.477036537469,10.20013232647,-226.562459050242));
#3886=CARTESIAN_POINT('Ctrl Pts',(183.363262030892,9.97258331331573,-226.510295059233));
#3887=CARTESIAN_POINT('Ctrl Pts',(183.306264564177,9.85858837988547,-226.510295059233));
#3888=CARTESIAN_POINT('',(183.647041323948,9.68819999999999,-226.891295059233));
#3889=CARTESIAN_POINT('',(183.306264564177,9.85858837988549,-226.510295059233));
#3890=CARTESIAN_POINT('Origin',(183.647041323948,9.68819999999999,-226.510295059233));
#3891=CARTESIAN_POINT('Origin',(183.306264564177,9.85858837988549,-227.272295059233));
#3892=CARTESIAN_POINT('Origin',(183.647041323948,9.68819999999999,-227.272295059233));
#3893=CARTESIAN_POINT('Origin',(183.380181994348,9.15448134080158,-226.510295059233));
#3894=CARTESIAN_POINT('',(182.161570374234,7.56919999999999,-226.510295059233));
#3895=CARTESIAN_POINT('',(182.587541323948,7.5692,-226.891295059233));
#3896=CARTESIAN_POINT('Origin',(182.587541323948,7.5692,-226.510295059233));
#3897=CARTESIAN_POINT('',(183.039405234577,9.32486972068708,-226.510295059233));
#3898=CARTESIAN_POINT('',(183.380181994348,9.15448134080158,-226.891295059233));
#3899=CARTESIAN_POINT('Origin',(182.145744675952,9.68819999999999,-227.272295059233));
#3900=CARTESIAN_POINT('',(192.979273726238,10.0692,-227.272295059233));
#3901=CARTESIAN_POINT('',(182.145744675952,10.0692,-227.272295059233));
#3902=CARTESIAN_POINT('',(193.360273726238,9.68819999999999,-226.891295059233));
#3903=CARTESIAN_POINT('Origin',(193.360273726238,9.68819999999999,-227.272295059233));
#3904=CARTESIAN_POINT('',(182.145744675952,9.68819999999999,-226.891295059233));
#3905=CARTESIAN_POINT('Origin',(182.145744675952,10.0692,-236.035295059233));
#3906=CARTESIAN_POINT('',(192.979273726238,10.0692,-235.654295059233));
#3907=CARTESIAN_POINT('',(182.145744675952,10.0692,-235.654295059233));
#3908=CARTESIAN_POINT('',(192.979273726238,10.0692,-219.055719402825));
#3909=CARTESIAN_POINT('Origin',(182.145744675952,9.68819999999999,-235.654295059233));
#3910=CARTESIAN_POINT('',(193.360273726238,9.6882,-236.035295059233));
#3911=CARTESIAN_POINT('',(182.145744675952,9.68819999999999,-236.035295059233));
#3912=CARTESIAN_POINT('Origin',(193.360273726238,9.68819999999999,-235.654295059233));
#3913=CARTESIAN_POINT('Origin',(182.145744675952,7.5692,-236.035295059233));
#3914=CARTESIAN_POINT('',(194.419773726238,7.5692,-236.035295059233));
#3915=CARTESIAN_POINT('',(188.619483615162,7.5692,-236.035295059233));
#3916=CARTESIAN_POINT('',(192.599967916181,11.2088116201145,-236.035295059233));
#3917=CARTESIAN_POINT('Origin',(192.553222554372,7.5692,-177.688992433602));
#3918=CARTESIAN_POINT('',(192.813744675952,7.5692,-238.893341343991));
#3919=CARTESIAN_POINT('',(182.161570374234,7.56919999999999,-238.893341343991));
#3920=CARTESIAN_POINT('',(194.845744675951,7.5692,-238.893341343991));
#3921=CARTESIAN_POINT('',(182.161570374234,7.5692,-239.003295059233));
#3922=CARTESIAN_POINT('',(182.161570374234,7.56919999999999,-191.13256809001));
#3923=CARTESIAN_POINT('',(193.473109581939,7.5692,-239.003295059233));
#3924=CARTESIAN_POINT('',(192.429483615162,7.5692,-239.003295059233));
#3925=CARTESIAN_POINT('Origin',(192.813744675952,7.5692,-240.925341343991));
#3926=CARTESIAN_POINT('Origin',(182.145744675952,10.0692,-226.891295059233));
#3927=CARTESIAN_POINT('',(194.419773726238,7.5692,-226.891295059233));
#3928=CARTESIAN_POINT('',(192.099967916181,12.2088116201145,-226.891295059233));
#3929=CARTESIAN_POINT('',(188.619483615162,7.5692,-226.891295059233));
#3930=CARTESIAN_POINT('Origin',(182.920405234577,9.08686972068707,-204.576143746417));
#3931=CARTESIAN_POINT('',(182.161570374234,7.5692,-223.923295059233));
#3932=CARTESIAN_POINT('',(182.161570374234,7.5692,-228.35626809001));
#3933=CARTESIAN_POINT('',(184.447570374234,12.1412,-226.209295059233));
#3934=CARTESIAN_POINT('',(181.721148393386,6.68835603830507,-223.482873078385));
#3935=CARTESIAN_POINT('',(184.447570374234,12.1412,-236.717295059233));
#3936=CARTESIAN_POINT('',(184.447570374234,12.1412,-218.019719402825));
#3937=CARTESIAN_POINT('',(186.731506945522,16.7090731425769,-234.433358487944));
#3938=CARTESIAN_POINT('',(182.161570374234,7.5692,-228.35626809001));
#3939=CARTESIAN_POINT('Ctrl Pts',(193.360273726238,9.68819999999999,-226.891295059233));
#3940=CARTESIAN_POINT('Ctrl Pts',(193.274777526165,9.77369620007268,-226.891295059233));
#3941=CARTESIAN_POINT('Ctrl Pts',(193.132819342748,9.91565438349012,-226.94129182879));
#3942=CARTESIAN_POINT('Ctrl Pts',(193.005355807626,10.0431179186118,-227.101523228971));
#3943=CARTESIAN_POINT('Ctrl Pts',(192.979273726238,10.0692,-227.215297592517));
#3944=CARTESIAN_POINT('Ctrl Pts',(192.979273726238,10.0692,-227.272295059233));
#3945=CARTESIAN_POINT('Ctrl Pts',(193.411253810286,9.71369004202406,-226.891295059233));
#3946=CARTESIAN_POINT('Ctrl Pts',(193.329020347334,9.80080371213707,-226.897030728769));
#3947=CARTESIAN_POINT('Ctrl Pts',(193.193981320303,9.93866149173313,-226.958825389315));
#3948=CARTESIAN_POINT('Ctrl Pts',(193.07653100517,10.0485915133234,-227.117907021733));
#3949=CARTESIAN_POINT('Ctrl Pts',(193.053094977622,10.0692,-227.220845048366));
#3950=CARTESIAN_POINT('Ctrl Pts',(193.053094977622,10.0692,-227.272295059233));
#3951=CARTESIAN_POINT('Ctrl Pts',(193.51301320756,9.76456974066106,-226.865210653187));
#3952=CARTESIAN_POINT('Ctrl Pts',(193.43726545251,9.86077978380982,-226.878984396698));
#3953=CARTESIAN_POINT('Ctrl Pts',(193.315873785963,10.0044982168405,-226.96147349661));
#3954=CARTESIAN_POINT('Ctrl Pts',(193.218300359194,10.0990264142936,-227.130735178702));
#3955=CARTESIAN_POINT('Ctrl Pts',(193.200057587969,10.1133277659629,-227.225245402031));
#3956=CARTESIAN_POINT('Ctrl Pts',(193.200057587969,10.1133277659629,-227.272295059233));
#3957=CARTESIAN_POINT('Ctrl Pts',(193.656325193916,9.83622573383889,-226.737746165687));
#3958=CARTESIAN_POINT('Ctrl Pts',(193.585310564317,9.9634112453559,-226.75215077898));
#3959=CARTESIAN_POINT('Ctrl Pts',(193.473758225012,10.1586350279903,-226.853482298601));
#3960=CARTESIAN_POINT('Ctrl Pts',(193.389131214743,10.2970424772684,-227.077129961726));
#3961=CARTESIAN_POINT('Ctrl Pts',(193.374280117943,10.3197201351499,-227.207381276427));
#3962=CARTESIAN_POINT('Ctrl Pts',(193.374280117943,10.3197201351499,-227.272295059233));
#3963=CARTESIAN_POINT('Ctrl Pts',(193.701050486009,9.85858837988548,-226.595791259305));
#3964=CARTESIAN_POINT('Ctrl Pts',(193.62333437346,10.0142613135036,-226.601288258447));
#3965=CARTESIAN_POINT('Ctrl Pts',(193.496773037871,10.2669164264795,-226.702045098273));
#3966=CARTESIAN_POINT('Ctrl Pts',(193.390526986619,10.4800630056021,-226.986136070866));
#3967=CARTESIAN_POINT('Ctrl Pts',(193.369571286893,10.5215467781174,-227.176887823226));
#3968=CARTESIAN_POINT('Ctrl Pts',(193.369571286893,10.5215467781174,-227.272295059233));
#3969=CARTESIAN_POINT('Ctrl Pts',(193.701050486009,9.85858837988548,-226.510295059233));
#3970=CARTESIAN_POINT('Ctrl Pts',(193.615554285936,10.0295807800309,-226.510295059233));
#3971=CARTESIAN_POINT('Ctrl Pts',(193.473596102519,10.3134971468657,-226.610288598347));
#3972=CARTESIAN_POINT('Ctrl Pts',(193.346132567397,10.568424217109,-226.930751398709));
#3973=CARTESIAN_POINT('Ctrl Pts',(193.320050486009,10.6205883798855,-227.158300125802));
#3974=CARTESIAN_POINT('Ctrl Pts',(193.320050486009,10.6205883798855,-227.272295059233));
#3975=CARTESIAN_POINT('',(193.320050486009,10.6205883798855,-227.272295059233));
#3976=CARTESIAN_POINT('',(193.701050486009,9.85858837988548,-226.510295059233));
#3977=CARTESIAN_POINT('Origin',(193.701050486009,9.85858837988548,-227.272295059233));
#3978=CARTESIAN_POINT('Origin',(193.360273726238,9.68819999999999,-226.510295059233));
#3979=CARTESIAN_POINT('Origin',(192.979273726238,10.4502,-227.272295059233));
#3980=CARTESIAN_POINT('Origin',(192.099967916181,12.2088116201145,-226.510295059233));
#3981=CARTESIAN_POINT('',(194.845744675952,7.5692,-226.510295059233));
#3982=CARTESIAN_POINT('Origin',(194.419773726238,7.56919999999999,-226.510295059233));
#3983=CARTESIAN_POINT('',(192.440744675951,12.3792,-226.510295059233));
#3984=CARTESIAN_POINT('Ctrl Pts',(192.979273726238,10.0692,-235.654295059233));
#3985=CARTESIAN_POINT('Ctrl Pts',(192.979273726238,10.0692,-235.739791259305));
#3986=CARTESIAN_POINT('Ctrl Pts',(193.02927074503,10.019202981208,-235.88174933601));
#3987=CARTESIAN_POINT('Ctrl Pts',(193.189502022302,9.85897170393573,-236.009212902027));
#3988=CARTESIAN_POINT('Ctrl Pts',(193.303276259523,9.74519746671513,-236.035295059233));
#3989=CARTESIAN_POINT('Ctrl Pts',(193.360273726238,9.6882,-236.035295059233));
#3990=CARTESIAN_POINT('Ctrl Pts',(193.053094977622,10.0692,-235.654295059233));
#3991=CARTESIAN_POINT('Ctrl Pts',(193.053094977622,10.0692,-235.731470075533));
#3992=CARTESIAN_POINT('Ctrl Pts',(193.097905328734,10.0302547713143,-235.861631033633));
#3993=CARTESIAN_POINT('Ctrl Pts',(193.247652593131,9.88465430708527,-235.996813653669));
#3994=CARTESIAN_POINT('Ctrl Pts',(193.356431501651,9.77176582209941,-236.031471279541));
#3995=CARTESIAN_POINT('Ctrl Pts',(193.411253810286,9.71369004202406,-236.035295059233));
#3996=CARTESIAN_POINT('Ctrl Pts',(193.200057424615,10.1133277984952,-235.654295059233));
#3997=CARTESIAN_POINT('Ctrl Pts',(193.200057424615,10.1133277984952,-235.724869545035));
#3998=CARTESIAN_POINT('Ctrl Pts',(193.234666055344,10.0871726587954,-235.847374332884));
#3999=CARTESIAN_POINT('Ctrl Pts',(193.363599596443,9.94959983934483,-236.00350713898));
#4000=CARTESIAN_POINT('Ctrl Pts',(193.462514654191,9.82870974442571,-236.052197002718));
#4001=CARTESIAN_POINT('Ctrl Pts',(193.513013157558,9.76456971565987,-236.061379498392));
#4002=CARTESIAN_POINT('Ctrl Pts',(193.374279801666,10.3197201473354,-235.654295059233));
#4003=CARTESIAN_POINT('Ctrl Pts',(193.374279801666,10.3197201473354,-235.751665733441));
#4004=CARTESIAN_POINT('Ctrl Pts',(193.402278245629,10.2774698748899,-235.919465245322));
#4005=CARTESIAN_POINT('Ctrl Pts',(193.517268415319,10.083224909644,-236.120627831681));
#4006=CARTESIAN_POINT('Ctrl Pts',(193.608982010532,9.92101602635799,-236.179240924004));
#4007=CARTESIAN_POINT('Ctrl Pts',(193.656325096931,9.83622568534665,-236.188843999533));
#4008=CARTESIAN_POINT('Ctrl Pts',(193.369571286893,10.5215467781175,-235.654295059233));
#4009=CARTESIAN_POINT('Ctrl Pts',(193.369571286893,10.5215467781175,-235.797405913242));
#4010=CARTESIAN_POINT('Ctrl Pts',(193.409416391961,10.4424649758459,-236.037472639814));
#4011=CARTESIAN_POINT('Ctrl Pts',(193.546816559164,10.1669650679399,-236.272383551087));
#4012=CARTESIAN_POINT('Ctrl Pts',(193.64923974431,9.96237033563089,-236.327134193066));
#4013=CARTESIAN_POINT('Ctrl Pts',(193.701050486009,9.85858837988548,-236.33079885916));
#4014=CARTESIAN_POINT('Ctrl Pts',(193.320050486009,10.6205883798855,-235.654295059233));
#4015=CARTESIAN_POINT('Ctrl Pts',(193.320050486009,10.6205883798855,-235.825287459378));
#4016=CARTESIAN_POINT('Ctrl Pts',(193.370047504801,10.5205943423015,-236.109203612788));
#4017=CARTESIAN_POINT('Ctrl Pts',(193.530278782073,10.200131787757,-236.364130744822));
#4018=CARTESIAN_POINT('Ctrl Pts',(193.644053019294,9.97258331331574,-236.416295059233));
#4019=CARTESIAN_POINT('Ctrl Pts',(193.701050486009,9.85858837988548,-236.416295059233));
#4020=CARTESIAN_POINT('',(193.701050486009,9.85858837988549,-236.416295059233));
#4021=CARTESIAN_POINT('Origin',(193.360273726238,9.6882,-236.416295059233));
#4022=CARTESIAN_POINT('',(193.320050486009,10.6205883798855,-235.654295059233));
#4023=CARTESIAN_POINT('Origin',(193.701050486009,9.85858837988548,-235.654295059233));
#4024=CARTESIAN_POINT('Origin',(192.979273726238,10.4502,-235.654295059233));
#4025=CARTESIAN_POINT('Origin',(192.599967916181,11.2088116201145,-236.416295059233));
#4026=CARTESIAN_POINT('',(194.845744675952,7.5692,-236.416295059233));
#4027=CARTESIAN_POINT('Origin',(194.419773726238,7.5692,-236.416295059233));
#4028=CARTESIAN_POINT('',(192.940744675951,11.3792,-236.416295059233));
#4029=CARTESIAN_POINT('Origin',(192.979273726238,10.4502,-219.055719402825));
#4030=CARTESIAN_POINT('',(193.320050486009,10.6205883798855,-219.055719402825));
#4031=CARTESIAN_POINT('Origin',(193.575744675952,10.1092,-202.076143746417));
#4032=CARTESIAN_POINT('',(194.845744675952,7.5692,-239.003295059233));
#4033=CARTESIAN_POINT('',(194.845744675952,7.5692,-227.10626809001));
#4034=CARTESIAN_POINT('',(192.559744675951,12.1412,-236.717295059233));
#4035=CARTESIAN_POINT('',(194.845744675952,7.5692,-239.003295059233));
#4036=CARTESIAN_POINT('',(192.559744675951,12.1412,-226.209295059233));
#4037=CARTESIAN_POINT('',(192.559744675951,12.1412,-216.769719402825));
#4038=CARTESIAN_POINT('',(194.845744675952,7.5692,-223.923295059233));
#4039=CARTESIAN_POINT('',(192.305744675951,12.6492,-226.463295059233));
#4040=CARTESIAN_POINT('',(194.845744675952,7.5692,-227.10626809001));
#4041=CARTESIAN_POINT('Origin',(192.429483615162,10.1092,-237.733295059233));
#4042=CARTESIAN_POINT('',(193.761353084767,7.5692,-239.003295059233));
#4043=CARTESIAN_POINT('',(189.192614145557,12.1412,-236.717295059233));
#4044=CARTESIAN_POINT('Origin',(186.079483615162,10.1092,-225.193295059233));
#4045=CARTESIAN_POINT('',(186.017614145557,12.1412,-226.209295059233));
#4046=CARTESIAN_POINT('',(190.586353084767,7.5692,-223.923295059233));
#4047=CARTESIAN_POINT('Origin',(185.955744675951,12.1412,-231.463295059233));
#4048=CARTESIAN_POINT('Origin',(195.834181994348,8.15448134080159,-211.803695059233));
#4049=CARTESIAN_POINT('',(195.541541323948,7.5692,-211.422695059233));
#4050=CARTESIAN_POINT('',(195.115570374234,7.56919999999999,-211.803695059233));
#4051=CARTESIAN_POINT('Origin',(195.541541323948,7.5692,-211.803695059233));
#4052=CARTESIAN_POINT('',(196.601041323948,9.68819999999999,-211.422695059233));
#4053=CARTESIAN_POINT('',(195.834181994348,8.15448134080159,-211.422695059233));
#4054=CARTESIAN_POINT('',(196.260264564177,9.85858837988549,-211.803695059233));
#4055=CARTESIAN_POINT('Origin',(196.601041323948,9.6882,-211.803695059233));
#4056=CARTESIAN_POINT('',(195.493405234577,8.32486972068708,-211.803695059233));
#4057=CARTESIAN_POINT('Ctrl Pts',(196.601041323948,9.6882,-211.422695059233));
#4058=CARTESIAN_POINT('Ctrl Pts',(196.68653752402,9.77369620007269,-211.422695059233));
#4059=CARTESIAN_POINT('Ctrl Pts',(196.82849586761,9.91565454366267,-211.372698663884));
#4060=CARTESIAN_POINT('Ctrl Pts',(196.955959356374,10.0431180324266,-211.212467079025));
#4061=CARTESIAN_POINT('Ctrl Pts',(196.982041323948,10.0692,-211.098692525948));
#4062=CARTESIAN_POINT('Ctrl Pts',(196.982041323948,10.0692,-211.041695059233));
#4063=CARTESIAN_POINT('Ctrl Pts',(196.550061239899,9.71369004202406,-211.422695059233));
#4064=CARTESIAN_POINT('Ctrl Pts',(196.632294702852,9.80080371213708,-211.416959389696));
#4065=CARTESIAN_POINT('Ctrl Pts',(196.767333905495,9.93866175041359,-211.355165309287));
#4066=CARTESIAN_POINT('Ctrl Pts',(196.884784153461,10.0485916420208,-211.196083399088));
#4067=CARTESIAN_POINT('Ctrl Pts',(196.908220072563,10.0692,-211.0931450701));
#4068=CARTESIAN_POINT('Ctrl Pts',(196.908220072563,10.0692,-211.041695059233));
#4069=CARTESIAN_POINT('Ctrl Pts',(196.448301767444,9.764569778252,-211.448779415478));
#4070=CARTESIAN_POINT('Ctrl Pts',(196.524049522493,9.86077982140076,-211.435005671967));
#4071=CARTESIAN_POINT('Ctrl Pts',(196.645441287777,10.0044985679319,-211.352517366427));
#4072=CARTESIAN_POINT('Ctrl Pts',(196.743014622123,10.0990264838778,-211.183255294483));
#4073=CARTESIAN_POINT('Ctrl Pts',(196.761257216603,10.1133277170157,-211.088744716434));
#4074=CARTESIAN_POINT('Ctrl Pts',(196.761257216603,10.1133277170157,-211.041695059233));
#4075=CARTESIAN_POINT('Ctrl Pts',(196.304989710404,9.83622580677152,-211.576243882469));
#4076=CARTESIAN_POINT('Ctrl Pts',(196.376004340003,9.96341131828853,-211.561839269176));
#4077=CARTESIAN_POINT('Ctrl Pts',(196.487556691266,10.1586354838347,-211.460508628276));
#4078=CARTESIAN_POINT('Ctrl Pts',(196.572183545721,10.2970426130379,-211.236860499655));
#4079=CARTESIAN_POINT('Ctrl Pts',(196.58703445656,10.3197201168477,-211.106608842038));
#4080=CARTESIAN_POINT('Ctrl Pts',(196.58703445656,10.3197201168477,-211.041695059233));
#4081=CARTESIAN_POINT('Ctrl Pts',(196.260264564177,9.85858837988548,-211.71819885916));
#4082=CARTESIAN_POINT('Ctrl Pts',(196.337980676725,10.0142613135036,-211.712701860018));
#4083=CARTESIAN_POINT('Ctrl Pts',(196.464542234617,10.2669166562906,-211.611946150815));
#4084=CARTESIAN_POINT('Ctrl Pts',(196.570788283387,10.4800631201122,-211.327854684351));
#4085=CARTESIAN_POINT('Ctrl Pts',(196.591743763293,10.5215467781175,-211.137102295239));
#4086=CARTESIAN_POINT('Ctrl Pts',(196.591743763293,10.5215467781175,-211.041695059233));
#4087=CARTESIAN_POINT('Ctrl Pts',(196.260264564177,9.85858837988548,-211.803695059233));
#4088=CARTESIAN_POINT('Ctrl Pts',(196.345760764249,10.0295807800309,-211.803695059233));
#4089=CARTESIAN_POINT('Ctrl Pts',(196.487719107839,10.3134974672108,-211.703702268535));
#4090=CARTESIAN_POINT('Ctrl Pts',(196.615182596603,10.5684244447387,-211.383239098818));
#4091=CARTESIAN_POINT('Ctrl Pts',(196.641264564177,10.6205883798855,-211.155689992663));
#4092=CARTESIAN_POINT('Ctrl Pts',(196.641264564177,10.6205883798855,-211.041695059233));
#4093=CARTESIAN_POINT('',(196.982041323948,10.0692,-211.041695059233));
#4094=CARTESIAN_POINT('',(196.641264564177,10.6205883798855,-211.041695059233));
#4095=CARTESIAN_POINT('Origin',(196.982041323948,10.4502,-211.041695059233));
#4096=CARTESIAN_POINT('Origin',(196.260264564177,9.85858837988549,-211.041695059233));
#4097=CARTESIAN_POINT('Origin',(196.601041323948,9.68819999999999,-211.041695059233));
#4098=CARTESIAN_POINT('Origin',(196.982041323948,10.4502,-195.693119402825));
#4099=CARTESIAN_POINT('',(196.982041323948,10.0692,-202.659695059233));
#4100=CARTESIAN_POINT('',(196.641264564177,10.6205883798855,-202.659695059233));
#4101=CARTESIAN_POINT('Origin',(196.982041323948,10.4502,-202.659695059233));
#4102=CARTESIAN_POINT('',(196.641264564177,10.6205883798855,-195.693119402825));
#4103=CARTESIAN_POINT('',(196.982041323948,10.0692,-195.693119402825));
#4104=CARTESIAN_POINT('Ctrl Pts',(196.982041323948,10.0692,-202.659695059233));
#4105=CARTESIAN_POINT('Ctrl Pts',(196.982041323948,10.0692,-202.57419885916));
#4106=CARTESIAN_POINT('Ctrl Pts',(196.932045195163,10.0192038712158,-202.432240401508));
#4107=CARTESIAN_POINT('Ctrl Pts',(196.771813478648,9.85897215470048,-202.304776945745));
#4108=CARTESIAN_POINT('Ctrl Pts',(196.658038790663,9.74519746671512,-202.278695059233));
#4109=CARTESIAN_POINT('Ctrl Pts',(196.601041323948,9.68819999999999,-202.278695059233));
#4110=CARTESIAN_POINT('Ctrl Pts',(196.908220072563,10.0692,-202.659695059233));
#4111=CARTESIAN_POINT('Ctrl Pts',(196.908220072563,10.0692,-202.582520042932));
#4112=CARTESIAN_POINT('Ctrl Pts',(196.863410422642,10.0302550554566,-202.452359356595));
#4113=CARTESIAN_POINT('Ctrl Pts',(196.713662813456,9.88465444092297,-202.317176438741));
#4114=CARTESIAN_POINT('Ctrl Pts',(196.604883548534,9.7717658220994,-202.282518838924));
#4115=CARTESIAN_POINT('Ctrl Pts',(196.550061239899,9.71369004202405,-202.278695059233));
#4116=CARTESIAN_POINT('Ctrl Pts',(196.761257041387,10.1133276820736,-202.659695059233));
#4117=CARTESIAN_POINT('Ctrl Pts',(196.761257041387,10.1133276820736,-202.58912057343));
#4118=CARTESIAN_POINT('Ctrl Pts',(196.726649088386,10.0871718281371,-202.466617649278));
#4119=CARTESIAN_POINT('Ctrl Pts',(196.597715325768,9.94959943316711,-202.310483737599));
#4120=CARTESIAN_POINT('Ctrl Pts',(196.498800217177,9.82870983383453,-202.261793234196));
#4121=CARTESIAN_POINT('Ctrl Pts',(196.44830171381,9.76456980506869,-202.252610738522));
#4122=CARTESIAN_POINT('Ctrl Pts',(196.587034117115,10.3197201038056,-202.659695059233));
#4123=CARTESIAN_POINT('Ctrl Pts',(196.587034117115,10.3197201038056,-202.562324385024));
#4124=CARTESIAN_POINT('Ctrl Pts',(196.559036082592,10.2774694060392,-202.394527323005));
#4125=CARTESIAN_POINT('Ctrl Pts',(196.444045985517,10.08322474614,-202.193363342535));
#4126=CARTESIAN_POINT('Ctrl Pts',(196.352332692715,9.92101619982741,-202.134749361692));
#4127=CARTESIAN_POINT('Ctrl Pts',(196.304989606315,9.83622585881607,-202.125146286163));
#4128=CARTESIAN_POINT('Ctrl Pts',(196.591743763293,10.5215467781175,-202.659695059233));
#4129=CARTESIAN_POINT('Ctrl Pts',(196.591743763293,10.5215467781175,-202.516584205223));
#4130=CARTESIAN_POINT('Ctrl Pts',(196.551899858827,10.442465614498,-202.276517104725));
#4131=CARTESIAN_POINT('Ctrl Pts',(196.414499016152,10.1669653154802,-202.041606107938));
#4132=CARTESIAN_POINT('Ctrl Pts',(196.312075305876,9.96237033563088,-201.9868559254));
#4133=CARTESIAN_POINT('Ctrl Pts',(196.260264564177,9.85858837988547,-201.983191259305));
#4134=CARTESIAN_POINT('Ctrl Pts',(196.641264564177,10.6205883798855,-202.659695059233));
#4135=CARTESIAN_POINT('Ctrl Pts',(196.641264564177,10.6205883798855,-202.488702659087));
#4136=CARTESIAN_POINT('Ctrl Pts',(196.591268435392,10.5205961223171,-202.204785743783));
#4137=CARTESIAN_POINT('Ctrl Pts',(196.431036718877,10.2001326892865,-201.949858832257));
#4138=CARTESIAN_POINT('Ctrl Pts',(196.317262030892,9.97258331331573,-201.897695059233));
#4139=CARTESIAN_POINT('Ctrl Pts',(196.260264564177,9.85858837988547,-201.897695059233));
#4140=CARTESIAN_POINT('',(196.601041323948,9.68819999999999,-202.278695059233));
#4141=CARTESIAN_POINT('',(196.260264564177,9.85858837988549,-201.897695059233));
#4142=CARTESIAN_POINT('Origin',(196.601041323948,9.68819999999999,-201.897695059233));
#4143=CARTESIAN_POINT('Origin',(196.260264564177,9.85858837988549,-202.659695059233));
#4144=CARTESIAN_POINT('Origin',(196.601041323948,9.68819999999999,-202.659695059233));
#4145=CARTESIAN_POINT('Origin',(196.334181994348,9.15448134080158,-201.897695059233));
#4146=CARTESIAN_POINT('',(195.115570374234,7.56919999999999,-201.897695059233));
#4147=CARTESIAN_POINT('',(195.541541323948,7.5692,-202.278695059233));
#4148=CARTESIAN_POINT('Origin',(195.541541323948,7.5692,-201.897695059233));
#4149=CARTESIAN_POINT('',(195.993405234577,9.32486972068708,-201.897695059233));
#4150=CARTESIAN_POINT('',(196.334181994348,9.15448134080158,-202.278695059233));
#4151=CARTESIAN_POINT('Origin',(195.099744675952,9.68819999999999,-202.659695059233));
#4152=CARTESIAN_POINT('',(205.933273726238,10.0692,-202.659695059233));
#4153=CARTESIAN_POINT('',(195.099744675952,10.0692,-202.659695059233));
#4154=CARTESIAN_POINT('',(206.314273726238,9.68819999999999,-202.278695059233));
#4155=CARTESIAN_POINT('Origin',(206.314273726238,9.68819999999999,-202.659695059233));
#4156=CARTESIAN_POINT('',(195.099744675952,9.68819999999999,-202.278695059233));
#4157=CARTESIAN_POINT('Origin',(195.099744675952,10.0692,-211.422695059233));
#4158=CARTESIAN_POINT('',(205.933273726238,10.0692,-211.041695059233));
#4159=CARTESIAN_POINT('',(195.099744675952,10.0692,-211.041695059233));
#4160=CARTESIAN_POINT('',(205.933273726238,10.0692,-194.443119402825));
#4161=CARTESIAN_POINT('Origin',(195.099744675952,9.68819999999999,-211.041695059233));
#4162=CARTESIAN_POINT('',(206.314273726238,9.6882,-211.422695059233));
#4163=CARTESIAN_POINT('',(195.099744675952,9.68819999999999,-211.422695059233));
#4164=CARTESIAN_POINT('Origin',(206.314273726238,9.68819999999999,-211.041695059233));
#4165=CARTESIAN_POINT('Origin',(195.099744675952,7.5692,-211.422695059233));
#4166=CARTESIAN_POINT('',(207.373773726238,7.5692,-211.422695059233));
#4167=CARTESIAN_POINT('',(195.096483615162,7.5692,-211.422695059233));
#4168=CARTESIAN_POINT('',(205.553967916181,11.2088116201145,-211.422695059233));
#4169=CARTESIAN_POINT('Origin',(195.099744675952,10.0692,-202.278695059233));
#4170=CARTESIAN_POINT('',(207.373773726238,7.5692,-202.278695059233));
#4171=CARTESIAN_POINT('',(205.053967916181,12.2088116201145,-202.278695059233));
#4172=CARTESIAN_POINT('',(195.096483615162,7.5692,-202.278695059233));
#4173=CARTESIAN_POINT('Origin',(195.874405234577,9.08686972068707,-179.963543746417));
#4174=CARTESIAN_POINT('',(195.115570374234,7.5692,-199.310695059233));
#4175=CARTESIAN_POINT('',(195.115570374234,7.5692,-216.04996809001));
#4176=CARTESIAN_POINT('',(197.401570374234,12.1412,-201.596695059233));
#4177=CARTESIAN_POINT('',(194.675148393386,6.68835603830507,-198.870273078385));
#4178=CARTESIAN_POINT('',(197.401570374234,12.1412,-212.104695059233));
#4179=CARTESIAN_POINT('',(197.401570374234,12.1412,-193.407119402825));
#4180=CARTESIAN_POINT('',(195.115570374234,7.5692,-214.390695059233));
#4181=CARTESIAN_POINT('',(199.685506945522,16.7090731425769,-209.820758487944));
#4182=CARTESIAN_POINT('',(195.115570374234,7.5692,-216.04996809001));
#4183=CARTESIAN_POINT('Ctrl Pts',(206.314273726238,9.68819999999999,-202.278695059233));
#4184=CARTESIAN_POINT('Ctrl Pts',(206.228777526165,9.77369620007268,-202.278695059233));
#4185=CARTESIAN_POINT('Ctrl Pts',(206.086819195802,9.91565453043566,-202.328691485488));
#4186=CARTESIAN_POINT('Ctrl Pts',(205.959355703211,10.0431180230271,-202.488923055088));
#4187=CARTESIAN_POINT('Ctrl Pts',(205.933273726238,10.0692,-202.602697592517));
#4188=CARTESIAN_POINT('Ctrl Pts',(205.933273726238,10.0692,-202.659695059233));
#4189=CARTESIAN_POINT('Ctrl Pts',(206.365253810286,9.71369004202406,-202.278695059233));
#4190=CARTESIAN_POINT('Ctrl Pts',(206.283020347334,9.80080371213707,-202.284430728769));
#4191=CARTESIAN_POINT('Ctrl Pts',(206.147981159194,9.9386617290481,-202.346224857093));
#4192=CARTESIAN_POINT('Ctrl Pts',(206.03053090568,10.0485916313958,-202.505306744341));
#4193=CARTESIAN_POINT('Ctrl Pts',(206.007094977622,10.0692,-202.608245048366));
#4194=CARTESIAN_POINT('Ctrl Pts',(206.007094977622,10.0692,-202.659695059233));
#4195=CARTESIAN_POINT('Ctrl Pts',(206.467013276527,9.7645697751448,-202.25261069887));
#4196=CARTESIAN_POINT('Ctrl Pts',(206.391265521478,9.86077981829355,-202.266384442381));
#4197=CARTESIAN_POINT('Ctrl Pts',(206.269873764341,10.0044985389264,-202.348872813523));
#4198=CARTESIAN_POINT('Ctrl Pts',(206.172300422357,10.0990264781438,-202.518134853256));
#4199=CARTESIAN_POINT('Ctrl Pts',(206.15405781328,10.1133277210631,-202.612645402031));
#4200=CARTESIAN_POINT('Ctrl Pts',(206.15405781328,10.1133277210631,-202.659695059233));
#4201=CARTESIAN_POINT('Ctrl Pts',(206.610325327722,9.83622580074207,-202.125146230184));
#4202=CARTESIAN_POINT('Ctrl Pts',(206.539310698123,9.96341131225908,-202.139550843477));
#4203=CARTESIAN_POINT('Ctrl Pts',(206.427758347834,10.1586354461713,-202.240881556943));
#4204=CARTESIAN_POINT('Ctrl Pts',(206.343131480498,10.2970426018338,-202.464529647101));
#4205=CARTESIAN_POINT('Ctrl Pts',(206.3282805543,10.3197201183596,-202.594781276427));
#4206=CARTESIAN_POINT('Ctrl Pts',(206.3282805543,10.3197201183596,-202.659695059233));
#4207=CARTESIAN_POINT('Ctrl Pts',(206.655050486009,9.85858837988548,-201.983191259305));
#4208=CARTESIAN_POINT('Ctrl Pts',(206.57733437346,10.0142613135036,-201.988688258447));
#4209=CARTESIAN_POINT('Ctrl Pts',(206.450772833922,10.2669166373095,-202.089444061028));
#4210=CARTESIAN_POINT('Ctrl Pts',(206.344526784956,10.4800631106584,-202.37353548669));
#4211=CARTESIAN_POINT('Ctrl Pts',(206.323571286893,10.5215467781174,-202.564287823226));
#4212=CARTESIAN_POINT('Ctrl Pts',(206.323571286893,10.5215467781174,-202.659695059233));
#4213=CARTESIAN_POINT('Ctrl Pts',(206.655050486009,9.85858837988548,-201.897695059233));
#4214=CARTESIAN_POINT('Ctrl Pts',(206.569554285936,10.0295807800309,-201.897695059233));
#4215=CARTESIAN_POINT('Ctrl Pts',(206.427595955573,10.3134974407568,-201.997687911744));
#4216=CARTESIAN_POINT('Ctrl Pts',(206.300132462982,10.5684244259397,-202.318151050943));
#4217=CARTESIAN_POINT('Ctrl Pts',(206.274050486009,10.6205883798855,-202.545700125802));
#4218=CARTESIAN_POINT('Ctrl Pts',(206.274050486009,10.6205883798855,-202.659695059233));
#4219=CARTESIAN_POINT('',(206.274050486009,10.6205883798855,-202.659695059233));
#4220=CARTESIAN_POINT('',(206.655050486009,9.85858837988548,-201.897695059233));
#4221=CARTESIAN_POINT('Origin',(206.655050486009,9.85858837988548,-202.659695059233));
#4222=CARTESIAN_POINT('Origin',(206.314273726238,9.68819999999999,-201.897695059233));
#4223=CARTESIAN_POINT('Origin',(205.933273726238,10.4502,-202.659695059233));
#4224=CARTESIAN_POINT('Origin',(205.053967916181,12.2088116201145,-201.897695059233));
#4225=CARTESIAN_POINT('',(207.799744675952,7.5692,-201.897695059233));
#4226=CARTESIAN_POINT('Origin',(207.373773726238,7.56919999999999,-201.897695059233));
#4227=CARTESIAN_POINT('',(205.394744675951,12.3792,-201.897695059233));
#4228=CARTESIAN_POINT('Ctrl Pts',(205.933273726238,10.0692,-211.041695059233));
#4229=CARTESIAN_POINT('Ctrl Pts',(205.933273726238,10.0692,-211.127191259305));
#4230=CARTESIAN_POINT('Ctrl Pts',(205.983270414782,10.0192033114553,-211.269149477404));
#4231=CARTESIAN_POINT('Ctrl Pts',(206.14350185493,9.85897187130781,-211.396613002486));
#4232=CARTESIAN_POINT('Ctrl Pts',(206.257276259523,9.74519746671513,-211.422695059233));
#4233=CARTESIAN_POINT('Ctrl Pts',(206.314273726238,9.6882,-211.422695059233));
#4234=CARTESIAN_POINT('Ctrl Pts',(206.007094977622,10.0692,-211.041695059233));
#4235=CARTESIAN_POINT('Ctrl Pts',(206.007094977622,10.0692,-211.118870075533));
#4236=CARTESIAN_POINT('Ctrl Pts',(206.051905068549,10.0302548767435,-211.249030932873));
#4237=CARTESIAN_POINT('Ctrl Pts',(206.201652460798,9.88465435678679,-211.384213663236));
#4238=CARTESIAN_POINT('Ctrl Pts',(206.310431501651,9.77176582209941,-211.418871279541));
#4239=CARTESIAN_POINT('Ctrl Pts',(206.365253810286,9.71369004202406,-211.422695059233));
#4240=CARTESIAN_POINT('Ctrl Pts',(206.154057641107,10.1133277553767,-211.041695059233));
#4241=CARTESIAN_POINT('Ctrl Pts',(206.154057641107,10.1133277553767,-211.112269545035));
#4242=CARTESIAN_POINT('Ctrl Pts',(206.188666020396,10.0871723505771,-211.234773641685));
#4243=CARTESIAN_POINT('Ctrl Pts',(206.317599643676,9.94959968850394,-211.390906857521));
#4244=CARTESIAN_POINT('Ctrl Pts',(206.416514720459,9.82870977755955,-211.439596958832));
#4245=CARTESIAN_POINT('Ctrl Pts',(206.467013223825,9.76456974879372,-211.448779454506));
#4246=CARTESIAN_POINT('Ctrl Pts',(206.328280220841,10.3197201311883,-211.041695059233));
#4247=CARTESIAN_POINT('Ctrl Pts',(206.328280220841,10.3197201311883,-211.139065733441));
#4248=CARTESIAN_POINT('Ctrl Pts',(206.356278512967,10.2774697008407,-211.306864336738));
#4249=CARTESIAN_POINT('Ctrl Pts',(206.47126865585,10.0832248487889,-211.508027439779));
#4250=CARTESIAN_POINT('Ctrl Pts',(206.562982139069,9.92101609062674,-211.56664086204));
#4251=CARTESIAN_POINT('Ctrl Pts',(206.610325225469,9.8362257496154,-211.576243937569));
#4252=CARTESIAN_POINT('Ctrl Pts',(206.323571286893,10.5215467781175,-211.041695059233));
#4253=CARTESIAN_POINT('Ctrl Pts',(206.323571286893,10.5215467781175,-211.184805913242));
#4254=CARTESIAN_POINT('Ctrl Pts',(206.363415946505,10.4424652127874,-211.424872778697));
#4255=CARTESIAN_POINT('Ctrl Pts',(206.500816364125,10.1669651599035,-211.659783721501));
#4256=CARTESIAN_POINT('Ctrl Pts',(206.60323974431,9.96237033563089,-211.714534193066));
#4257=CARTESIAN_POINT('Ctrl Pts',(206.655050486009,9.85858837988548,-211.71819885916));
#4258=CARTESIAN_POINT('Ctrl Pts',(206.274050486009,10.6205883798855,-211.041695059233));
#4259=CARTESIAN_POINT('Ctrl Pts',(206.274050486009,10.6205883798855,-211.212687459378));
#4260=CARTESIAN_POINT('Ctrl Pts',(206.324047174554,10.5205950027961,-211.496603895574));
#4261=CARTESIAN_POINT('Ctrl Pts',(206.484278614701,10.2001321225011,-211.75153094574));
#4262=CARTESIAN_POINT('Ctrl Pts',(206.598053019294,9.97258331331574,-211.803695059233));
#4263=CARTESIAN_POINT('Ctrl Pts',(206.655050486009,9.85858837988548,-211.803695059233));
#4264=CARTESIAN_POINT('',(206.655050486009,9.85858837988549,-211.803695059233));
#4265=CARTESIAN_POINT('Origin',(206.314273726238,9.6882,-211.803695059233));
#4266=CARTESIAN_POINT('',(206.274050486009,10.6205883798855,-211.041695059233));
#4267=CARTESIAN_POINT('Origin',(206.655050486009,9.85858837988548,-211.041695059233));
#4268=CARTESIAN_POINT('Origin',(205.933273726238,10.4502,-211.041695059233));
#4269=CARTESIAN_POINT('Origin',(205.553967916181,11.2088116201145,-211.803695059233));
#4270=CARTESIAN_POINT('',(207.799744675952,7.5692,-211.803695059233));
#4271=CARTESIAN_POINT('Origin',(207.373773726238,7.5692,-211.803695059233));
#4272=CARTESIAN_POINT('',(205.894744675952,11.3792,-211.803695059233));
#4273=CARTESIAN_POINT('Origin',(205.933273726238,10.4502,-194.443119402825));
#4274=CARTESIAN_POINT('',(206.274050486009,10.6205883798855,-194.443119402825));
#4275=CARTESIAN_POINT('Origin',(206.529744675952,10.1092,-177.463543746417));
#4276=CARTESIAN_POINT('',(207.799744675952,7.5692,-214.390695059233));
#4277=CARTESIAN_POINT('',(207.799744675952,7.5692,-214.79996809001));
#4278=CARTESIAN_POINT('',(205.513744675952,12.1412,-212.104695059233));
#4279=CARTESIAN_POINT('',(207.799744675952,7.5692,-214.390695059233));
#4280=CARTESIAN_POINT('',(205.513744675952,12.1412,-201.596695059233));
#4281=CARTESIAN_POINT('',(205.513744675952,12.1412,-192.157119402825));
#4282=CARTESIAN_POINT('',(207.799744675952,7.5692,-199.310695059233));
#4283=CARTESIAN_POINT('',(205.259744675951,12.6492,-201.850695059233));
#4284=CARTESIAN_POINT('',(207.799744675952,7.5692,-214.79996809001));
#4285=CARTESIAN_POINT('Origin',(205.383483615162,10.1092,-213.120695059233));
#4286=CARTESIAN_POINT('',(200.238353084767,7.5692,-214.390695059233));
#4287=CARTESIAN_POINT('',(202.146614145557,12.1412,-212.104695059233));
#4288=CARTESIAN_POINT('Origin',(199.033483615162,10.1092,-200.580695059233));
#4289=CARTESIAN_POINT('',(198.971614145557,12.1412,-201.596695059233));
#4290=CARTESIAN_POINT('',(197.063353084767,7.5692,-199.310695059233));
#4291=CARTESIAN_POINT('Origin',(198.909744675951,12.1412,-206.850695059233));
#4292=CARTESIAN_POINT('Origin',(194.969483615162,7.16773508315546,-172.604693197634));
#4293=CARTESIAN_POINT('',(208.040700432793,2.48919999999999,-168.627938376952));
#4294=CARTESIAN_POINT('',(208.040700432793,7.5692,-172.945938376952));
#4295=CARTESIAN_POINT('',(208.040700432793,5.89773508315547,-171.525193197634));
#4296=CARTESIAN_POINT('',(194.845744675951,7.5692,-172.945938376952));
#4297=CARTESIAN_POINT('',(195.031353084767,7.5692,-172.945938376952));
#4298=CARTESIAN_POINT('',(194.845744675951,2.4892,-168.627938376952));
#4299=CARTESIAN_POINT('',(194.845744675951,18.7623492605859,-182.46011524845));
#4300=CARTESIAN_POINT('',(195.031353084767,2.4892,-168.627938376952));
#4301=CARTESIAN_POINT('Origin',(194.845744675951,2.48919999999999,-225.10114134399));
#4302=CARTESIAN_POINT('',(194.845744675951,7.5692,-221.67214134399));
#4303=CARTESIAN_POINT('',(194.845744675951,7.5692,-16.1690238669873));
#4304=CARTESIAN_POINT('',(194.845744675951,2.48919999999999,-221.67214134399));
#4305=CARTESIAN_POINT('',(194.845744675951,2.48919999999999,-221.67214134399));
#4306=CARTESIAN_POINT('',(194.845744675951,2.48919999999999,-16.1690238669873));
#4307=CARTESIAN_POINT('Origin',(192.813744675952,2.48919999999999,-315.562695059233));
#4308=CARTESIAN_POINT('',(194.845744675951,2.48919999999999,-315.562695059233));
#4309=CARTESIAN_POINT('',(192.813744675952,2.48919999999999,-313.530695059233));
#4310=CARTESIAN_POINT('Origin',(192.813744675952,2.48919999999999,-315.562695059233));
#4311=CARTESIAN_POINT('',(192.813744675952,7.5692,-313.530695059233));
#4312=CARTESIAN_POINT('',(192.813744675952,2.48919999999999,-313.530695059233));
#4313=CARTESIAN_POINT('',(194.845744675951,7.5692,-315.562695059233));
#4314=CARTESIAN_POINT('Origin',(192.813744675952,7.5692,-315.562695059233));
#4315=CARTESIAN_POINT('',(194.845744675951,2.48919999999999,-315.562695059233));
#4316=CARTESIAN_POINT('Origin',(194.845744675951,2.48919999999999,-313.530695059233));
#4317=CARTESIAN_POINT('',(182.145744675952,2.48919999999999,-313.530695059233));
#4318=CARTESIAN_POINT('',(194.845744675951,2.48919999999999,-313.530695059233));
#4319=CARTESIAN_POINT('',(182.145744675952,7.5692,-313.530695059233));
#4320=CARTESIAN_POINT('',(182.145744675952,2.48919999999999,-313.530695059233));
#4321=CARTESIAN_POINT('',(194.845744675951,7.5692,-313.530695059233));
#4322=CARTESIAN_POINT('Origin',(192.813744675952,2.48919999999999,-296.258695059233));
#4323=CARTESIAN_POINT('',(192.813744675952,2.48919999999999,-298.290695059233));
#4324=CARTESIAN_POINT('',(194.845744675951,2.48919999999999,-296.258695059233));
#4325=CARTESIAN_POINT('Origin',(192.813744675952,2.48919999999999,-296.258695059233));
#4326=CARTESIAN_POINT('',(194.845744675951,7.5692,-296.258695059233));
#4327=CARTESIAN_POINT('',(194.845744675951,2.48919999999999,-296.258695059233));
#4328=CARTESIAN_POINT('',(192.813744675952,7.5692,-298.290695059233));
#4329=CARTESIAN_POINT('Origin',(192.813744675952,7.5692,-296.258695059233));
#4330=CARTESIAN_POINT('',(192.813744675952,2.48919999999999,-298.290695059233));
#4331=CARTESIAN_POINT('Origin',(194.845744675951,2.48919999999999,-299.560695059233));
#4332=CARTESIAN_POINT('',(194.845744675951,2.48919999999999,-240.925341343991));
#4333=CARTESIAN_POINT('',(194.845744675951,2.48919999999999,-16.1690238669873));
#4334=CARTESIAN_POINT('',(194.845744675951,7.5692,-240.925341343991));
#4335=CARTESIAN_POINT('',(194.845744675951,2.48919999999999,-240.925341343991));
#4336=CARTESIAN_POINT('',(194.845744675951,7.5692,-16.1690238669873));
#4337=CARTESIAN_POINT('Origin',(192.813744675952,2.48919999999999,-221.67214134399));
#4338=CARTESIAN_POINT('',(192.813744675952,2.48919999999999,-223.70414134399));
#4339=CARTESIAN_POINT('Origin',(192.813744675952,2.48919999999999,-221.67214134399));
#4340=CARTESIAN_POINT('',(192.813744675952,7.5692,-223.70414134399));
#4341=CARTESIAN_POINT('Origin',(192.813744675952,7.5692,-221.67214134399));
#4342=CARTESIAN_POINT('',(192.813744675952,2.48919999999999,-223.70414134399));
#4343=CARTESIAN_POINT('Origin',(192.813744675952,2.48919999999999,-240.925341343991));
#4344=CARTESIAN_POINT('',(192.813744675952,2.48919999999999,-238.893341343991));
#4345=CARTESIAN_POINT('Origin',(192.813744675952,2.48919999999999,-240.925341343991));
#4346=CARTESIAN_POINT('',(192.813744675952,2.48919999999999,-238.893341343991));
#4347=CARTESIAN_POINT('Origin',(192.813744675952,7.5692,-240.925341343991));
#4348=CARTESIAN_POINT('Origin',(194.845744675951,2.48919999999999,-238.893341343991));
#4349=CARTESIAN_POINT('',(182.145744675952,2.48919999999999,-238.893341343991));
#4350=CARTESIAN_POINT('',(194.845744675951,2.48919999999999,-238.893341343991));
#4351=CARTESIAN_POINT('',(182.145744675952,7.5692,-238.893341343991));
#4352=CARTESIAN_POINT('',(182.145744675952,2.48919999999999,-238.893341343991));
#4353=CARTESIAN_POINT('',(194.845744675951,7.5692,-238.893341343991));
#4354=CARTESIAN_POINT('Origin',(195.093222554372,2.48919999999999,-252.136392433602));
#4355=CARTESIAN_POINT('',(194.845744675951,2.48919999999999,-331.311168042328));
#4356=CARTESIAN_POINT('',(194.845744675951,2.48919999999999,-16.1690238669873));
#4357=CARTESIAN_POINT('',(208.040700432793,2.48919999999999,-331.311168042328));
#4358=CARTESIAN_POINT('',(194.845744675951,2.48919999999999,-331.311168042328));
#4359=CARTESIAN_POINT('',(208.040700432793,2.48919999999999,-331.311168042328));
#4360=CARTESIAN_POINT('',(182.145744675952,2.48919999999999,-223.70414134399));
#4361=CARTESIAN_POINT('',(182.145744675952,2.48919999999999,-223.70414134399));
#4362=CARTESIAN_POINT('',(182.145744675952,2.48919999999999,-237.801141343991));
#4363=CARTESIAN_POINT('',(182.145744675952,2.48919999999999,-298.290695059233));
#4364=CARTESIAN_POINT('',(182.145744675952,2.48919999999999,-298.290695059233));
#4365=CARTESIAN_POINT('',(182.145744675952,2.48919999999999,-312.260695059233));
#4366=CARTESIAN_POINT('',(203.625076912062,2.48919999999999,-231.451141343991));
#4367=CARTESIAN_POINT('Origin',(201.326376912062,2.48919999999999,-231.451141343991));
#4368=CARTESIAN_POINT('',(203.494444675951,2.48919999999999,-305.910695059233));
#4369=CARTESIAN_POINT('Origin',(201.195744675952,2.48919999999999,-305.910695059233));
#4370=CARTESIAN_POINT('Origin',(182.145744675952,2.48919999999999,-237.801141343991));
#4371=CARTESIAN_POINT('',(182.145744675952,7.5692,-223.70414134399));
#4372=CARTESIAN_POINT('',(182.145744675952,2.48919999999999,-223.70414134399));
#4373=CARTESIAN_POINT('',(182.145744675952,7.5692,-237.801141343991));
#4374=CARTESIAN_POINT('Origin',(182.145744675952,2.48919999999999,-223.70414134399));
#4375=CARTESIAN_POINT('',(182.145744675952,7.5692,-223.70414134399));
#4376=CARTESIAN_POINT('Origin',(208.040700432793,2.48919999999999,-172.961616824876));
#4377=CARTESIAN_POINT('',(208.040700432793,7.5692,-331.311168042328));
#4378=CARTESIAN_POINT('',(208.040700432793,2.48919999999999,-331.311168042328));
#4379=CARTESIAN_POINT('',(208.040700432793,7.5692,-331.311168042328));
#4380=CARTESIAN_POINT('Origin',(208.040700432793,2.48919999999999,-331.311168042328));
#4381=CARTESIAN_POINT('',(194.845744675951,7.5692,-331.311168042328));
#4382=CARTESIAN_POINT('',(194.845744675951,2.48919999999999,-331.311168042328));
#4383=CARTESIAN_POINT('',(194.845744675951,7.5692,-331.311168042328));
#4384=CARTESIAN_POINT('Origin',(194.845744675951,2.48919999999999,-331.311168042328));
#4385=CARTESIAN_POINT('',(194.845744675951,7.5692,-331.311168042328));
#4386=CARTESIAN_POINT('Origin',(182.145744675952,2.48919999999999,-298.290695059233));
#4387=CARTESIAN_POINT('',(182.145744675952,7.5692,-298.290695059233));
#4388=CARTESIAN_POINT('',(182.145744675952,7.5692,-298.290695059233));
#4389=CARTESIAN_POINT('',(182.145744675952,2.48919999999999,-298.290695059233));
#4390=CARTESIAN_POINT('Origin',(201.326376912062,2.48919999999999,-231.451141343991));
#4391=CARTESIAN_POINT('',(203.625076912062,7.5692,-231.451141343991));
#4392=CARTESIAN_POINT('Origin',(201.326376912062,7.5692,-231.451141343991));
#4393=CARTESIAN_POINT('',(203.625076912062,2.48919999999999,-231.451141343991));
#4394=CARTESIAN_POINT('Origin',(201.195744675952,2.48919999999999,-305.910695059233));
#4395=CARTESIAN_POINT('',(203.494444675951,7.5692,-305.910695059233));
#4396=CARTESIAN_POINT('Origin',(201.195744675952,7.5692,-305.910695059233));
#4397=CARTESIAN_POINT('',(203.494444675951,2.48919999999999,-305.910695059233));
#4398=CARTESIAN_POINT('Origin',(182.145744675952,2.48919999999999,-312.260695059233));
#4399=CARTESIAN_POINT('',(182.145744675952,7.5692,-312.260695059233));
#4400=CARTESIAN_POINT('Origin',(195.093222554372,7.5692,-252.136392433602));
#4401=UNCERTAINTY_MEASURE_WITH_UNIT(LENGTH_MEASURE(0.01),#4405,
'DISTANCE_ACCURACY_VALUE',
'Maximum model space distance between geometric entities at asserted c
onnectivities');
#4402=UNCERTAINTY_MEASURE_WITH_UNIT(LENGTH_MEASURE(0.01),#4405,
'DISTANCE_ACCURACY_VALUE',
'Maximum model space distance between geometric entities at asserted c
onnectivities');
#4403=(
GEOMETRIC_REPRESENTATION_CONTEXT(3)
GLOBAL_UNCERTAINTY_ASSIGNED_CONTEXT((#4401))
GLOBAL_UNIT_ASSIGNED_CONTEXT((#4405,#4407,#4408))
REPRESENTATION_CONTEXT('','3D')
);
#4404=(
GEOMETRIC_REPRESENTATION_CONTEXT(3)
GLOBAL_UNCERTAINTY_ASSIGNED_CONTEXT((#4402))
GLOBAL_UNIT_ASSIGNED_CONTEXT((#4405,#4407,#4408))
REPRESENTATION_CONTEXT('','3D')
);
#4405=(
LENGTH_UNIT()
NAMED_UNIT(*)
SI_UNIT(.MILLI.,.METRE.)
);
#4406=(
LENGTH_UNIT()
NAMED_UNIT(*)
SI_UNIT($,.METRE.)
);
#4407=(
NAMED_UNIT(*)
PLANE_ANGLE_UNIT()
SI_UNIT($,.RADIAN.)
);
#4408=(
NAMED_UNIT(*)
SI_UNIT($,.STERADIAN.)
SOLID_ANGLE_UNIT()
);
#4409=SHAPE_DEFINITION_REPRESENTATION(#4410,#4411);
#4410=PRODUCT_DEFINITION_SHAPE('',$,#4413);
#4411=SHAPE_REPRESENTATION('',(#2213),#4403);
#4412=PRODUCT_DEFINITION_CONTEXT('part definition',#4417,'design');
#4413=PRODUCT_DEFINITION('Cable_Management_A','Cable_Management_A v2',#4414,
#4412);
#4414=PRODUCT_DEFINITION_FORMATION('',$,#4419);
#4415=PRODUCT_RELATED_PRODUCT_CATEGORY('Cable_Management_A v2',
'Cable_Management_A v2',(#4419));
#4416=APPLICATION_PROTOCOL_DEFINITION('international standard',
'automotive_design',2009,#4417);
#4417=APPLICATION_CONTEXT(
'Core Data for Automotive Mechanical Design Process');
#4418=PRODUCT_CONTEXT('part definition',#4417,'mechanical');
#4419=PRODUCT('Cable_Management_A','Cable_Management_A v2',$,(#4418));
#4420=PRESENTATION_STYLE_ASSIGNMENT((#4421));
#4421=SURFACE_STYLE_USAGE(.BOTH.,#4422);
#4422=SURFACE_SIDE_STYLE('',(#4423));
#4423=SURFACE_STYLE_FILL_AREA(#4424);
#4424=FILL_AREA_STYLE('Steel - Satin',(#4425));
#4425=FILL_AREA_STYLE_COLOUR('Steel - Satin',#4426);
#4426=COLOUR_RGB('Steel - Satin',0.627450980392157,0.627450980392157,0.627450980392157);
ENDSEC;
END-ISO-10303-21;
